<mets xmlns="http://www.loc.gov/METS/" xmlns:xlink="http://www.w3.org/1999/xlink">
  <fileSec>
    
    <fileGrp USE="image">
      
        <file ID="image1">
          <FLocat xlink:href="TwoIsmailiTreatises004.jpg"/>
        </file>
      
        <file ID="image2">
          <FLocat xlink:href="TwoIsmailiTreatises005.jpg"/>
        </file>
      
        <file ID="image3">
          <FLocat xlink:href="TwoIsmailiTreatises006.jpg"/>
        </file>
      
        <file ID="image4">
          <FLocat xlink:href="TwoIsmailiTreatises007.jpg"/>
        </file>
      
        <file ID="image5">
          <FLocat xlink:href="TwoIsmailiTreatises008.jpg"/>
        </file>
      
        <file ID="image6">
          <FLocat xlink:href="TwoIsmailiTreatises009.jpg"/>
        </file>
      
        <file ID="image7">
          <FLocat xlink:href="TwoIsmailiTreatises010.jpg"/>
        </file>
      
        <file ID="image8">
          <FLocat xlink:href="TwoIsmailiTreatises011.jpg"/>
        </file>
      
        <file ID="image9">
          <FLocat xlink:href="TwoIsmailiTreatises012.jpg"/>
        </file>
      
        <file ID="image10">
          <FLocat xlink:href="TwoIsmailiTreatises013.jpg"/>
        </file>
      
        <file ID="image11">
          <FLocat xlink:href="TwoIsmailiTreatises014.jpg"/>
        </file>
      
        <file ID="image12">
          <FLocat xlink:href="TwoIsmailiTreatises015.jpg"/>
        </file>
      
        <file ID="image13">
          <FLocat xlink:href="TwoIsmailiTreatises016.jpg"/>
        </file>
      
        <file ID="image14">
          <FLocat xlink:href="TwoIsmailiTreatises017.jpg"/>
        </file>
      
        <file ID="image15">
          <FLocat xlink:href="TwoIsmailiTreatises018.jpg"/>
        </file>
      
        <file ID="image16">
          <FLocat xlink:href="TwoIsmailiTreatises019.jpg"/>
        </file>
      
        <file ID="image17">
          <FLocat xlink:href="TwoIsmailiTreatises020.jpg"/>
        </file>
      
        <file ID="image18">
          <FLocat xlink:href="TwoIsmailiTreatises021.jpg"/>
        </file>
      
        <file ID="image19">
          <FLocat xlink:href="TwoIsmailiTreatises022.jpg"/>
        </file>
      
        <file ID="image20">
          <FLocat xlink:href="TwoIsmailiTreatises023.jpg"/>
        </file>
      
        <file ID="image21">
          <FLocat xlink:href="TwoIsmailiTreatises024.jpg"/>
        </file>
      
        <file ID="image22">
          <FLocat xlink:href="TwoIsmailiTreatises025.jpg"/>
        </file>
      
        <file ID="image23">
          <FLocat xlink:href="TwoIsmailiTreatises026.jpg"/>
        </file>
      
        <file ID="image24">
          <FLocat xlink:href="TwoIsmailiTreatises027.jpg"/>
        </file>
      
        <file ID="image25">
          <FLocat xlink:href="TwoIsmailiTreatises028.jpg"/>
        </file>
      
        <file ID="image26">
          <FLocat xlink:href="TwoIsmailiTreatises029.jpg"/>
        </file>
      
        <file ID="image27">
          <FLocat xlink:href="TwoIsmailiTreatises030.jpg"/>
        </file>
      
        <file ID="image28">
          <FLocat xlink:href="TwoIsmailiTreatises031.jpg"/>
        </file>
      
        <file ID="image29">
          <FLocat xlink:href="TwoIsmailiTreatises032.jpg"/>
        </file>
      
        <file ID="image30">
          <FLocat xlink:href="TwoIsmailiTreatises033.jpg"/>
        </file>
      
        <file ID="image31">
          <FLocat xlink:href="TwoIsmailiTreatises034.jpg"/>
        </file>
      
        <file ID="image32">
          <FLocat xlink:href="TwoIsmailiTreatises035.jpg"/>
        </file>
      
        <file ID="image33">
          <FLocat xlink:href="TwoIsmailiTreatises036.jpg"/>
        </file>
      
        <file ID="image34">
          <FLocat xlink:href="TwoIsmailiTreatises037.jpg"/>
        </file>
      
        <file ID="image35">
          <FLocat xlink:href="TwoIsmailiTreatises038.jpg"/>
        </file>
      
        <file ID="image36">
          <FLocat xlink:href="TwoIsmailiTreatises039.jpg"/>
        </file>
      
        <file ID="image37">
          <FLocat xlink:href="TwoIsmailiTreatises040.jpg"/>
        </file>
      
        <file ID="image38">
          <FLocat xlink:href="TwoIsmailiTreatises041.jpg"/>
        </file>
      
        <file ID="image39">
          <FLocat xlink:href="TwoIsmailiTreatises042.jpg"/>
        </file>
      
        <file ID="image40">
          <FLocat xlink:href="TwoIsmailiTreatises043.jpg"/>
        </file>
      
        <file ID="image41">
          <FLocat xlink:href="TwoIsmailiTreatises044.jpg"/>
        </file>
      
        <file ID="image42">
          <FLocat xlink:href="TwoIsmailiTreatises045.jpg"/>
        </file>
      
        <file ID="image43">
          <FLocat xlink:href="TwoIsmailiTreatises046.jpg"/>
        </file>
      
        <file ID="image44">
          <FLocat xlink:href="TwoIsmailiTreatises047.jpg"/>
        </file>
      
        <file ID="image45">
          <FLocat xlink:href="TwoIsmailiTreatises048.jpg"/>
        </file>
      
        <file ID="image46">
          <FLocat xlink:href="TwoIsmailiTreatises049.jpg"/>
        </file>
      
        <file ID="image47">
          <FLocat xlink:href="TwoIsmailiTreatises050.jpg"/>
        </file>
      
        <file ID="image48">
          <FLocat xlink:href="TwoIsmailiTreatises051.jpg"/>
        </file>
      
        <file ID="image49">
          <FLocat xlink:href="TwoIsmailiTreatises052.jpg"/>
        </file>
      
        <file ID="image50">
          <FLocat xlink:href="TwoIsmailiTreatises053.jpg"/>
        </file>
      
        <file ID="image51">
          <FLocat xlink:href="TwoIsmailiTreatises054.jpg"/>
        </file>
      
        <file ID="image52">
          <FLocat xlink:href="TwoIsmailiTreatises055.jpg"/>
        </file>
      
        <file ID="image53">
          <FLocat xlink:href="TwoIsmailiTreatises056.jpg"/>
        </file>
      
        <file ID="image54">
          <FLocat xlink:href="TwoIsmailiTreatises057.jpg"/>
        </file>
      
        <file ID="image55">
          <FLocat xlink:href="TwoIsmailiTreatises058.jpg"/>
        </file>
      
        <file ID="image56">
          <FLocat xlink:href="TwoIsmailiTreatises059.jpg"/>
        </file>
      
        <file ID="image57">
          <FLocat xlink:href="TwoIsmailiTreatises060.jpg"/>
        </file>
      
        <file ID="image58">
          <FLocat xlink:href="TwoIsmailiTreatises061.jpg"/>
        </file>
      
        <file ID="image59">
          <FLocat xlink:href="TwoIsmailiTreatises062.jpg"/>
        </file>
      
        <file ID="image60">
          <FLocat xlink:href="TwoIsmailiTreatises063.jpg"/>
        </file>
      
        <file ID="image61">
          <FLocat xlink:href="TwoIsmailiTreatises064.jpg"/>
        </file>
      
        <file ID="image62">
          <FLocat xlink:href="TwoIsmailiTreatises065.jpg"/>
        </file>
      
        <file ID="image63">
          <FLocat xlink:href="TwoIsmailiTreatises066.jpg"/>
        </file>
      
        <file ID="image64">
          <FLocat xlink:href="TwoIsmailiTreatises067.jpg"/>
        </file>
      
    </fileGrp>
    
    <fileGrp USE="export">
      
        <file ID="export1">
          <FLocat xlink:href="TwoIsmailiTreatises004.xml"/>
        </file>
      
        <file ID="export2">
          <FLocat xlink:href="TwoIsmailiTreatises005.xml"/>
        </file>
      
        <file ID="export3">
          <FLocat xlink:href="TwoIsmailiTreatises006.xml"/>
        </file>
      
        <file ID="export4">
          <FLocat xlink:href="TwoIsmailiTreatises007.xml"/>
        </file>
      
        <file ID="export5">
          <FLocat xlink:href="TwoIsmailiTreatises008.xml"/>
        </file>
      
        <file ID="export6">
          <FLocat xlink:href="TwoIsmailiTreatises009.xml"/>
        </file>
      
        <file ID="export7">
          <FLocat xlink:href="TwoIsmailiTreatises010.xml"/>
        </file>
      
        <file ID="export8">
          <FLocat xlink:href="TwoIsmailiTreatises011.xml"/>
        </file>
      
        <file ID="export9">
          <FLocat xlink:href="TwoIsmailiTreatises012.xml"/>
        </file>
      
        <file ID="export10">
          <FLocat xlink:href="TwoIsmailiTreatises013.xml"/>
        </file>
      
        <file ID="export11">
          <FLocat xlink:href="TwoIsmailiTreatises014.xml"/>
        </file>
      
        <file ID="export12">
          <FLocat xlink:href="TwoIsmailiTreatises015.xml"/>
        </file>
      
        <file ID="export13">
          <FLocat xlink:href="TwoIsmailiTreatises016.xml"/>
        </file>
      
        <file ID="export14">
          <FLocat xlink:href="TwoIsmailiTreatises017.xml"/>
        </file>
      
        <file ID="export15">
          <FLocat xlink:href="TwoIsmailiTreatises018.xml"/>
        </file>
      
        <file ID="export16">
          <FLocat xlink:href="TwoIsmailiTreatises019.xml"/>
        </file>
      
        <file ID="export17">
          <FLocat xlink:href="TwoIsmailiTreatises020.xml"/>
        </file>
      
        <file ID="export18">
          <FLocat xlink:href="TwoIsmailiTreatises021.xml"/>
        </file>
      
        <file ID="export19">
          <FLocat xlink:href="TwoIsmailiTreatises022.xml"/>
        </file>
      
        <file ID="export20">
          <FLocat xlink:href="TwoIsmailiTreatises023.xml"/>
        </file>
      
        <file ID="export21">
          <FLocat xlink:href="TwoIsmailiTreatises024.xml"/>
        </file>
      
        <file ID="export22">
          <FLocat xlink:href="TwoIsmailiTreatises025.xml"/>
        </file>
      
        <file ID="export23">
          <FLocat xlink:href="TwoIsmailiTreatises026.xml"/>
        </file>
      
        <file ID="export24">
          <FLocat xlink:href="TwoIsmailiTreatises027.xml"/>
        </file>
      
        <file ID="export25">
          <FLocat xlink:href="TwoIsmailiTreatises028.xml"/>
        </file>
      
        <file ID="export26">
          <FLocat xlink:href="TwoIsmailiTreatises029.xml"/>
        </file>
      
        <file ID="export27">
          <FLocat xlink:href="TwoIsmailiTreatises030.xml"/>
        </file>
      
        <file ID="export28">
          <FLocat xlink:href="TwoIsmailiTreatises031.xml"/>
        </file>
      
        <file ID="export29">
          <FLocat xlink:href="TwoIsmailiTreatises032.xml"/>
        </file>
      
        <file ID="export30">
          <FLocat xlink:href="TwoIsmailiTreatises033.xml"/>
        </file>
      
        <file ID="export31">
          <FLocat xlink:href="TwoIsmailiTreatises034.xml"/>
        </file>
      
        <file ID="export32">
          <FLocat xlink:href="TwoIsmailiTreatises035.xml"/>
        </file>
      
        <file ID="export33">
          <FLocat xlink:href="TwoIsmailiTreatises036.xml"/>
        </file>
      
        <file ID="export34">
          <FLocat xlink:href="TwoIsmailiTreatises037.xml"/>
        </file>
      
        <file ID="export35">
          <FLocat xlink:href="TwoIsmailiTreatises038.xml"/>
        </file>
      
        <file ID="export36">
          <FLocat xlink:href="TwoIsmailiTreatises039.xml"/>
        </file>
      
        <file ID="export37">
          <FLocat xlink:href="TwoIsmailiTreatises040.xml"/>
        </file>
      
        <file ID="export38">
          <FLocat xlink:href="TwoIsmailiTreatises041.xml"/>
        </file>
      
        <file ID="export39">
          <FLocat xlink:href="TwoIsmailiTreatises042.xml"/>
        </file>
      
        <file ID="export40">
          <FLocat xlink:href="TwoIsmailiTreatises043.xml"/>
        </file>
      
        <file ID="export41">
          <FLocat xlink:href="TwoIsmailiTreatises044.xml"/>
        </file>
      
        <file ID="export42">
          <FLocat xlink:href="TwoIsmailiTreatises045.xml"/>
        </file>
      
        <file ID="export43">
          <FLocat xlink:href="TwoIsmailiTreatises046.xml"/>
        </file>
      
        <file ID="export44">
          <FLocat xlink:href="TwoIsmailiTreatises047.xml"/>
        </file>
      
        <file ID="export45">
          <FLocat xlink:href="TwoIsmailiTreatises048.xml"/>
        </file>
      
        <file ID="export46">
          <FLocat xlink:href="TwoIsmailiTreatises049.xml"/>
        </file>
      
        <file ID="export47">
          <FLocat xlink:href="TwoIsmailiTreatises050.xml"/>
        </file>
      
        <file ID="export48">
          <FLocat xlink:href="TwoIsmailiTreatises051.xml"/>
        </file>
      
        <file ID="export49">
          <FLocat xlink:href="TwoIsmailiTreatises052.xml"/>
        </file>
      
        <file ID="export50">
          <FLocat xlink:href="TwoIsmailiTreatises053.xml"/>
        </file>
      
        <file ID="export51">
          <FLocat xlink:href="TwoIsmailiTreatises054.xml"/>
        </file>
      
        <file ID="export52">
          <FLocat xlink:href="TwoIsmailiTreatises055.xml"/>
        </file>
      
        <file ID="export53">
          <FLocat xlink:href="TwoIsmailiTreatises056.xml"/>
        </file>
      
        <file ID="export54">
          <FLocat xlink:href="TwoIsmailiTreatises057.xml"/>
        </file>
      
        <file ID="export55">
          <FLocat xlink:href="TwoIsmailiTreatises058.xml"/>
        </file>
      
        <file ID="export56">
          <FLocat xlink:href="TwoIsmailiTreatises059.xml"/>
        </file>
      
        <file ID="export57">
          <FLocat xlink:href="TwoIsmailiTreatises060.xml"/>
        </file>
      
        <file ID="export58">
          <FLocat xlink:href="TwoIsmailiTreatises061.xml"/>
        </file>
      
        <file ID="export59">
          <FLocat xlink:href="TwoIsmailiTreatises062.xml"/>
        </file>
      
        <file ID="export60">
          <FLocat xlink:href="TwoIsmailiTreatises063.xml"/>
        </file>
      
        <file ID="export61">
          <FLocat xlink:href="TwoIsmailiTreatises064.xml"/>
        </file>
      
        <file ID="export62">
          <FLocat xlink:href="TwoIsmailiTreatises065.xml"/>
        </file>
      
        <file ID="export63">
          <FLocat xlink:href="TwoIsmailiTreatises066.xml"/>
        </file>
      
        <file ID="export64">
          <FLocat xlink:href="TwoIsmailiTreatises067.xml"/>
        </file>
      
    </fileGrp>
  </fileSec>
  <structMap TYPE="physical">
    <div TYPE="document">
      
      <div TYPE="page">
        <fptr FILEID="image1"/>
        <fptr FILEID="export1"/>
      </div>
      
      <div TYPE="page">
        <fptr FILEID="image2"/>
        <fptr FILEID="export2"/>
      </div>
      
      <div TYPE="page">
        <fptr FILEID="image3"/>
        <fptr FILEID="export3"/>
      </div>
      
      <div TYPE="page">
        <fptr FILEID="image4"/>
        <fptr FILEID="export4"/>
      </div>
      
      <div TYPE="page">
        <fptr FILEID="image5"/>
        <fptr FILEID="export5"/>
      </div>
      
      <div TYPE="page">
        <fptr FILEID="image6"/>
        <fptr FILEID="export6"/>
      </div>
      
      <div TYPE="page">
        <fptr FILEID="image7"/>
        <fptr FILEID="export7"/>
      </div>
      
      <div TYPE="page">
        <fptr FILEID="image8"/>
        <fptr FILEID="export8"/>
      </div>
      
      <div TYPE="page">
        <fptr FILEID="image9"/>
        <fptr FILEID="export9"/>
      </div>
      
      <div TYPE="page">
        <fptr FILEID="image10"/>
        <fptr FILEID="export10"/>
      </div>
      
      <div TYPE="page">
        <fptr FILEID="image11"/>
        <fptr FILEID="export11"/>
      </div>
      
      <div TYPE="page">
        <fptr FILEID="image12"/>
        <fptr FILEID="export12"/>
      </div>
      
      <div TYPE="page">
        <fptr FILEID="image13"/>
        <fptr FILEID="export13"/>
      </div>
      
      <div TYPE="page">
        <fptr FILEID="image14"/>
        <fptr FILEID="export14"/>
      </div>
      
      <div TYPE="page">
        <fptr FILEID="image15"/>
        <fptr FILEID="export15"/>
      </div>
      
      <div TYPE="page">
        <fptr FILEID="image16"/>
        <fptr FILEID="export16"/>
      </div>
      
      <div TYPE="page">
        <fptr FILEID="image17"/>
        <fptr FILEID="export17"/>
      </div>
      
      <div TYPE="page">
        <fptr FILEID="image18"/>
        <fptr FILEID="export18"/>
      </div>
      
      <div TYPE="page">
        <fptr FILEID="image19"/>
        <fptr FILEID="export19"/>
      </div>
      
      <div TYPE="page">
        <fptr FILEID="image20"/>
        <fptr FILEID="export20"/>
      </div>
      
      <div TYPE="page">
        <fptr FILEID="image21"/>
        <fptr FILEID="export21"/>
      </div>
      
      <div TYPE="page">
        <fptr FILEID="image22"/>
        <fptr FILEID="export22"/>
      </div>
      
      <div TYPE="page">
        <fptr FILEID="image23"/>
        <fptr FILEID="export23"/>
      </div>
      
      <div TYPE="page">
        <fptr FILEID="image24"/>
        <fptr FILEID="export24"/>
      </div>
      
      <div TYPE="page">
        <fptr FILEID="image25"/>
        <fptr FILEID="export25"/>
      </div>
      
      <div TYPE="page">
        <fptr FILEID="image26"/>
        <fptr FILEID="export26"/>
      </div>
      
      <div TYPE="page">
        <fptr FILEID="image27"/>
        <fptr FILEID="export27"/>
      </div>
      
      <div TYPE="page">
        <fptr FILEID="image28"/>
        <fptr FILEID="export28"/>
      </div>
      
      <div TYPE="page">
        <fptr FILEID="image29"/>
        <fptr FILEID="export29"/>
      </div>
      
      <div TYPE="page">
        <fptr FILEID="image30"/>
        <fptr FILEID="export30"/>
      </div>
      
      <div TYPE="page">
        <fptr FILEID="image31"/>
        <fptr FILEID="export31"/>
      </div>
      
      <div TYPE="page">
        <fptr FILEID="image32"/>
        <fptr FILEID="export32"/>
      </div>
      
      <div TYPE="page">
        <fptr FILEID="image33"/>
        <fptr FILEID="export33"/>
      </div>
      
      <div TYPE="page">
        <fptr FILEID="image34"/>
        <fptr FILEID="export34"/>
      </div>
      
      <div TYPE="page">
        <fptr FILEID="image35"/>
        <fptr FILEID="export35"/>
      </div>
      
      <div TYPE="page">
        <fptr FILEID="image36"/>
        <fptr FILEID="export36"/>
      </div>
      
      <div TYPE="page">
        <fptr FILEID="image37"/>
        <fptr FILEID="export37"/>
      </div>
      
      <div TYPE="page">
        <fptr FILEID="image38"/>
        <fptr FILEID="export38"/>
      </div>
      
      <div TYPE="page">
        <fptr FILEID="image39"/>
        <fptr FILEID="export39"/>
      </div>
      
      <div TYPE="page">
        <fptr FILEID="image40"/>
        <fptr FILEID="export40"/>
      </div>
      
      <div TYPE="page">
        <fptr FILEID="image41"/>
        <fptr FILEID="export41"/>
      </div>
      
      <div TYPE="page">
        <fptr FILEID="image42"/>
        <fptr FILEID="export42"/>
      </div>
      
      <div TYPE="page">
        <fptr FILEID="image43"/>
        <fptr FILEID="export43"/>
      </div>
      
      <div TYPE="page">
        <fptr FILEID="image44"/>
        <fptr FILEID="export44"/>
      </div>
      
      <div TYPE="page">
        <fptr FILEID="image45"/>
        <fptr FILEID="export45"/>
      </div>
      
      <div TYPE="page">
        <fptr FILEID="image46"/>
        <fptr FILEID="export46"/>
      </div>
      
      <div TYPE="page">
        <fptr FILEID="image47"/>
        <fptr FILEID="export47"/>
      </div>
      
      <div TYPE="page">
        <fptr FILEID="image48"/>
        <fptr FILEID="export48"/>
      </div>
      
      <div TYPE="page">
        <fptr FILEID="image49"/>
        <fptr FILEID="export49"/>
      </div>
      
      <div TYPE="page">
        <fptr FILEID="image50"/>
        <fptr FILEID="export50"/>
      </div>
      
      <div TYPE="page">
        <fptr FILEID="image51"/>
        <fptr FILEID="export51"/>
      </div>
      
      <div TYPE="page">
        <fptr FILEID="image52"/>
        <fptr FILEID="export52"/>
      </div>
      
      <div TYPE="page">
        <fptr FILEID="image53"/>
        <fptr FILEID="export53"/>
      </div>
      
      <div TYPE="page">
        <fptr FILEID="image54"/>
        <fptr FILEID="export54"/>
      </div>
      
      <div TYPE="page">
        <fptr FILEID="image55"/>
        <fptr FILEID="export55"/>
      </div>
      
      <div TYPE="page">
        <fptr FILEID="image56"/>
        <fptr FILEID="export56"/>
      </div>
      
      <div TYPE="page">
        <fptr FILEID="image57"/>
        <fptr FILEID="export57"/>
      </div>
      
      <div TYPE="page">
        <fptr FILEID="image58"/>
        <fptr FILEID="export58"/>
      </div>
      
      <div TYPE="page">
        <fptr FILEID="image59"/>
        <fptr FILEID="export59"/>
      </div>
      
      <div TYPE="page">
        <fptr FILEID="image60"/>
        <fptr FILEID="export60"/>
      </div>
      
      <div TYPE="page">
        <fptr FILEID="image61"/>
        <fptr FILEID="export61"/>
      </div>
      
      <div TYPE="page">
        <fptr FILEID="image62"/>
        <fptr FILEID="export62"/>
      </div>
      
      <div TYPE="page">
        <fptr FILEID="image63"/>
        <fptr FILEID="export63"/>
      </div>
      
      <div TYPE="page">
        <fptr FILEID="image64"/>
        <fptr FILEID="export64"/>
      </div>
      
    </div>
  </structMap>
</mets>
