<?xml version="1.0" encoding="UTF-8"?>
<alto xmlns:xsi="http://www.w3.org/2001/XMLSchema-instance"
      xmlns="http://www.loc.gov/standards/alto/ns-v4#"
      xsi:schemaLocation="http://www.loc.gov/standards/alto/ns-v4# http://www.loc.gov/standards/alto/v4/alto-4-2.xsd">
  <Description>
    <MeasurementUnit>pixel</MeasurementUnit>
    <sourceImageInformation>
      <fileName>TwoIsmailiTreatises015.jpg</fileName>
      
    </sourceImageInformation>
  </Description>
  
  <Tags>
    <OtherTag ID="BT16074" LABEL="MarginTextZone:commentary" DESCRIPTION="block type MarginTextZone:commentary"/><OtherTag ID="BT16073" LABEL="MarginTextZone:note#1" DESCRIPTION="block type MarginTextZone:note#1"/><OtherTag ID="BT16072" LABEL="MainZone:column#2" DESCRIPTION="block type MainZone:column#2"/><OtherTag ID="BT16071" LABEL="MainZone:column#3" DESCRIPTION="block type MainZone:column#3"/><OtherTag ID="BT16070" LABEL="GraphicZone:illustration" DESCRIPTION="block type GraphicZone:illustration"/><OtherTag ID="BT16069" LABEL="MainZone:column#1" DESCRIPTION="block type MainZone:column#1"/><OtherTag ID="BT16068" LABEL="MarginTextZone:note#2" DESCRIPTION="block type MarginTextZone:note#2"/><OtherTag ID="BT16067" LABEL="CustomZone:publication" DESCRIPTION="block type CustomZone:publication"/><OtherTag ID="BT16066" LABEL="RunningTitleZone" DESCRIPTION="block type RunningTitleZone"/><OtherTag ID="BT16065" LABEL="NumberingZone" DESCRIPTION="block type NumberingZone"/><OtherTag ID="BT16064" LABEL="default" DESCRIPTION="block type default"/><OtherTag ID="BT16063" LABEL="TitlePageZone" DESCRIPTION="block type TitlePageZone"/><OtherTag ID="BT16062" LABEL="NumberingZone:other" DESCRIPTION="block type NumberingZone:other"/><OtherTag ID="BT16061" LABEL="QuireMarksZone:catchwords" DESCRIPTION="block type QuireMarksZone:catchwords"/><OtherTag ID="BT16060" LABEL="MainZone" DESCRIPTION="block type MainZone"/><OtherTag ID="BT16059" LABEL="NumberingZone:page" DESCRIPTION="block type NumberingZone:page"/><OtherTag ID="BT16058" LABEL="MarginTextZone:note" DESCRIPTION="block type MarginTextZone:note"/><OtherTag ID="BT16057" LABEL="DigitizationArtefactZone" DESCRIPTION="block type DigitizationArtefactZone"/><OtherTag ID="BT4" LABEL="Illustration" DESCRIPTION="block type Illustration"/><OtherTag ID="BT3" LABEL="Commentary" DESCRIPTION="block type Commentary"/><OtherTag ID="BT2" LABEL="Main" DESCRIPTION="block type Main"/><OtherTag ID="BT1" LABEL="Title" DESCRIPTION="block type Title"/>
    <OtherTag ID="LT4834" LABEL="DefaultLine" DESCRIPTION="line type DefaultLine"/><OtherTag ID="LT4835" LABEL="HeadingLine:title" DESCRIPTION="line type HeadingLine:title"/>
  </Tags>
  
  <Layout>
    <Page WIDTH="1515"
          HEIGHT="2186"
          PHYSICAL_IMG_NR="11"
          ID="eSc_dummypage_">
      <PrintSpace HPOS="0"
                  VPOS="0"
                  WIDTH="1515"
                  HEIGHT="2186">
        
        <TextBlock HPOS="94"
                   VPOS="247"
                   WIDTH="1092"
                   HEIGHT="1696"
                   ID="eSc_textblock_6391f26a"
                   TAGREFS="BT16060">
          <Shape><Polygon POINTS="123 247 1128 262 1135 632 1186 690 1157 706 1164 1098 1113 1921 661 1943 94 1921 116 828 94 663 123 247"/></Shape>
          
          
          <TextLine ID="eSc_line_0e4c568c"
                    TAGREFS="LT4834"
                    BASELINE="111 333 1088 327" 
                    HPOS="109"
                    VPOS="258"
                    WIDTH="979"
                    HEIGHT="109">
            <Shape><Polygon POINTS="111 333 111 347 127 364 127 366 129 366 131 366 133 367 160 367 160 366 162 366 164 366 164 364 185 346 302 347 320 364 320 366 322 366 324 366 326 366 328 366 377 346 402 366 404 366 406 366 408 366 505 344 510 344 514 344 552 358 554 358 556 358 557 358 559 358 574 347 627 355 628 355 630 355 667 346 672 344 674 346 692 362 692 364 694 364 696 364 698 366 762 366 762 364 763 364 765 364 785 346 791 342 818 346 869 353 871 353 873 353 887 346 889 346 891 346 929 362 931 362 933 362 935 362 980 351 1064 362 1066 362 1068 362 1070 362 1088 349 1088 327 1081 275 1040 289 1002 278 1000 278 999 278 880 289 869 278 851 262 851 260 849 260 847 260 845 260 844 260 818 269 807 260 807 258 805 258 803 258 765 258 763 258 762 258 760 258 727 282 712 293 610 293 599 284 583 273 581 273 579 273 577 273 576 273 574 273 559 286 552 291 543 286 505 264 503 264 501 264 499 264 497 264 497 265 475 286 461 273 461 271 459 271 457 271 455 271 410 276 390 264 388 264 386 264 384 264 382 264 335 289 297 282 278 264 278 262 277 262 275 262 156 262 154 262 153 262 151 262 109 287 111 333"/></Shape>
	    <String CONTENT="زين از جابشود و حکم قيامت از جانشود يعنی شريعت و حلمش ک"
                    HPOS="109"
                    VPOS="258"
                    WIDTH="979"
                    HEIGHT="109"
                    WC="0.8562198953195052"></String>
          </TextLine>

          
          
          <TextLine ID="eSc_line_138c134b"
                    TAGREFS="LT4834"
                    BASELINE="116 429 769 420 1097 426" 
                    HPOS="114"
                    VPOS="360"
                    WIDTH="983"
                    HEIGHT="102">
            <Shape><Polygon POINTS="116 429 116 448 147 462 149 462 151 462 153 462 154 462 154 460 171 448 178 440 311 440 319 444 342 462 344 462 346 462 348 462 419 460 421 460 453 442 457 440 461 442 483 451 484 451 486 451 532 440 543 439 546 440 577 460 579 460 581 460 583 460 585 460 621 451 656 459 658 459 659 459 661 459 683 439 685 437 689 439 711 448 712 448 714 448 716 448 754 439 794 457 796 457 798 457 869 440 918 457 920 457 922 457 924 457 966 439 1000 457 1002 457 1004 457 1006 457 1008 457 1008 455 1024 440 1046 449 1048 449 1050 449 1051 449 1097 431 1097 426 1095 393 1024 380 1022 380 1020 380 1019 380 1004 393 1002 395 942 395 942 393 902 360 900 360 898 360 896 360 895 360 873 371 864 362 864 360 862 360 860 360 816 360 814 360 813 360 811 360 811 362 780 389 751 378 749 378 747 378 745 378 743 378 743 380 729 395 678 369 676 369 674 369 672 369 670 369 647 389 543 388 541 388 539 388 537 388 526 397 412 386 410 386 408 386 386 397 342 377 340 377 339 377 337 377 306 391 271 366 269 366 267 366 156 366 154 366 153 366 151 366 114 395 116 429"/></Shape>
	    <String CONTENT="صاحب شريقتان کرده اند از جاخوابد شد و قايم قيامت و حمش"
                    HPOS="114"
                    VPOS="360"
                    WIDTH="983"
                    HEIGHT="102"
                    WC="0.8515755495539418"></String>
          </TextLine>

          
          
          <TextLine ID="eSc_line_8e808aeb"
                    TAGREFS="LT4834"
                    BASELINE="116 522 1099 530" 
                    HPOS="114"
                    VPOS="466"
                    WIDTH="985"
                    HEIGHT="95">
            <Shape><Polygon POINTS="116 522 114 541 171 555 173 555 175 555 176 555 193 541 200 535 216 541 231 546 233 546 235 546 237 546 238 546 246 541 253 535 260 541 278 555 280 555 282 555 284 557 317 557 317 555 319 555 355 541 366 537 443 537 446 541 455 548 455 550 457 550 459 550 461 550 463 550 486 542 594 557 596 557 597 557 599 557 616 542 652 541 678 539 683 541 740 559 742 559 743 561 844 561 844 559 845 559 847 559 847 557 865 541 917 557 918 557 920 559 984 559 984 557 986 557 988 557 1010 541 1033 561 1035 561 1037 561 1039 561 1040 561 1097 539 1099 530 1099 482 1070 475 1068 475 1066 475 1064 475 1062 475 1062 477 1055 484 1050 488 1031 484 1020 482 1019 482 1017 482 1015 482 1015 484 1013 484 1000 499 962 499 938 484 915 471 913 471 911 471 909 471 884 486 860 497 813 486 789 480 787 480 785 480 767 486 736 495 721 486 698 469 696 469 694 469 692 469 690 469 689 469 661 486 652 493 616 495 545 491 541 488 514 468 512 468 510 468 508 468 506 468 470 480 446 468 444 468 443 468 441 468 391 488 390 490 390 488 368 468 368 466 366 466 364 466 340 466 339 466 337 466 335 466 308 490 306 491 286 491 284 490 260 468 260 466 258 466 257 466 195 466 193 466 191 466 189 466 162 490 162 491 116 491 116 522"/></Shape>
	    <String CONTENT="از جانشود و م موسی واشتش مولانا را مسبجاگويند و می گويند"
                    HPOS="114"
                    VPOS="466"
                    WIDTH="985"
                    HEIGHT="95"
                    WC="0.8607899003795215"></String>
          </TextLine>

          
          
          <TextLine ID="eSc_line_c47c8317"
                    TAGREFS="LT4834"
                    BASELINE="114 635 1090 617" 
                    HPOS="113"
                    VPOS="564"
                    WIDTH="977"
                    HEIGHT="102">
            <Shape><Polygon POINTS="114 635 114 650 133 666 134 666 136 666 138 666 140 666 211 646 264 663 266 663 267 663 269 663 271 663 289 648 304 655 306 655 308 655 408 643 481 643 503 659 505 659 506 659 508 661 574 661 574 659 576 659 577 659 577 657 590 646 605 657 607 657 608 657 610 657 612 657 638 644 696 657 698 657 818 635 838 652 838 653 840 653 842 653 844 655 891 655 891 653 893 653 926 637 951 644 953 644 955 644 957 644 1006 632 1024 644 1026 644 1028 644 1030 644 1031 644 1090 628 1090 617 1082 572 1055 584 1024 573 1019 572 1017 572 1015 572 1013 572 1008 573 984 586 966 577 964 577 962 577 960 577 927 586 917 577 911 573 911 572 909 572 907 572 906 572 904 572 902 572 895 577 882 588 853 579 834 573 833 573 831 573 829 573 813 581 789 590 751 582 740 581 738 581 736 581 727 582 700 590 694 584 678 570 676 570 674 570 672 570 670 570 614 586 588 564 587 564 585 564 583 564 581 564 579 564 556 579 541 566 541 564 539 564 537 564 501 564 499 564 472 566 470 566 468 566 468 568 443 592 439 597 382 597 377 593 340 568 339 568 337 568 311 568 309 568 308 568 306 568 306 570 291 582 207 570 206 570 164 572 162 572 113 599 114 635"/></Shape>
	    <String CONTENT="مسجا به قيامت بيايد و حق را از باطل جدا کند و جمه خلق را برانگيز"
                    HPOS="113"
                    VPOS="564"
                    WIDTH="977"
                    HEIGHT="102"
                    WC="0.8622878827154636"></String>
          </TextLine>

          
          
          <TextLine ID="eSc_line_f226eccf"
                    TAGREFS="LT4834"
                    BASELINE="315 726 1185 721" 
                    HPOS="313"
                    VPOS="653"
                    WIDTH="872"
                    HEIGHT="115">
            <Shape><Polygon POINTS="1170 697 1159 672 1155 670 1154 670 1152 670 1150 670 1148 670 1135 679 1108 655 1108 653 1106 653 1104 653 1064 653 1062 653 1061 653 1059 653 1059 655 1024 686 1022 686 999 666 997 666 995 666 993 666 991 666 955 681 895 653 893 653 891 653 889 653 887 653 867 668 853 657 853 655 851 655 849 655 769 655 767 655 765 655 763 655 718 690 716 692 687 692 687 690 661 668 659 668 658 668 656 668 654 668 597 684 577 668 577 666 576 666 574 666 550 666 548 666 546 666 545 666 545 668 519 692 519 694 472 694 421 694 379 674 377 674 375 674 373 674 371 674 371 675 355 692 313 694 315 726 315 746 386 746 388 746 439 768 441 768 443 768 525 752 599 768 601 768 603 768 632 757 701 766 703 766 705 766 707 766 707 765 727 745 783 766 785 766 787 766 789 766 831 745 889 766 891 766 893 766 895 766 948 743 949 743 975 743 977 743 997 763 997 765 999 765 1000 765 1002 766 1050 766 1050 765 1051 765 1053 765 1088 743 1090 743 1185 743 1185 721 1183 690 1170 697"/></Shape>
	    <String CONTENT="و حکم براستی کند و هر کس را به حق خويشتن برساند"
                    HPOS="313"
                    VPOS="653"
                    WIDTH="872"
                    HEIGHT="115"
                    WC="0.8778955004316695"></String>
          </TextLine>

          
          
          <TextLine ID="eSc_line_5de75163"
                    TAGREFS="LT4834"
                    BASELINE="116 814 962 819" 
                    HPOS="114"
                    VPOS="766"
                    WIDTH="848"
                    HEIGHT="82">
            <Shape><Polygon POINTS="116 814 114 825 173 843 175 843 176 843 340 828 353 839 355 839 357 839 359 839 422 832 443 845 444 845 446 845 448 847 548 847 548 845 550 845 552 845 574 830 610 830 698 847 700 848 831 848 831 847 833 847 834 847 847 836 935 843 937 843 938 843 960 830 962 819 960 781 889 786 873 781 845 770 844 770 791 770 789 770 787 770 760 781 745 786 738 781 729 774 727 774 725 774 659 768 658 768 656 768 654 768 641 777 627 768 625 768 623 768 621 768 505 781 470 785 463 781 446 772 444 772 443 772 441 772 413 779 355 768 353 768 351 768 350 768 328 781 317 772 317 770 315 770 313 770 269 766 267 766 266 766 264 766 264 768 249 781 247 785 169 785 167 783 160 776 160 774 158 774 156 774 154 774 116 781 116 814"/></Shape>
	    <String CONTENT="و در دور ى مولانا را معد خواند با باستيد نا"
                    HPOS="114"
                    VPOS="766"
                    WIDTH="848"
                    HEIGHT="82"
                    WC="0.9103620274122372"></String>
          </TextLine>

          
          
          <TextLine ID="eSc_line_0be02e51"
                    TAGREFS="LT4834"
                    BASELINE="113 916 1099 919" 
                    HPOS="111"
                    VPOS="863"
                    WIDTH="988"
                    HEIGHT="87">
            <Shape><Polygon POINTS="113 916 111 927 242 949 244 949 246 949 247 949 264 936 317 936 333 947 335 947 337 947 339 947 340 947 377 930 417 949 419 949 421 950 561 950 561 949 563 949 599 936 616 950 618 950 619 950 621 950 703 932 769 934 782 947 783 947 785 947 787 947 789 947 807 939 820 950 822 950 824 950 825 950 827 950 856 936 969 950 971 950 973 950 975 950 995 934 1068 941 1070 941 1071 941 1097 930 1099 919 1099 887 1066 865 1064 865 1062 865 1061 865 1059 865 969 887 836 876 834 876 791 885 767 868 765 868 763 868 762 868 760 868 716 885 696 867 696 865 694 865 692 865 690 865 574 885 554 867 554 865 552 865 550 865 526 863 503 863 501 863 499 863 497 863 470 885 468 885 390 863 388 863 386 863 384 863 382 863 348 883 344 887 295 887 293 883 273 865 273 863 271 863 269 863 267 863 113 881 113 916"/></Shape>
	    <String CONTENT="قدس شره فرموده است که حضرت عيسی خواسته بود ک ه مولايا"
                    HPOS="111"
                    VPOS="863"
                    WIDTH="988"
                    HEIGHT="87"
                    WC="0.9347876282233112"></String>
          </TextLine>

          
          
          <TextLine ID="eSc_line_f38803c1"
                    TAGREFS="LT4834"
                    BASELINE="116 1014 1099 1014" 
                    HPOS="116"
                    VPOS="965"
                    WIDTH="983"
                    HEIGHT="82">
            <Shape><Polygon POINTS="116 1014 116 1027 140 1040 142 1040 144 1040 213 1031 231 1045 233 1045 235 1045 237 1045 238 1045 240 1045 262 1029 309 1045 311 1045 313 1047 402 1047 402 1045 404 1045 406 1045 428 1029 545 1045 546 1045 672 1034 698 1045 700 1045 701 1045 703 1045 758 1029 805 1045 807 1045 809 1045 898 1041 900 1041 931 1029 1046 1041 1048 1041 1050 1041 1051 1041 1051 1040 1064 1029 1099 1029 1099 1014 1095 972 1051 985 1022 985 1010 972 1002 967 1002 965 1000 965 999 965 962 965 960 965 958 965 957 965 948 972 927 985 904 985 891 972 886 967 886 965 884 965 882 965 805 965 803 965 802 965 800 965 789 972 771 985 698 985 674 972 658 965 656 965 654 965 652 965 625 972 597 981 506 981 492 972 483 965 481 965 479 965 477 965 475 965 459 972 437 985 371 985 359 972 351 967 350 967 348 967 346 967 344 967 342 967 342 969 337 972 326 983 293 972 278 969 277 969 275 969 273 969 264 972 251 980 246 972 237 967 237 965 235 965 233 965 207 965 206 965 204 965 202 965 202 967 195 972 185 981 176 974 167 965 165 965 164 965 162 965 116 972 116 1014"/></Shape>
	    <String CONTENT="معد را ببيند نگذاشته اند از اين جهت استش را ترسا خوانده انده"
                    HPOS="116"
                    VPOS="965"
                    WIDTH="983"
                    HEIGHT="82"
                    WC="0.8653392369548479"></String>
          </TextLine>

          
          
          <TextLine ID="eSc_line_49a4a73e"
                    TAGREFS="LT4834"
                    BASELINE="123 1109 1102 1113" 
                    HPOS="122"
                    VPOS="1054"
                    WIDTH="980"
                    HEIGHT="90">
            <Shape><Polygon POINTS="123 1109 122 1122 167 1140 169 1140 171 1142 302 1142 302 1140 304 1140 306 1140 329 1123 351 1138 353 1138 355 1138 357 1138 359 1138 404 1123 486 1134 488 1134 490 1134 510 1123 528 1140 530 1140 532 1140 534 1140 645 1125 661 1140 661 1142 663 1142 665 1142 667 1144 703 1144 703 1142 705 1142 707 1142 732 1125 771 1142 772 1142 774 1142 1101 1123 1102 1113 1102 1078 1048 1074 1024 1056 1022 1056 1020 1056 1019 1056 1017 1056 1015 1056 991 1076 962 1058 960 1058 958 1058 957 1058 955 1058 907 1076 884 1056 882 1056 880 1056 840 1056 838 1056 836 1056 834 1056 803 1076 802 1078 751 1078 747 1076 716 1056 714 1056 712 1056 680 1056 678 1056 676 1056 674 1056 649 1076 645 1078 614 1078 610 1076 566 1054 565 1054 506 1054 505 1054 503 1054 501 1054 501 1056 488 1067 446 1054 444 1054 443 1054 441 1054 439 1054 439 1056 426 1069 370 1074 362 1074 360 1074 339 1065 337 1065 335 1065 253 1074 246 1074 244 1074 231 1062 231 1060 229 1060 227 1060 226 1060 224 1060 185 1071 171 1058 169 1058 167 1058 165 1058 164 1058 162 1058 144 1074 142 1074 123 1074 123 1109"/></Shape>
	    <String CONTENT="و در عهد حضرت عی حال بسيار بود که اطاعت امر و قرمان او"
                    HPOS="122"
                    VPOS="1054"
                    WIDTH="980"
                    HEIGHT="90"
                    WC="0.8398316121763654"></String>
          </TextLine>

          
          
          <TextLine ID="eSc_line_2779457b"
                    TAGREFS="LT4834"
                    BASELINE="129 1216 1093 1211" 
                    HPOS="127"
                    VPOS="1144"
                    WIDTH="966"
                    HEIGHT="105">
            <Shape><Polygon POINTS="129 1216 129 1229 169 1247 171 1247 173 1249 233 1249 233 1247 235 1247 237 1247 257 1233 329 1247 331 1247 333 1247 373 1231 415 1231 443 1247 444 1247 446 1247 448 1247 450 1247 499 1229 521 1246 523 1246 525 1246 526 1246 528 1246 561 1236 588 1246 590 1246 592 1246 594 1246 596 1246 612 1235 769 1246 771 1246 772 1246 818 1227 844 1227 860 1242 860 1244 862 1244 864 1244 865 1244 867 1244 869 1244 869 1242 887 1227 944 1236 946 1236 948 1236 979 1227 1055 1244 1057 1244 1059 1244 1093 1224 1093 1211 1090 1144 1064 1144 1062 1144 1061 1144 1059 1144 1059 1145 1031 1171 918 1162 917 1162 915 1162 882 1171 842 1151 825 1144 824 1144 822 1144 820 1144 818 1144 807 1153 793 1165 776 1154 765 1145 763 1145 762 1145 760 1145 703 1156 701 1156 700 1156 667 1145 665 1145 663 1145 661 1145 636 1158 608 1173 587 1160 566 1151 565 1151 563 1151 561 1151 559 1151 559 1153 548 1162 535 1174 510 1174 497 1164 474 1145 472 1145 470 1145 468 1145 466 1145 422 1167 404 1176 371 1176 364 1169 353 1158 353 1156 351 1156 350 1156 348 1156 346 1156 344 1156 335 1164 317 1149 317 1147 315 1147 313 1147 251 1147 249 1147 247 1147 196 1174 127 1176 129 1216"/></Shape>
	    <String CONTENT="نکرده اند و حضرت عيسی می گويد که من پسريگانه خدايم اگر چنين"
                    HPOS="127"
                    VPOS="1144"
                    WIDTH="966"
                    HEIGHT="105"
                    WC="0.9058524754087803"></String>
          </TextLine>

          
          
          <TextLine ID="eSc_line_0a170411"
                    TAGREFS="LT4834"
                    BASELINE="127 1309 1081 1309" 
                    HPOS="127"
                    VPOS="1246"
                    WIDTH="954"
                    HEIGHT="100">
            <Shape><Polygon POINTS="127 1309 127 1326 167 1344 169 1344 171 1346 206 1346 206 1344 207 1344 209 1344 231 1327 266 1344 267 1344 269 1346 308 1346 308 1344 309 1344 311 1344 333 1327 368 1344 370 1344 371 1344 373 1344 428 1327 455 1344 457 1344 459 1344 461 1344 463 1344 499 1335 525 1344 526 1344 528 1344 530 1344 532 1344 550 1331 599 1344 601 1344 603 1344 605 1344 650 1327 652 1327 689 1327 703 1340 703 1342 705 1342 707 1342 709 1342 711 1342 760 1327 763 1327 838 1327 842 1327 865 1344 867 1344 869 1344 871 1344 873 1344 907 1331 931 1344 933 1344 935 1346 1010 1346 1010 1344 1011 1344 1013 1344 1031 1329 1031 1327 1033 1329 1059 1342 1061 1342 1062 1342 1064 1342 1066 1342 1081 1331 1081 1309 1075 1246 1050 1267 1040 1260 1039 1260 1037 1260 1035 1260 1033 1260 1031 1260 1020 1271 1004 1271 980 1247 980 1246 979 1246 977 1246 937 1246 935 1246 933 1246 931 1246 931 1247 929 1247 906 1271 778 1271 751 1258 749 1258 747 1258 745 1258 743 1258 727 1269 681 1249 672 1246 670 1246 616 1246 614 1246 612 1246 597 1249 543 1269 402 1267 382 1251 375 1246 373 1246 371 1246 340 1246 339 1246 337 1246 335 1246 328 1253 315 1262 300 1253 293 1246 291 1246 289 1246 264 1246 262 1246 260 1246 258 1246 251 1253 231 1271 211 1271 191 1253 182 1246 180 1246 178 1246 176 1246 127 1253 127 1309"/></Shape>
	    <String CONTENT="پس بايد که پدر او مردی باشد و گويد من به قيامت بازائم و کار پدر خود"
                    HPOS="127"
                    VPOS="1246"
                    WIDTH="954"
                    HEIGHT="100"
                    WC="0.9072490676360971"></String>
          </TextLine>

          
          
          <TextLine ID="eSc_line_35029573"
                    TAGREFS="LT4834"
                    BASELINE="118 1408 1097 1404" 
                    HPOS="116"
                    VPOS="1337"
                    WIDTH="981"
                    HEIGHT="105">
            <Shape><Polygon POINTS="118 1408 118 1422 164 1422 191 1440 193 1440 195 1440 196 1440 257 1430 267 1439 267 1440 269 1440 271 1440 273 1442 333 1442 333 1440 335 1440 337 1440 360 1422 360 1420 388 1420 419 1422 457 1424 470 1437 472 1437 474 1437 475 1437 525 1426 557 1440 559 1440 561 1440 563 1440 632 1422 634 1422 636 1422 685 1439 687 1439 689 1439 690 1439 742 1422 749 1420 751 1422 772 1439 774 1439 776 1439 778 1439 780 1439 818 1426 867 1439 869 1439 871 1439 873 1439 906 1422 915 1419 951 1419 958 1422 971 1431 973 1431 975 1431 977 1431 1013 1422 1031 1419 1044 1422 1061 1430 1062 1430 1064 1430 1095 1422 1097 1404 1093 1340 960 1337 958 1337 957 1337 955 1337 948 1344 927 1362 889 1362 875 1346 865 1338 865 1337 864 1337 862 1337 834 1337 833 1337 831 1337 829 1337 829 1338 818 1348 802 1364 689 1355 687 1355 603 1366 592 1355 576 1340 576 1338 574 1338 572 1338 570 1338 568 1338 566 1338 539 1357 525 1366 494 1357 483 1355 481 1355 479 1355 477 1355 468 1358 450 1366 441 1358 421 1344 419 1344 417 1344 415 1344 413 1344 393 1353 370 1338 368 1338 366 1338 309 1338 308 1338 306 1338 304 1338 280 1358 260 1344 258 1344 257 1344 255 1344 253 1344 251 1344 222 1366 169 1348 167 1348 165 1348 164 1348 116 1366 118 1408"/></Shape>
	    <String CONTENT="را آشکارا کنم و گويد در قيامت چه کارها خواهم کرد يعنی مولانا"
                    HPOS="116"
                    VPOS="1337"
                    WIDTH="981"
                    HEIGHT="105"
                    WC="0.889255121106007"></String>
          </TextLine>

          
          
          <TextLine ID="eSc_line_1859120d"
                    TAGREFS="LT4834"
                    BASELINE="123 1511 1097 1506" 
                    HPOS="122"
                    VPOS="1444"
                    WIDTH="975"
                    HEIGHT="102">
            <Shape><Polygon POINTS="123 1511 123 1524 160 1539 162 1539 164 1539 165 1539 193 1528 213 1541 215 1541 216 1541 218 1541 220 1541 222 1541 222 1539 240 1524 351 1524 364 1524 391 1546 393 1546 395 1546 397 1546 399 1546 446 1522 479 1544 481 1544 483 1544 484 1544 486 1544 546 1528 579 1544 581 1544 583 1546 623 1546 623 1544 625 1544 627 1544 627 1542 641 1530 661 1544 663 1544 665 1544 667 1546 714 1546 714 1544 716 1544 718 1544 740 1526 765 1544 767 1544 769 1544 771 1544 800 1542 802 1542 803 1542 827 1521 860 1530 862 1530 864 1530 865 1530 867 1530 880 1521 933 1532 935 1532 937 1532 938 1532 948 1524 969 1542 971 1542 973 1542 975 1544 1050 1544 1050 1542 1051 1542 1097 1519 1097 1506 1093 1444 988 1444 986 1444 984 1444 982 1444 980 1448 957 1466 929 1450 924 1444 922 1444 920 1444 875 1444 873 1444 871 1444 869 1444 862 1451 845 1466 822 1453 813 1448 811 1448 809 1448 807 1448 805 1448 798 1453 774 1470 732 1457 731 1457 729 1457 727 1457 725 1457 701 1473 630 1473 616 1460 612 1457 612 1455 610 1455 608 1455 607 1455 605 1455 588 1460 572 1466 568 1460 556 1451 556 1450 554 1450 552 1450 550 1450 548 1450 521 1462 505 1471 488 1464 464 1455 463 1455 461 1455 459 1455 457 1455 443 1466 432 1473 395 1468 362 1462 360 1462 359 1462 346 1470 339 1473 335 1470 319 1455 317 1455 315 1455 313 1455 311 1455 278 1471 277 1473 275 1471 247 1448 246 1448 244 1448 171 1448 169 1448 167 1448 165 1448 122 1471 123 1511"/></Shape>
	    <String CONTENT="قاتم القيامة را هجلق نمايم و قوم او را يعنی امت او را ترسايان گو"
                    HPOS="122"
                    VPOS="1444"
                    WIDTH="975"
                    HEIGHT="102"
                    WC="0.8887508460320532"></String>
          </TextLine>

          
          
          <TextLine ID="eSc_line_cd51cc08"
                    TAGREFS="LT4834"
                    BASELINE="120 1610 1099 1603" 
                    HPOS="118"
                    VPOS="1533"
                    WIDTH="981"
                    HEIGHT="106">
            <Shape><Polygon POINTS="120 1610 120 1623 153 1637 154 1637 156 1639 271 1639 271 1637 273 1637 298 1626 333 1637 335 1637 337 1637 339 1637 340 1637 366 1621 368 1621 371 1621 397 1630 399 1630 401 1630 461 1621 468 1621 470 1621 492 1634 494 1634 495 1634 497 1634 499 1634 515 1621 517 1621 568 1621 603 1635 605 1635 607 1635 674 1621 680 1619 681 1621 709 1634 711 1634 712 1634 714 1634 752 1619 754 1619 756 1619 787 1634 789 1634 791 1634 793 1634 845 1619 853 1617 855 1619 873 1632 875 1632 876 1632 878 1634 951 1634 951 1632 953 1632 955 1632 975 1619 977 1617 984 1619 1053 1632 1055 1632 1057 1632 1099 1617 1099 1603 1097 1561 1017 1539 1015 1539 1013 1539 1011 1539 984 1550 969 1535 969 1533 968 1533 966 1533 937 1533 935 1533 933 1533 931 1533 931 1535 904 1561 849 1561 813 1535 811 1535 809 1535 807 1535 805 1535 732 1561 674 1535 672 1535 670 1535 669 1535 667 1535 628 1562 603 1564 508 1564 479 1539 479 1537 477 1537 475 1537 474 1537 472 1537 426 1553 362 1541 360 1541 359 1541 322 1555 288 1539 286 1539 187 1539 185 1539 184 1539 182 1539 182 1541 153 1566 118 1566 120 1610"/></Shape>
	    <String CONTENT="وايشان گويند آنچه حضرت عيس در دور شريعت بجزوی بگری"
                    HPOS="118"
                    VPOS="1533"
                    WIDTH="981"
                    HEIGHT="106"
                    WC="0.8494755351075939"></String>
          </TextLine>

          
          
          <TextLine ID="eSc_line_6700d800"
                    TAGREFS="LT4834"
                    BASELINE="129 1705 1097 1699" 
                    HPOS="127"
                    VPOS="1632"
                    WIDTH="970"
                    HEIGHT="98">
            <Shape><Polygon POINTS="129 1705 129 1717 147 1730 149 1730 151 1730 153 1730 154 1730 193 1714 306 1730 308 1730 415 1714 446 1730 448 1730 450 1730 506 1728 508 1728 510 1728 510 1726 526 1712 557 1712 603 1712 628 1728 630 1728 632 1728 634 1730 698 1730 698 1728 700 1728 701 1728 701 1726 712 1717 765 1728 767 1728 769 1728 818 1710 840 1710 858 1725 858 1726 860 1726 862 1726 864 1726 966 1710 1030 1710 1062 1726 1064 1726 1066 1726 1068 1726 1070 1726 1097 1708 1097 1699 1092 1657 1011 1661 1006 1657 988 1641 986 1641 984 1641 896 1632 895 1632 893 1632 891 1632 860 1659 796 1641 794 1641 793 1641 791 1641 789 1641 789 1643 769 1661 765 1665 681 1665 676 1661 645 1648 643 1648 641 1648 639 1648 614 1663 610 1665 559 1665 557 1663 514 1634 512 1634 510 1634 450 1634 448 1634 446 1634 364 1665 326 1639 324 1639 322 1639 320 1639 319 1639 317 1639 289 1659 273 1646 273 1644 271 1644 269 1644 267 1644 229 1650 196 1637 195 1637 193 1637 191 1637 127 1665 129 1705"/></Shape>
	    <String CONTENT="مرده را زنده کرد چون به دور قيامت بيايد کی بکند يعنی جمه حلق"
                    HPOS="127"
                    VPOS="1632"
                    WIDTH="970"
                    HEIGHT="98"
                    WC="0.8526107251644135"></String>
          </TextLine>

          
          
          <TextLine ID="eSc_line_6f32c4ff"
                    TAGREFS="LT4834"
                    BASELINE="129 1805 1093 1799" 
                    HPOS="127"
                    VPOS="1739"
                    WIDTH="966"
                    HEIGHT="102">
            <Shape><Polygon POINTS="129 1805 129 1818 165 1828 167 1828 169 1828 171 1828 173 1828 184 1819 209 1839 211 1839 213 1839 215 1839 216 1839 271 1819 297 1839 298 1839 300 1839 302 1839 304 1839 306 1839 337 1818 339 1818 381 1818 402 1838 402 1839 404 1839 406 1839 408 1841 448 1841 448 1839 450 1839 503 1823 523 1838 525 1838 526 1838 528 1839 601 1839 601 1838 603 1838 605 1838 605 1836 627 1818 628 1816 743 1816 747 1818 767 1836 769 1836 771 1836 772 1838 833 1838 833 1836 834 1836 836 1836 836 1834 855 1818 858 1814 911 1818 957 1819 977 1836 979 1836 980 1836 982 1836 984 1836 1026 1818 1030 1816 1090 1816 1093 1799 1090 1748 1004 1739 1002 1739 1000 1739 999 1739 999 1741 989 1750 980 1757 964 1752 962 1752 960 1752 958 1752 937 1763 926 1752 915 1741 915 1739 913 1739 911 1739 824 1739 822 1739 820 1739 818 1739 818 1741 803 1754 802 1756 800 1754 772 1745 771 1745 769 1745 767 1745 765 1745 754 1756 742 1767 685 1767 676 1757 663 1745 663 1743 661 1743 659 1743 658 1743 656 1743 630 1756 621 1746 619 1746 618 1746 616 1746 614 1746 612 1746 596 1759 590 1763 583 1759 545 1741 543 1741 541 1741 539 1741 537 1741 514 1761 510 1765 495 1761 466 1754 464 1754 463 1754 461 1754 459 1754 446 1763 441 1767 422 1763 386 1756 384 1756 382 1756 381 1756 370 1765 364 1767 328 1767 326 1765 302 1754 300 1754 298 1754 216 1767 165 1754 164 1754 162 1754 160 1754 127 1767 129 1805"/></Shape>
	    <String CONTENT="زنده گرداند و حکم قياست را نمام ب نجام رسامد و ياورپد رجود"
                    HPOS="127"
                    VPOS="1739"
                    WIDTH="966"
                    HEIGHT="102"
                    WC="0.8598333242638357"></String>
          </TextLine>

          
          
          <TextLine ID="eSc_line_6ca39074"
                    TAGREFS="LT4834"
                    BASELINE="129 1899 1095 1894" 
                    HPOS="127"
                    VPOS="1830"
                    WIDTH="968"
                    HEIGHT="106">
            <Shape><Polygon POINTS="129 1899 131 1934 165 1916 182 1925 184 1925 185 1925 187 1925 211 1916 238 1932 238 1934 240 1934 242 1934 244 1936 320 1936 320 1934 322 1934 324 1934 324 1932 326 1932 339 1920 379 1932 390 1934 391 1934 393 1934 395 1934 404 1930 452 1914 539 1930 559 1932 561 1932 563 1932 576 1929 605 1921 625 1929 636 1932 638 1932 639 1932 802 1930 803 1930 805 1930 805 1929 809 1927 825 1912 873 1912 891 1925 891 1927 893 1927 895 1927 896 1927 898 1927 900 1927 900 1925 922 1912 979 1921 980 1921 1062 1912 1092 1923 1095 1894 1093 1852 1059 1843 1057 1843 1055 1843 1053 1843 1051 1843 1051 1845 1042 1852 1039 1858 991 1858 984 1852 944 1832 942 1832 940 1832 938 1832 937 1832 909 1848 869 1830 867 1830 865 1830 864 1830 791 1856 789 1856 787 1856 771 1845 769 1845 767 1845 765 1845 763 1845 762 1845 747 1856 743 1859 701 1859 696 1856 614 1832 612 1832 610 1832 608 1832 607 1832 607 1834 579 1858 577 1858 508 1852 483 1836 481 1836 479 1836 477 1836 475 1836 474 1836 443 1859 441 1861 399 1861 386 1861 359 1836 359 1834 357 1834 355 1834 304 1834 302 1834 300 1834 257 1858 224 1834 222 1834 220 1834 162 1834 160 1834 158 1834 156 1834 127 1858 129 1899"/></Shape>
	    <String CONTENT="باشد و ملمانان هم برين مطلب خود مفرند و گويد که"
                    HPOS="127"
                    VPOS="1830"
                    WIDTH="968"
                    HEIGHT="106"
                    WC="0.9295635502389137"></String>
          </TextLine>

          
        </TextBlock>
        
        <TextBlock HPOS="561"
                   VPOS="160"
                   WIDTH="108"
                   HEIGHT="78"
                   ID="eSc_textblock_40683b3d"
                   TAGREFS="BT16059">
          <Shape><Polygon POINTS="576 160 669 174 669 224 561 238 576 160"/></Shape>
          
          
          <TextLine ID="eSc_line_b37fcbd3"
                    TAGREFS="LT4834"
                    BASELINE="579 211 627 207" 
                    HPOS="574"
                    VPOS="163"
                    WIDTH="53"
                    HEIGHT="70">
            <Shape><Polygon POINTS="579 211 579 233 627 229 627 207 623 169 574 163 579 211"/></Shape>
	    <String CONTENT=""
                    HPOS="574"
                    VPOS="163"
                    WIDTH="53"
                    HEIGHT="70"></String>
          </TextLine>

          
        </TextBlock>
        
        <TextBlock HPOS="525"
                   VPOS="1945"
                   WIDTH="136"
                   HEIGHT="86"
                   ID="eSc_textblock_71d68793"
                   TAGREFS="BT16061">
          <Shape><Polygon POINTS="554 1945 647 1952 661 2031 539 2016 525 1967 554 1945"/></Shape>
          
          
          <TextLine ID="eSc_line_c410cbb0"
                    TAGREFS="LT4834"
                    BASELINE="563 1996 658 1991" 
                    HPOS="559"
                    VPOS="1947"
                    WIDTH="99"
                    HEIGHT="82">
            <Shape><Polygon POINTS="652 1987 632 1951 623 1949 614 1949 596 1947 581 1947 559 1960 563 1996 563 2020 614 2029 616 2029 618 2029 658 2018 658 1991 654 1956 652 1954 652 1987"/></Shape>
	    <String CONTENT="عضرت"
                    HPOS="559"
                    VPOS="1947"
                    WIDTH="99"
                    HEIGHT="82"
                    WC="0.9467353969812393"></String>
          </TextLine>

          
        </TextBlock>
        
        <TextBlock HPOS="1152"
                   VPOS="706"
                   WIDTH="27"
                   HEIGHT="13"
                   ID="eSc_textblock_d2d65bf6"
                   TAGREFS="BT16062">
          <Shape><Polygon POINTS="1152 706 1179 706 1179 712 1159 719 1152 706"/></Shape>
          
        </TextBlock>
        

        
      </PrintSpace>
    </Page>
  </Layout>
</alto>
