<?xml version="1.0" encoding="UTF-8"?>
<alto xmlns:xsi="http://www.w3.org/2001/XMLSchema-instance"
      xmlns="http://www.loc.gov/standards/alto/ns-v4#"
      xsi:schemaLocation="http://www.loc.gov/standards/alto/ns-v4# http://www.loc.gov/standards/alto/v4/alto-4-2.xsd">
  <Description>
    <MeasurementUnit>pixel</MeasurementUnit>
    <sourceImageInformation>
      <fileName>TwoIsmailiTreatises018.jpg</fileName>
      
    </sourceImageInformation>
  </Description>
  
  <Tags>
    <OtherTag ID="BT16074" LABEL="MarginTextZone:commentary" DESCRIPTION="block type MarginTextZone:commentary"/><OtherTag ID="BT16073" LABEL="MarginTextZone:note#1" DESCRIPTION="block type MarginTextZone:note#1"/><OtherTag ID="BT16072" LABEL="MainZone:column#2" DESCRIPTION="block type MainZone:column#2"/><OtherTag ID="BT16071" LABEL="MainZone:column#3" DESCRIPTION="block type MainZone:column#3"/><OtherTag ID="BT16070" LABEL="GraphicZone:illustration" DESCRIPTION="block type GraphicZone:illustration"/><OtherTag ID="BT16069" LABEL="MainZone:column#1" DESCRIPTION="block type MainZone:column#1"/><OtherTag ID="BT16068" LABEL="MarginTextZone:note#2" DESCRIPTION="block type MarginTextZone:note#2"/><OtherTag ID="BT16067" LABEL="CustomZone:publication" DESCRIPTION="block type CustomZone:publication"/><OtherTag ID="BT16066" LABEL="RunningTitleZone" DESCRIPTION="block type RunningTitleZone"/><OtherTag ID="BT16065" LABEL="NumberingZone" DESCRIPTION="block type NumberingZone"/><OtherTag ID="BT16064" LABEL="default" DESCRIPTION="block type default"/><OtherTag ID="BT16063" LABEL="TitlePageZone" DESCRIPTION="block type TitlePageZone"/><OtherTag ID="BT16062" LABEL="NumberingZone:other" DESCRIPTION="block type NumberingZone:other"/><OtherTag ID="BT16061" LABEL="QuireMarksZone:catchwords" DESCRIPTION="block type QuireMarksZone:catchwords"/><OtherTag ID="BT16060" LABEL="MainZone" DESCRIPTION="block type MainZone"/><OtherTag ID="BT16059" LABEL="NumberingZone:page" DESCRIPTION="block type NumberingZone:page"/><OtherTag ID="BT16058" LABEL="MarginTextZone:note" DESCRIPTION="block type MarginTextZone:note"/><OtherTag ID="BT16057" LABEL="DigitizationArtefactZone" DESCRIPTION="block type DigitizationArtefactZone"/><OtherTag ID="BT4" LABEL="Illustration" DESCRIPTION="block type Illustration"/><OtherTag ID="BT3" LABEL="Commentary" DESCRIPTION="block type Commentary"/><OtherTag ID="BT2" LABEL="Main" DESCRIPTION="block type Main"/><OtherTag ID="BT1" LABEL="Title" DESCRIPTION="block type Title"/>
    <OtherTag ID="LT4834" LABEL="DefaultLine" DESCRIPTION="line type DefaultLine"/><OtherTag ID="LT4835" LABEL="HeadingLine:title" DESCRIPTION="line type HeadingLine:title"/>
  </Tags>
  
  <Layout>
    <Page WIDTH="1439"
          HEIGHT="2160"
          PHYSICAL_IMG_NR="14"
          ID="eSc_dummypage_">
      <PrintSpace HPOS="0"
                  VPOS="0"
                  WIDTH="1439"
                  HEIGHT="2160">
        
        <TextBlock HPOS="360"
                   VPOS="237"
                   WIDTH="1050"
                   HEIGHT="1683"
                   ID="eSc_textblock_a32c1444"
                   TAGREFS="BT16060">
          <Shape><Polygon POINTS="576 237 1287 237 1410 259 1388 316 1402 1697 1359 1906 756 1920 403 1891 374 1819 360 1243 367 288 410 244 576 237"/></Shape>
          
          
          <TextLine ID="eSc_line_b046cca4"
                    TAGREFS="LT4834"
                    BASELINE="316 315 383 324 844 322 1338 306" 
                    HPOS="316"
                    VPOS="255"
                    WIDTH="1022"
                    HEIGHT="112">
            <Shape><Polygon POINTS="316 343 371 343 372 343 403 363 405 363 407 363 408 365 493 365 493 363 495 363 497 363 520 345 542 361 543 361 545 361 547 361 549 361 551 361 567 349 585 363 585 365 587 365 588 365 590 367 619 367 619 365 659 363 660 363 662 363 691 338 724 361 725 361 727 361 729 361 731 361 779 342 832 342 920 360 922 360 958 358 959 358 961 358 961 356 988 333 1067 356 1069 356 1071 356 1073 356 1075 356 1104 338 1161 340 1163 340 1165 340 1185 329 1219 354 1221 354 1222 354 1224 354 1226 354 1228 354 1267 327 1336 324 1338 306 1329 262 1318 270 1311 262 1303 257 1303 255 1302 255 1300 255 1242 255 1240 255 1201 264 1129 280 1109 264 1107 262 1105 262 1104 262 1102 262 1100 262 1098 262 1096 264 1075 280 1004 268 1003 268 914 286 900 275 898 275 896 275 895 275 893 275 869 286 851 275 850 275 848 275 846 275 844 275 812 289 745 289 711 271 709 271 707 271 705 271 704 271 682 291 583 291 518 271 516 271 466 270 412 270 410 270 408 270 407 270 380 289 318 271 316 315 316 343"/></Shape>
	    <String CONTENT="مكرد و دعای بيعمير در روز عدير خم و آيهاى قرآن"
                    HPOS="316"
                    VPOS="255"
                    WIDTH="1022"
                    HEIGHT="112"
                    WC="0.8835329475502173"></String>
          </TextLine>

          
          
          <TextLine ID="eSc_line_8fd4c760"
                    TAGREFS="LT4834"
                    BASELINE="376 421 1359 414" 
                    HPOS="374"
                    VPOS="360"
                    WIDTH="985"
                    HEIGHT="90">
            <Shape><Polygon POINTS="376 421 376 437 414 433 428 439 455 450 457 450 459 450 461 450 498 439 502 437 506 439 531 448 533 448 534 448 536 448 538 448 538 446 547 437 551 435 560 437 619 450 621 450 691 435 713 432 722 435 749 448 751 448 752 450 868 450 868 448 869 448 871 448 893 433 898 430 913 433 949 441 950 441 952 441 977 432 986 430 1015 432 1114 439 1116 439 1118 439 1147 430 1154 428 1158 430 1170 439 1172 439 1174 439 1271 444 1273 444 1275 444 1276 444 1276 442 1291 428 1357 426 1359 414 1352 360 1294 383 1267 363 1266 363 1264 363 1262 363 1186 381 1163 361 1161 361 1159 361 1158 361 1156 361 1154 361 1154 363 1131 385 1107 387 1044 387 1022 370 1021 370 1019 370 1017 370 1015 370 988 385 968 370 967 370 965 370 963 370 961 370 916 385 893 365 891 365 889 365 887 365 886 365 842 387 796 378 794 378 736 387 714 372 713 372 711 372 709 372 707 372 705 372 705 374 693 387 651 387 610 369 601 365 599 365 551 365 549 365 547 365 545 365 542 369 516 390 488 390 466 370 461 365 459 365 457 365 455 365 374 370 376 421"/></Shape>
	    <String CONTENT="که در حق آودارد شده است بيان فرمودند مشهورست که روزی مشکد"
                    HPOS="374"
                    VPOS="360"
                    WIDTH="985"
                    HEIGHT="90"
                    WC="0.8782878297156301"></String>
          </TextLine>

          
          
          <TextLine ID="eSc_line_76c4a77f"
                    TAGREFS="LT4834"
                    BASELINE="383 525 1365 514" 
                    HPOS="381"
                    VPOS="451"
                    WIDTH="984"
                    HEIGHT="107">
            <Shape><Polygon POINTS="383 525 383 545 396 556 398 556 399 556 401 558 452 558 452 556 453 556 455 556 479 540 513 552 515 552 516 552 518 552 547 540 551 538 552 540 583 550 585 550 587 550 588 550 626 540 707 554 709 554 922 534 932 534 934 534 976 550 977 550 979 550 981 550 1019 541 1031 550 1033 550 1035 550 1037 550 1039 550 1105 532 1109 532 1113 532 1190 543 1192 543 1264 532 1293 547 1294 547 1296 547 1298 547 1365 529 1365 514 1361 477 1303 464 1302 464 1300 464 1298 464 1298 466 1287 477 1251 477 1203 451 1201 451 1199 451 1197 451 1195 451 1163 478 1107 478 1057 457 1055 457 1053 457 1051 457 1049 457 1021 475 999 455 997 455 995 455 958 455 956 455 954 455 900 478 859 469 857 469 855 469 835 478 815 459 815 457 814 457 812 457 781 457 779 457 778 457 776 457 776 459 752 482 740 482 675 482 651 460 651 459 650 459 648 459 599 459 597 459 596 459 594 459 594 460 574 480 524 482 455 460 453 460 452 460 450 460 448 460 448 462 426 484 398 471 396 471 394 471 392 471 390 471 381 477 383 525"/></Shape>
	    <String CONTENT="عليه اللعنه يعنی آن سگ ملعون گريبان مبارک مولانا علی را"
                    HPOS="381"
                    VPOS="451"
                    WIDTH="984"
                    HEIGHT="107"
                    WC="0.8738273552485875"></String>
          </TextLine>

          
          
          <TextLine ID="eSc_line_8a1c053f"
                    TAGREFS="LT4834"
                    BASELINE="380 619 1357 619" 
                    HPOS="380"
                    VPOS="558"
                    WIDTH="977"
                    HEIGHT="93">
            <Shape><Polygon POINTS="380 619 380 631 414 649 416 649 417 651 464 651 464 649 466 649 468 649 480 639 531 649 533 649 534 649 572 637 608 649 610 649 612 649 614 649 615 649 635 633 666 648 668 648 669 648 671 648 711 633 745 649 747 649 749 649 803 648 805 648 806 648 828 633 860 633 875 646 875 648 877 648 878 648 880 648 882 648 884 648 896 640 905 648 905 649 907 649 909 649 911 651 1004 651 1004 649 1006 649 1008 649 1030 633 1080 633 1098 648 1100 648 1102 648 1104 648 1105 648 1143 633 1318 648 1320 648 1321 648 1357 631 1357 619 1352 558 1309 588 1271 588 1258 576 1258 574 1257 574 1255 574 1253 574 1251 574 1249 574 1249 576 1235 588 1170 588 1141 570 1140 570 1138 570 1136 570 1134 570 1073 586 1031 568 1012 559 1010 559 1008 559 1006 559 1004 559 994 568 981 581 907 586 893 572 891 572 891 570 889 570 887 570 886 570 884 570 875 572 841 583 826 574 801 558 799 558 797 558 702 558 700 558 698 558 696 558 696 559 677 579 668 588 653 588 641 579 630 572 628 572 626 572 624 572 576 581 569 583 567 583 520 558 518 558 448 558 446 558 444 558 380 586 380 619"/></Shape>
	    <String CONTENT="گرفه بود و به بيعت اولی برد و سلمان گفت ای فلان آن ست"
                    HPOS="380"
                    VPOS="558"
                    WIDTH="977"
                    HEIGHT="93"
                    WC="0.8389825837479697"></String>
          </TextLine>

          
          
          <TextLine ID="eSc_line_ba958346"
                    TAGREFS="LT4834"
                    BASELINE="390 721 1361 718" 
                    HPOS="389"
                    VPOS="653"
                    WIDTH="972"
                    HEIGHT="103">
            <Shape><Polygon POINTS="390 721 390 734 444 747 446 747 448 747 470 734 498 754 500 754 502 754 504 756 596 756 596 754 597 754 632 734 646 748 646 750 648 750 650 750 693 754 695 754 696 754 698 754 698 752 713 739 725 747 727 747 729 747 731 747 754 734 848 754 850 754 851 754 923 732 929 732 956 732 963 732 986 752 988 752 990 752 992 754 1030 754 1030 752 1031 752 1071 732 1087 743 1089 743 1091 743 1093 743 1159 732 1161 732 1185 752 1186 752 1188 752 1190 752 1192 752 1246 732 1280 745 1282 745 1284 745 1359 730 1361 718 1352 653 1311 684 1251 684 1212 666 1210 666 1208 666 1206 666 1149 682 1113 655 1113 653 1111 653 1109 653 1048 653 1046 653 1044 653 1042 653 1042 655 1001 680 974 655 974 653 972 653 970 653 949 653 947 653 945 653 943 653 943 655 914 680 907 675 905 675 904 675 902 675 900 675 869 684 835 675 833 675 832 675 830 675 803 684 774 657 774 655 772 655 770 655 769 655 767 655 765 655 725 684 702 667 700 667 698 667 696 667 695 667 693 667 678 676 668 667 668 666 666 666 664 666 662 666 660 666 659 666 632 684 540 684 525 671 525 669 524 669 522 669 520 669 518 669 482 680 457 657 457 655 455 655 453 655 452 655 389 655 390 721"/></Shape>
	    <String CONTENT="که تو در حق او غلو می کنی و اکنون بدين ذليلی اش بيبری و سلمان"
                    HPOS="389"
                    VPOS="653"
                    WIDTH="972"
                    HEIGHT="103"
                    WC="0.8290712535381317"></String>
          </TextLine>

          
          
          <TextLine ID="eSc_line_68acf9a5"
                    TAGREFS="LT4834"
                    BASELINE="381 813 1357 808" 
                    HPOS="380"
                    VPOS="748"
                    WIDTH="977"
                    HEIGHT="99">
            <Shape><Polygon POINTS="381 813 381 831 398 846 399 846 401 846 403 847 484 847 484 846 486 846 488 846 513 826 569 846 570 846 572 847 605 847 605 846 606 846 608 846 624 831 653 846 655 846 657 847 705 847 705 846 787 828 851 844 853 844 855 844 857 844 859 844 880 826 900 844 902 844 904 844 905 846 954 846 954 844 956 844 990 826 1024 840 1026 840 1028 840 1030 840 1069 822 1194 822 1210 835 1210 837 1212 837 1213 837 1215 837 1217 837 1249 822 1329 829 1330 829 1332 829 1357 819 1357 808 1356 772 1330 756 1329 756 1327 756 1325 756 1195 772 1159 768 1140 750 1140 748 1138 748 1136 748 1089 748 1087 748 1086 748 1084 748 1084 750 1060 772 1030 772 1010 752 1010 750 1008 750 1006 750 1004 750 1003 750 1001 750 965 772 918 750 916 750 914 750 913 750 868 772 833 750 832 750 830 750 788 750 787 750 785 750 783 750 754 774 702 766 700 766 698 766 675 775 642 752 641 752 639 752 637 752 635 752 585 766 569 754 569 752 567 752 565 752 563 752 561 752 560 752 525 777 466 777 435 752 434 752 432 752 410 752 408 752 407 752 405 752 405 754 380 774 381 813"/></Shape>
	    <String CONTENT="را طاقت نماند و گفت که اين شخص را که تو بدين ديلی اش بيری"
                    HPOS="380"
                    VPOS="748"
                    WIDTH="977"
                    HEIGHT="99"
                    WC="0.8702101717915451"></String>
          </TextLine>

          
          
          <TextLine ID="eSc_line_4f5913f9"
                    TAGREFS="LT4834"
                    BASELINE="381 909 1354 914" 
                    HPOS="380"
                    VPOS="847"
                    WIDTH="974"
                    HEIGHT="98">
            <Shape><Polygon POINTS="381 909 380 927 396 939 398 939 399 939 401 939 538 925 641 939 642 939 704 925 743 941 745 941 747 943 853 943 853 941 932 927 1006 941 1008 941 1010 941 1012 941 1030 927 1064 943 1066 943 1067 943 1069 943 1109 930 1123 943 1125 943 1127 943 1129 945 1167 945 1167 943 1168 943 1201 928 1221 943 1222 943 1224 943 1226 943 1228 943 1230 943 1246 930 1282 943 1284 943 1285 943 1352 927 1354 914 1352 851 1217 851 1215 851 1213 851 1212 851 1212 853 1210 853 1195 869 1172 860 1170 860 1168 860 1167 860 1140 874 1109 855 1104 851 1102 851 1100 851 1098 851 1044 853 1042 853 1040 853 1037 856 1012 871 983 860 981 860 979 860 977 860 976 860 976 862 963 874 887 874 848 860 837 856 835 856 833 856 832 856 824 860 799 873 769 862 751 855 749 855 747 855 745 855 725 862 702 873 641 873 633 864 626 858 626 856 624 856 623 856 621 856 552 865 511 871 495 867 428 847 426 847 425 847 423 847 381 867 381 909"/></Shape>
	    <String CONTENT="اگر بخواهد ه اين را برآن زند و آن را برين ميتواند اشارت برزين"
                    HPOS="380"
                    VPOS="847"
                    WIDTH="974"
                    HEIGHT="98"
                    WC="0.8294431254977271"></String>
          </TextLine>

          
          
          <TextLine ID="eSc_line_b699ec08"
                    TAGREFS="LT4834"
                    BASELINE="940 1098 1354 1105" 
                    HPOS="938"
                    VPOS="1042"
                    WIDTH="416"
                    HEIGHT="93">
            <Shape><Polygon POINTS="940 1098 938 1110 986 1130 988 1130 1042 1132 1044 1132 1192 1116 1213 1132 1215 1132 1217 1132 1298 1135 1300 1135 1302 1135 1303 1135 1303 1134 1318 1119 1352 1116 1354 1105 1354 1072 1271 1062 1269 1062 1267 1062 1249 1067 1242 1069 1239 1065 1217 1045 1217 1044 1215 1044 1213 1044 1212 1044 1210 1044 1208 1044 1177 1063 1172 1067 1165 1063 1129 1042 1127 1042 1075 1042 1073 1042 1071 1042 1037 1056 1017 1065 940 1053 940 1098"/></Shape>
	    <String CONTENT="نه هر چه بدانند بگويند"
                    HPOS="938"
                    VPOS="1042"
                    WIDTH="416"
                    HEIGHT="93"
                    WC="0.934097409248352"></String>
          </TextLine>

          
          
          <TextLine ID="eSc_line_1705da7e"
                    TAGREFS="LT4834"
                    BASELINE="385 1204 1197 1198" 
                    HPOS="383"
                    VPOS="1132"
                    WIDTH="814"
                    HEIGHT="102">
            <Shape><Polygon POINTS="385 1204 385 1213 441 1233 443 1233 444 1234 498 1234 498 1233 500 1233 543 1215 574 1233 576 1233 578 1233 579 1233 581 1233 583 1233 610 1215 621 1215 653 1213 662 1215 686 1222 687 1222 689 1222 691 1222 718 1215 727 1213 729 1215 747 1231 749 1231 751 1231 752 1231 754 1231 785 1215 788 1213 792 1215 814 1231 815 1231 817 1231 819 1231 884 1216 940 1229 941 1231 1008 1231 1008 1229 1010 1229 1012 1229 1012 1227 1024 1216 1028 1213 1039 1216 1082 1229 1084 1229 1086 1229 1087 1229 1114 1216 1129 1211 1147 1216 1167 1224 1168 1224 1170 1224 1172 1224 1197 1216 1197 1198 1195 1155 1158 1132 1156 1132 1154 1132 1152 1132 1150 1132 1095 1153 1067 1132 1066 1132 1064 1132 949 1132 947 1132 945 1132 943 1132 902 1159 817 1159 787 1146 785 1146 783 1146 781 1146 779 1146 779 1148 769 1159 736 1159 700 1141 698 1141 696 1141 695 1141 646 1161 594 1161 579 1146 579 1144 578 1144 576 1144 574 1144 572 1144 556 1150 516 1135 515 1135 513 1135 511 1135 455 1159 410 1135 408 1135 407 1135 405 1135 403 1135 403 1137 383 1155 385 1204"/></Shape>
	    <String CONTENT="و مطلب ديگر لهيک زدن عبد الله سبا به خدانی مولانا"
                    HPOS="383"
                    VPOS="1132"
                    WIDTH="814"
                    HEIGHT="102"
                    WC="0.875071548077525"></String>
          </TextLine>

          
          
          <TextLine ID="eSc_line_a83d145a"
                    TAGREFS="LT4834"
                    BASELINE="389 1301 1347 1296" 
                    HPOS="387"
                    VPOS="1234"
                    WIDTH="960"
                    HEIGHT="99">
            <Shape><Polygon POINTS="389 1301 389 1312 428 1324 430 1324 432 1324 497 1315 515 1326 516 1326 518 1326 520 1326 522 1326 549 1314 612 1326 614 1326 660 1315 677 1330 677 1332 678 1332 680 1332 682 1333 705 1333 705 1332 707 1332 709 1332 740 1312 974 1330 976 1330 1053 1314 1073 1321 1075 1321 1076 1321 1078 1321 1080 1321 1096 1310 1168 1310 1186 1326 1186 1328 1188 1328 1190 1328 1192 1330 1228 1330 1228 1328 1230 1328 1231 1328 1258 1310 1276 1326 1276 1328 1278 1328 1280 1328 1282 1330 1312 1330 1312 1328 1314 1328 1316 1328 1347 1308 1347 1296 1339 1238 1267 1263 1226 1263 1201 1242 1197 1238 1195 1238 1194 1238 1192 1238 1190 1238 1188 1238 1181 1243 1165 1252 1150 1243 1132 1234 1131 1234 1095 1234 1093 1234 1091 1234 1089 1234 1075 1245 1053 1261 1026 1247 1017 1243 1015 1243 1013 1243 961 1245 959 1245 958 1245 958 1247 954 1251 940 1265 886 1265 868 1252 842 1236 841 1236 839 1236 729 1236 727 1236 725 1236 724 1236 724 1238 704 1258 696 1267 574 1267 569 1261 542 1243 540 1243 538 1243 491 1238 489 1238 488 1238 387 1267 389 1301"/></Shape>
	    <String CONTENT="مشهور است که مولانا علی فرمودند تا آتش آوردند و ايشان را "
                    HPOS="387"
                    VPOS="1234"
                    WIDTH="960"
                    HEIGHT="99"
                    WC="0.8772980015156633"></String>
          </TextLine>

          
          
          <TextLine ID="eSc_line_0d452755"
                    TAGREFS="LT4834"
                    BASELINE="396 1402 1361 1396" 
                    HPOS="394"
                    VPOS="1323"
                    WIDTH="967"
                    HEIGHT="109">
            <Shape><Polygon POINTS="396 1402 396 1414 464 1414 468 1414 491 1431 493 1431 495 1431 497 1431 498 1431 500 1431 520 1414 558 1429 560 1429 561 1429 563 1429 587 1416 599 1429 599 1431 601 1431 603 1431 605 1432 646 1432 646 1431 648 1431 713 1413 716 1413 722 1413 754 1423 756 1423 758 1423 823 1413 826 1413 828 1413 873 1429 875 1429 877 1429 934 1420 945 1429 947 1429 949 1429 950 1429 1001 1420 1033 1429 1035 1429 1037 1429 1039 1429 1109 1411 1111 1411 1114 1411 1165 1427 1167 1427 1168 1427 1170 1427 1210 1411 1212 1411 1320 1425 1321 1425 1323 1425 1361 1409 1361 1396 1359 1359 1325 1348 1323 1348 1321 1348 1237 1355 1186 1323 1185 1323 1183 1323 1093 1323 1091 1323 1089 1323 1087 1323 1069 1337 1051 1323 1049 1323 1048 1323 1046 1323 1017 1324 1015 1324 1013 1324 1013 1326 985 1355 981 1357 977 1355 940 1324 938 1324 936 1324 934 1324 932 1324 889 1348 850 1342 848 1342 846 1342 844 1342 844 1344 833 1353 828 1360 767 1360 758 1353 740 1339 738 1339 736 1339 734 1339 733 1339 731 1339 714 1351 704 1360 693 1351 680 1342 678 1342 677 1342 675 1342 673 1342 655 1351 637 1362 596 1362 581 1351 558 1332 556 1332 554 1332 552 1332 551 1332 529 1341 515 1328 515 1326 513 1326 511 1326 509 1326 441 1330 439 1330 437 1330 437 1332 425 1342 412 1333 410 1333 408 1333 407 1333 405 1333 403 1333 403 1335 394 1342 396 1402"/></Shape>
	    <String CONTENT="فرمودند ازين گفتن برگرديد و اگر نه همه را به سوزانم ايشان گفته"
                    HPOS="394"
                    VPOS="1323"
                    WIDTH="967"
                    HEIGHT="109"
                    WC="0.8626410350684197"></String>
          </TextLine>

          
          
          <TextLine ID="eSc_line_81288bd3"
                    TAGREFS="LT4834"
                    BASELINE="398 1497 1359 1501" 
                    HPOS="396"
                    VPOS="1431"
                    WIDTH="963"
                    HEIGHT="97">
            <Shape><Polygon POINTS="398 1497 396 1506 466 1524 468 1526 642 1526 642 1524 644 1524 668 1513 693 1524 695 1524 696 1526 797 1526 797 1524 799 1524 801 1524 801 1522 812 1513 812 1512 815 1513 844 1524 846 1524 848 1524 850 1524 851 1524 864 1513 869 1512 956 1512 970 1515 1004 1526 1006 1526 1008 1526 1010 1526 1028 1517 1039 1512 1049 1517 1058 1521 1060 1521 1062 1521 1082 1517 1109 1512 1123 1517 1140 1526 1141 1526 1143 1526 1145 1526 1159 1519 1174 1512 1213 1512 1222 1519 1230 1524 1230 1526 1231 1526 1233 1526 1235 1528 1275 1528 1275 1526 1276 1526 1278 1526 1278 1524 1284 1521 1291 1512 1309 1521 1320 1526 1321 1526 1323 1526 1357 1521 1359 1501 1357 1461 1307 1450 1305 1450 1303 1450 1287 1458 1284 1459 1278 1458 1208 1434 1206 1434 1204 1434 1203 1434 1165 1454 1156 1459 1145 1454 1122 1441 1120 1441 1118 1441 1116 1441 1087 1452 1071 1458 1064 1450 1044 1434 1042 1434 1040 1434 1039 1434 1037 1434 1001 1447 934 1443 932 1443 931 1443 929 1443 925 1447 909 1459 880 1449 878 1449 877 1449 875 1449 873 1449 873 1450 864 1459 799 1459 787 1447 787 1445 785 1445 783 1445 781 1445 779 1445 778 1445 778 1447 765 1458 727 1445 725 1445 724 1445 662 1458 630 1438 623 1432 621 1432 619 1432 617 1432 615 1432 606 1436 563 1459 527 1459 480 1432 479 1432 398 1431 398 1497"/></Shape>
	    <String CONTENT="چه ازين مطلب بهتر که ذات ما همه توبی اين دولی که در ميان ماحا"
                    HPOS="396"
                    VPOS="1431"
                    WIDTH="963"
                    HEIGHT="97"
                    WC="0.893017342833222"></String>
          </TextLine>

          
          
          <TextLine ID="eSc_line_4db24129"
                    TAGREFS="LT4834"
                    BASELINE="392 1596 1357 1585" 
                    HPOS="390"
                    VPOS="1528"
                    WIDTH="967"
                    HEIGHT="101">
            <Shape><Polygon POINTS="392 1596 392 1609 419 1609 421 1609 437 1625 437 1627 439 1627 441 1627 443 1629 497 1629 497 1627 498 1627 500 1627 500 1625 518 1609 547 1620 549 1620 551 1620 552 1620 574 1609 576 1607 579 1609 608 1616 610 1616 612 1616 659 1607 660 1607 662 1607 680 1623 680 1625 682 1625 684 1625 686 1625 687 1625 689 1625 707 1611 776 1623 778 1623 779 1623 810 1609 828 1620 830 1620 832 1620 833 1620 835 1620 837 1620 837 1618 851 1605 868 1616 869 1616 871 1616 873 1616 875 1616 913 1605 920 1603 925 1605 988 1621 990 1621 992 1621 994 1621 1019 1609 1051 1620 1053 1620 1055 1620 1057 1620 1058 1620 1058 1618 1073 1607 1093 1620 1095 1620 1096 1620 1098 1621 1158 1621 1158 1620 1159 1620 1190 1603 1204 1616 1204 1618 1206 1618 1208 1618 1210 1620 1255 1620 1255 1618 1257 1618 1258 1618 1285 1602 1287 1602 1356 1602 1357 1585 1350 1537 1307 1551 1294 1539 1284 1530 1284 1528 1282 1528 1280 1528 1235 1528 1233 1528 1231 1528 1230 1528 1230 1530 1219 1540 1208 1551 1167 1553 1150 1542 1134 1530 1132 1530 1131 1530 1086 1530 1084 1530 1082 1530 1051 1544 1030 1555 893 1548 796 1544 794 1544 792 1544 790 1544 781 1551 772 1557 743 1553 666 1540 664 1540 662 1540 621 1555 614 1558 610 1557 590 1539 588 1539 587 1539 585 1539 583 1539 554 1546 506 1537 504 1537 502 1537 500 1537 482 1548 444 1537 443 1537 441 1537 439 1537 390 1558 392 1596"/></Shape>
	    <String CONTENT="است يکی شود چونگه همه تو بوده و تو خواهی بودن به سوزان س"
                    HPOS="390"
                    VPOS="1528"
                    WIDTH="967"
                    HEIGHT="101"
                    WC="0.9040849155613354"></String>
          </TextLine>

          
          
          <TextLine ID="eSc_line_ceb94546"
                    TAGREFS="LT4834"
                    BASELINE="410 1693 1357 1684" 
                    HPOS="408"
                    VPOS="1625"
                    WIDTH="949"
                    HEIGHT="99">
            <Shape><Polygon POINTS="410 1693 410 1706 443 1722 444 1722 446 1724 543 1724 543 1722 545 1722 547 1722 561 1711 594 1722 596 1722 597 1722 599 1722 659 1704 702 1704 725 1720 727 1720 729 1720 731 1720 733 1720 734 1720 761 1704 859 1719 860 1719 862 1719 898 1702 929 1719 931 1719 932 1719 934 1719 959 1708 1031 1717 1033 1717 1035 1717 1037 1717 1057 1702 1073 1713 1075 1713 1076 1713 1078 1713 1147 1701 1226 1715 1228 1715 1230 1715 1231 1715 1257 1697 1357 1695 1357 1684 1350 1627 1320 1643 1305 1629 1303 1627 1303 1625 1302 1625 1300 1625 1228 1625 1226 1625 1224 1625 1222 1625 1222 1627 1217 1632 1199 1650 1181 1643 1179 1643 1177 1643 1176 1643 1174 1643 1163 1652 1122 1634 1111 1630 1109 1630 1107 1630 1105 1630 1095 1636 1067 1652 1049 1638 1048 1636 1046 1636 1044 1636 1042 1636 1040 1636 1039 1636 1037 1638 1024 1647 1015 1639 1004 1629 1004 1627 1003 1627 1001 1627 999 1627 997 1627 972 1639 947 1654 918 1654 902 1643 895 1636 893 1636 891 1636 889 1636 887 1636 886 1636 886 1638 878 1643 868 1656 785 1656 765 1647 733 1634 731 1634 729 1634 727 1634 725 1634 702 1650 695 1654 689 1650 682 1645 682 1643 680 1643 678 1643 677 1643 675 1643 657 1652 655 1652 635 1632 635 1630 633 1630 632 1630 630 1630 628 1630 626 1630 605 1647 585 1632 583 1632 581 1632 470 1632 468 1632 466 1632 464 1632 464 1634 435 1659 408 1659 410 1693"/></Shape>
	    <String CONTENT="تا آتتش در روی ايشان ماليدند تا با ضافه چشم خلق ب"
                    HPOS="408"
                    VPOS="1625"
                    WIDTH="949"
                    HEIGHT="99"
                    WC="0.8911931890249253"></String>
          </TextLine>

          
          
          <TextLine ID="eSc_line_25c9e3d8"
                    TAGREFS="LT4834"
                    BASELINE="392 1792 1359 1787" 
                    HPOS="390"
                    VPOS="1726"
                    WIDTH="969"
                    HEIGHT="99">
            <Shape><Polygon POINTS="392 1792 392 1809 471 1809 473 1809 493 1825 495 1825 497 1825 498 1825 576 1816 673 1821 675 1821 677 1821 729 1807 733 1807 736 1807 779 1823 781 1823 783 1825 878 1825 878 1823 880 1823 882 1823 900 1810 1031 1823 1033 1823 1035 1823 1037 1823 1057 1805 1060 1805 1111 1821 1113 1821 1114 1823 1237 1823 1237 1821 1239 1821 1240 1821 1262 1805 1264 1805 1357 1805 1359 1787 1356 1726 1300 1726 1298 1726 1296 1726 1294 1726 1294 1728 1271 1747 1231 1729 1222 1726 1221 1726 1177 1726 1176 1726 1174 1726 1172 1726 1172 1728 1167 1731 1154 1742 1122 1733 1105 1729 1104 1729 1102 1729 1100 1729 1098 1729 1093 1735 1078 1746 1058 1735 1049 1731 1048 1731 1046 1731 1044 1731 1031 1737 994 1755 959 1738 943 1731 941 1731 889 1731 887 1731 886 1731 884 1731 869 1742 850 1756 810 1756 794 1746 770 1728 769 1728 767 1728 765 1728 763 1728 693 1746 633 1729 632 1729 630 1729 628 1729 626 1729 626 1731 605 1751 599 1758 390 1758 392 1792"/></Shape>
	    <String CONTENT="آنچه روزد يگرايشان را در بازار بصره ديدند که نان خريدند و"
                    HPOS="390"
                    VPOS="1726"
                    WIDTH="969"
                    HEIGHT="99"
                    WC="0.7912081408089605"></String>
          </TextLine>

          
          
          <TextLine ID="eSc_line_e0d83990"
                    TAGREFS="LT4834"
                    BASELINE="797 1893 1257 1882 1345 1872" 
                    HPOS="796"
                    VPOS="1818"
                    WIDTH="549"
                    HEIGHT="108">
            <Shape><Polygon POINTS="797 1893 797 1918 927 1926 929 1926 931 1926 976 1911 985 1908 1078 1906 1084 1908 1118 1920 1120 1920 1122 1920 1123 1920 1163 1911 1321 1915 1323 1915 1325 1915 1327 1915 1345 1899 1345 1872 1341 1819 1303 1818 1302 1818 1300 1818 1298 1818 1298 1819 1294 1821 1275 1841 1246 1825 1244 1825 1242 1825 1240 1825 1239 1825 1237 1825 1237 1827 1208 1845 1188 1830 1186 1830 1185 1830 1183 1830 1181 1830 1179 1830 1159 1848 1125 1848 1086 1837 1064 1830 1062 1830 1060 1830 1058 1830 1057 1830 1042 1839 1030 1848 1010 1843 963 1827 961 1827 959 1827 898 1828 896 1828 895 1828 895 1830 869 1852 868 1855 837 1855 833 1855 815 1843 814 1843 812 1843 810 1843 808 1843 806 1843 796 1850 797 1893"/></Shape>
	    <String CONTENT="مطلب به خدمت مولانا عرض كردند"
                    HPOS="796"
                    VPOS="1818"
                    WIDTH="549"
                    HEIGHT="108"
                    WC="0.9765863562452382"></String>
          </TextLine>

          
        </TextBlock>
        
        <TextBlock HPOS="792"
                   VPOS="151"
                   WIDTH="135"
                   HEIGHT="77"
                   ID="eSc_textblock_651b77fc"
                   TAGREFS="BT16059">
          <Shape><Polygon POINTS="828 151 913 158 927 214 806 228 792 187 828 151"/></Shape>
          
          
          <TextLine ID="eSc_line_b8e7c2fd"
                    TAGREFS="LT4834"
                    BASELINE="826 203 886 203" 
                    HPOS="826"
                    VPOS="160"
                    WIDTH="60"
                    HEIGHT="70">
            <Shape><Polygon POINTS="826 226 884 230 886 203 882 162 853 171 828 160 826 203 826 226"/></Shape>
	    <String CONTENT=""
                    HPOS="826"
                    VPOS="160"
                    WIDTH="60"
                    HEIGHT="70"></String>
          </TextLine>

          
        </TextBlock>
        
        <TextBlock HPOS="828"
                   VPOS="1944"
                   WIDTH="77"
                   HEIGHT="55"
                   ID="eSc_textblock_d05f08d6"
                   TAGREFS="BT16061">
          <Shape><Polygon POINTS="830 1944 891 1951 905 1999 828 1999 830 1944"/></Shape>
          
          
          <TextLine ID="eSc_line_b00623de"
                    TAGREFS="LT4834"
                    BASELINE="850 1985 886 1980" 
                    HPOS="842"
                    VPOS="1945"
                    WIDTH="45"
                    HEIGHT="60">
            <Shape><Polygon POINTS="862 1947 842 1945 850 1985 851 2005 887 2005 886 1980 877 1947 862 1947"/></Shape>
	    <String CONTENT="ول"
                    HPOS="842"
                    VPOS="1945"
                    WIDTH="45"
                    HEIGHT="60"
                    WC="0.8130326569080353"></String>
          </TextLine>

          
        </TextBlock>
        
        <TextBlock HPOS="345"
                   VPOS="1756"
                   WIDTH="27"
                   HEIGHT="35"
                   ID="eSc_textblock_a90862f6"
                   TAGREFS="BT16061">
          <Shape><Polygon POINTS="347 1756 372 1764 372 1791 345 1776 347 1756"/></Shape>
          
        </TextBlock>
        
        <TextBlock HPOS="309"
                   VPOS="273"
                   WIDTH="42"
                   HEIGHT="70"
                   ID="eSc_textblock_e592c0df"
                   TAGREFS="BT16062">
          <Shape><Polygon POINTS="325 273 351 309 343 343 309 336 325 273"/></Shape>
          
        </TextBlock>
        
        <TextBlock HPOS="324"
                   VPOS="1735"
                   WIDTH="63"
                   HEIGHT="84"
                   ID="eSc_textblock_329db636"
                   TAGREFS="BT16062">
          <Shape><Polygon POINTS="325 1735 380 1749 387 1819 324 1798 325 1735"/></Shape>
          
        </TextBlock>
        

        
      </PrintSpace>
    </Page>
  </Layout>
</alto>
