<?xml version="1.0" encoding="UTF-8"?>
<alto xmlns:xsi="http://www.w3.org/2001/XMLSchema-instance"
      xmlns="http://www.loc.gov/standards/alto/ns-v4#"
      xsi:schemaLocation="http://www.loc.gov/standards/alto/ns-v4# http://www.loc.gov/standards/alto/v4/alto-4-2.xsd">
  <Description>
    <MeasurementUnit>pixel</MeasurementUnit>
    <sourceImageInformation>
      <fileName>TwoIsmailiTreatises010.jpg</fileName>
      
    </sourceImageInformation>
  </Description>
  
  <Tags>
    <OtherTag ID="BT16074" LABEL="MarginTextZone:commentary" DESCRIPTION="block type MarginTextZone:commentary"/><OtherTag ID="BT16073" LABEL="MarginTextZone:note#1" DESCRIPTION="block type MarginTextZone:note#1"/><OtherTag ID="BT16072" LABEL="MainZone:column#2" DESCRIPTION="block type MainZone:column#2"/><OtherTag ID="BT16071" LABEL="MainZone:column#3" DESCRIPTION="block type MainZone:column#3"/><OtherTag ID="BT16070" LABEL="GraphicZone:illustration" DESCRIPTION="block type GraphicZone:illustration"/><OtherTag ID="BT16069" LABEL="MainZone:column#1" DESCRIPTION="block type MainZone:column#1"/><OtherTag ID="BT16068" LABEL="MarginTextZone:note#2" DESCRIPTION="block type MarginTextZone:note#2"/><OtherTag ID="BT16067" LABEL="CustomZone:publication" DESCRIPTION="block type CustomZone:publication"/><OtherTag ID="BT16066" LABEL="RunningTitleZone" DESCRIPTION="block type RunningTitleZone"/><OtherTag ID="BT16065" LABEL="NumberingZone" DESCRIPTION="block type NumberingZone"/><OtherTag ID="BT16064" LABEL="default" DESCRIPTION="block type default"/><OtherTag ID="BT16063" LABEL="TitlePageZone" DESCRIPTION="block type TitlePageZone"/><OtherTag ID="BT16062" LABEL="NumberingZone:other" DESCRIPTION="block type NumberingZone:other"/><OtherTag ID="BT16061" LABEL="QuireMarksZone:catchwords" DESCRIPTION="block type QuireMarksZone:catchwords"/><OtherTag ID="BT16060" LABEL="MainZone" DESCRIPTION="block type MainZone"/><OtherTag ID="BT16059" LABEL="NumberingZone:page" DESCRIPTION="block type NumberingZone:page"/><OtherTag ID="BT16058" LABEL="MarginTextZone:note" DESCRIPTION="block type MarginTextZone:note"/><OtherTag ID="BT16057" LABEL="DigitizationArtefactZone" DESCRIPTION="block type DigitizationArtefactZone"/><OtherTag ID="BT4" LABEL="Illustration" DESCRIPTION="block type Illustration"/><OtherTag ID="BT3" LABEL="Commentary" DESCRIPTION="block type Commentary"/><OtherTag ID="BT2" LABEL="Main" DESCRIPTION="block type Main"/><OtherTag ID="BT1" LABEL="Title" DESCRIPTION="block type Title"/>
    <OtherTag ID="LT4834" LABEL="DefaultLine" DESCRIPTION="line type DefaultLine"/><OtherTag ID="LT4835" LABEL="HeadingLine:title" DESCRIPTION="line type HeadingLine:title"/>
  </Tags>
  
  <Layout>
    <Page WIDTH="1407"
          HEIGHT="2187"
          PHYSICAL_IMG_NR="6"
          ID="eSc_dummypage_">
      <PrintSpace HPOS="0"
                  VPOS="0"
                  WIDTH="1407"
                  HEIGHT="2187">
        
        <TextBlock HPOS="298"
                   VPOS="269"
                   WIDTH="1048"
                   HEIGHT="1609"
                   ID="eSc_textblock_e6ccb051"
                   TAGREFS="BT16060">
          <Shape><Polygon POINTS="583 269 1324 291 1346 612 1346 1660 1324 1864 422 1878 298 1842 306 320 335 284 583 269"/></Shape>
          
          
          <TextLine ID="eSc_line_b9d83edf"
                    TAGREFS="LT4834"
                    BASELINE="309 360 1288 351" 
                    HPOS="308"
                    VPOS="289"
                    WIDTH="980"
                    HEIGHT="108">
            <Shape><Polygon POINTS="309 360 309 379 342 397 344 397 346 397 348 397 379 384 462 391 464 391 466 391 503 375 504 375 541 391 543 391 544 391 546 391 597 375 617 393 617 395 619 395 621 395 623 397 699 397 699 395 732 393 734 393 736 393 765 373 801 382 803 382 805 382 867 375 891 393 893 393 894 393 896 395 896 393 898 393 900 393 922 375 945 388 947 388 949 388 951 388 982 371 998 371 1033 371 1057 391 1058 391 1060 391 1062 393 1091 393 1091 391 1093 391 1126 377 1190 390 1191 390 1193 390 1195 390 1195 388 1211 369 1286 368 1288 351 1284 304 1268 300 1266 300 1264 300 1263 300 1263 302 1259 304 1246 318 1122 318 1111 308 1109 306 1108 306 1106 306 989 289 987 289 985 289 984 289 984 291 960 311 951 320 903 320 852 315 816 311 798 293 798 291 796 291 794 291 792 291 790 291 739 313 692 293 690 293 585 293 583 293 581 293 530 317 481 309 479 309 477 309 475 309 457 324 455 326 435 326 408 326 377 297 377 295 375 295 373 295 349 295 348 295 346 295 344 295 308 322 309 360"/></Shape>
	    <String CONTENT="چشم خود را پرآب گردد برفت و يچ سخن نگفت و بعد از يک"
                    HPOS="308"
                    VPOS="289"
                    WIDTH="980"
                    HEIGHT="108"
                    WC="0.8740204572677612"></String>
          </TextLine>

          
          
          <TextLine ID="eSc_line_b4567ad2"
                    TAGREFS="LT4834"
                    BASELINE="315 468 1301 451" 
                    HPOS="313"
                    VPOS="391"
                    WIDTH="988"
                    HEIGHT="102">
            <Shape><Polygon POINTS="315 468 315 488 581 493 583 493 636 481 652 477 657 481 668 490 668 492 670 492 672 492 674 492 821 490 823 490 825 490 843 477 847 475 865 475 958 481 960 481 962 481 964 481 975 473 976 472 987 473 1068 486 1069 486 1071 486 1073 486 1095 470 1100 470 1144 477 1146 477 1301 464 1301 451 1295 415 1211 417 1210 415 1166 391 1164 391 1162 391 1160 391 1159 391 1119 417 1115 420 1035 420 1031 419 1016 410 1015 410 1013 410 1011 410 1009 410 987 420 971 408 969 408 967 408 965 408 964 408 936 420 933 422 927 420 838 397 836 397 834 397 832 397 787 422 732 408 730 408 729 408 727 408 676 426 674 426 625 399 623 399 579 399 577 399 575 399 574 399 574 400 563 411 550 400 550 399 548 399 546 399 544 399 481 413 422 400 421 400 419 400 313 431 315 468"/></Shape>
	    <String CONTENT="هفه بازآمد و بردست مولانا پيش من از قايميان گرديد و گفت"
                    HPOS="313"
                    VPOS="391"
                    WIDTH="988"
                    HEIGHT="102"
                    WC="0.8725915678909847"></String>
          </TextLine>

          
          
          <TextLine ID="eSc_line_f99ed61e"
                    TAGREFS="LT4834"
                    BASELINE="331 561 1292 559" 
                    HPOS="329"
                    VPOS="504"
                    WIDTH="963"
                    HEIGHT="93">
            <Shape><Polygon POINTS="331 561 331 577 371 594 373 594 375 594 377 594 417 579 486 595 488 595 490 595 526 577 528 577 581 595 583 595 585 595 710 581 747 595 749 595 750 595 752 595 754 595 754 594 772 577 834 577 854 594 854 595 856 595 858 595 860 597 927 597 927 595 929 595 931 595 931 594 949 577 980 577 1026 595 1027 595 1029 595 1031 595 1068 585 1157 595 1159 595 1290 575 1292 559 1286 504 1228 506 1226 506 1188 526 1164 515 1162 515 1160 515 1100 524 1080 510 1075 504 1073 504 1071 504 1013 504 1011 504 1009 504 993 512 960 528 876 528 858 515 852 512 851 512 849 512 847 512 845 512 843 512 836 517 818 528 772 528 754 519 719 504 718 504 716 504 714 504 665 519 650 506 650 504 648 504 647 504 645 504 643 504 641 504 641 506 625 521 541 508 539 508 537 508 535 508 515 526 513 528 453 528 453 526 435 510 435 508 433 508 431 508 359 504 357 504 355 504 353 504 329 523 331 561"/></Shape>
	    <String CONTENT="اگر اين دين برح ستى بردست چون تولى اين سخن نه راندى"
                    HPOS="329"
                    VPOS="504"
                    WIDTH="963"
                    HEIGHT="93"
                    WC="0.8992555433628606"></String>
          </TextLine>

          
          
          <TextLine ID="eSc_line_aff975d5"
                    TAGREFS="LT4834"
                    BASELINE="328 659 1148 656" 
                    HPOS="326"
                    VPOS="594"
                    WIDTH="822"
                    HEIGHT="107">
            <Shape><Polygon POINTS="328 659 328 672 382 699 384 699 386 699 388 699 444 670 446 670 501 699 503 699 504 701 557 701 557 699 559 699 561 699 561 698 592 670 636 699 637 699 639 699 641 701 705 701 705 699 707 699 708 699 747 670 750 668 754 670 794 690 796 690 798 690 800 690 867 670 876 668 878 670 905 694 907 694 909 694 911 694 913 694 960 670 964 668 965 670 996 698 998 698 1000 698 1002 698 1004 698 1006 698 1040 670 1044 668 1060 670 1120 679 1122 679 1124 679 1148 670 1148 656 1144 623 1066 623 1064 621 1035 597 1033 597 1031 597 1002 594 1000 594 998 594 951 617 944 621 920 617 854 605 852 605 851 605 820 616 800 621 790 614 780 605 778 605 776 605 774 605 772 605 770 605 759 614 749 623 681 623 659 612 650 605 648 605 647 605 645 605 643 605 641 605 632 610 612 623 592 610 570 595 568 595 566 595 524 595 523 595 521 595 519 595 504 608 493 616 481 606 466 595 464 595 462 595 461 595 326 603 328 659"/></Shape>
	    <String CONTENT="و در خدا پرستی روی به حم از اجسام کنند مشلا بآسمان"
                    HPOS="326"
                    VPOS="594"
                    WIDTH="822"
                    HEIGHT="107"
                    WC="0.8623498941169065"></String>
          </TextLine>

          
          
          <TextLine ID="eSc_line_9893fa60"
                    TAGREFS="LT4834"
                    BASELINE="313 763 1303 756" 
                    HPOS="311"
                    VPOS="696"
                    WIDTH="992"
                    HEIGHT="98">
            <Shape><Polygon POINTS="313 763 313 780 326 792 326 794 328 794 329 794 331 794 333 794 379 783 479 794 481 794 482 794 484 794 484 792 497 781 526 794 528 794 530 794 532 794 586 774 588 772 659 772 694 772 694 774 712 790 712 792 714 792 716 792 718 794 763 794 763 792 765 792 803 772 805 770 809 772 836 790 838 790 840 790 842 790 927 787 929 787 931 787 931 785 947 770 965 783 967 783 969 783 971 783 1064 770 1120 789 1122 789 1124 789 1126 789 1128 789 1128 787 1146 769 1301 767 1303 756 1297 708 1241 719 1215 708 1213 708 1211 708 1210 708 1208 708 1204 710 1177 721 1077 721 1060 712 1027 696 1026 696 947 696 945 696 944 696 942 696 942 698 924 714 916 723 887 723 880 716 871 707 871 705 869 705 867 705 781 698 780 698 778 698 776 698 750 714 736 703 736 701 734 701 732 701 730 701 729 701 672 719 670 719 652 703 650 703 648 703 621 703 619 703 503 721 486 707 486 705 484 705 482 705 481 705 479 705 453 716 439 701 439 699 437 699 435 699 399 699 397 699 395 699 393 699 393 701 368 725 311 725 313 763"/></Shape>
	    <String CONTENT="با خورشيد و ماه و کواکب يا باتش خانه از خانهای عالم چنانکه معرو"
                    HPOS="311"
                    VPOS="696"
                    WIDTH="992"
                    HEIGHT="98"
                    WC="0.9021300626179528"></String>
          </TextLine>

          
          
          <TextLine ID="eSc_line_c0b1d0e0"
                    TAGREFS="LT4834"
                    BASELINE="318 954 1310 949" 
                    HPOS="317"
                    VPOS="894"
                    WIDTH="993"
                    HEIGHT="90">
            <Shape><Polygon POINTS="318 954 318 969 524 984 526 984 528 984 568 969 601 984 603 984 605 984 606 984 665 969 679 982 681 982 683 982 685 984 741 984 741 982 743 982 745 982 769 967 770 967 836 982 838 982 840 982 871 967 958 982 960 982 962 982 1006 965 1007 965 1011 965 1047 980 1049 980 1051 980 1053 980 1109 965 1113 965 1119 965 1250 980 1252 980 1253 980 1310 964 1310 949 1306 894 1228 894 1226 894 1224 894 1221 896 1197 907 1181 900 1179 900 1177 900 1175 900 1173 900 1150 916 1119 900 1109 894 1108 894 1106 894 1104 894 1089 900 1049 916 1035 902 1027 896 1027 894 1026 894 1024 894 1004 894 1002 894 1000 894 982 903 951 920 831 920 820 907 809 898 809 896 807 896 805 896 763 896 761 896 759 896 729 911 710 920 645 920 614 914 581 907 579 907 577 907 575 907 575 909 566 914 561 922 524 922 519 916 508 907 506 907 504 907 503 907 501 907 464 918 459 920 457 918 433 898 431 898 430 898 373 898 371 898 369 898 368 898 340 922 317 922 318 954"/></Shape>
	    <String CONTENT="که بان قبله بخدا خواهند رسيد از اين جهت میفر مايد اوليک"
                    HPOS="317"
                    VPOS="894"
                    WIDTH="993"
                    HEIGHT="90"
                    WC="0.892038762027567"></String>
          </TextLine>

          
          
          <TextLine ID="eSc_line_9145f71e"
                    TAGREFS="LT4834"
                    BASELINE="317 1053 1304 1046" 
                    HPOS="315"
                    VPOS="980"
                    WIDTH="989"
                    HEIGHT="102">
            <Shape><Polygon POINTS="317 1053 317 1066 349 1082 351 1082 353 1082 532 1066 557 1082 559 1082 561 1082 563 1082 625 1080 626 1080 628 1080 643 1067 659 1080 661 1080 663 1080 665 1082 729 1082 729 1080 730 1080 763 1064 840 1078 842 1078 843 1078 845 1078 872 1062 918 1062 938 1075 940 1075 942 1075 944 1075 1009 1062 1026 1077 1026 1078 1027 1078 1029 1078 1031 1080 1057 1080 1057 1078 1058 1078 1098 1060 1217 1060 1239 1073 1241 1073 1242 1073 1244 1073 1246 1073 1304 1057 1304 1046 1303 996 1283 980 1281 980 1279 980 1277 980 1275 980 1237 996 1222 982 1222 980 1221 980 1219 980 1179 980 1177 980 1175 980 1173 980 1148 1002 1140 1009 1113 1009 1108 1002 1097 993 1097 991 1095 991 1093 991 1091 991 1089 991 1058 1004 1053 1006 1051 1004 1031 984 1031 982 1029 982 1027 982 927 982 925 982 924 982 922 982 922 984 898 1006 894 1011 842 1011 834 1007 792 984 790 984 789 984 787 984 785 984 749 1007 743 1011 739 1007 730 1002 729 1002 727 1002 725 1002 677 1009 672 1009 630 987 628 987 626 987 625 987 623 987 605 1002 583 995 581 995 579 995 577 995 575 995 575 996 559 1011 555 1015 499 1015 495 1013 461 998 459 998 457 998 455 998 426 1009 393 985 391 985 390 985 357 985 355 985 353 985 351 985 315 1007 317 1053"/></Shape>
	    <String CONTENT="کالانعام بلهم اضل سبيلا دراين حال خردمندان بايد که"
                    HPOS="315"
                    VPOS="980"
                    WIDTH="989"
                    HEIGHT="102"
                    WC="0.9072347277402878"></String>
          </TextLine>

          
          
          <TextLine ID="eSc_line_87e495ee"
                    TAGREFS="LT4834"
                    BASELINE="324 1157 1306 1148" 
                    HPOS="322"
                    VPOS="1082"
                    WIDTH="984"
                    HEIGHT="100">
            <Shape><Polygon POINTS="324 1157 324 1168 349 1180 351 1180 353 1182 453 1182 453 1180 455 1180 457 1180 457 1179 472 1166 541 1177 543 1177 597 1164 599 1162 765 1162 767 1162 820 1177 821 1177 823 1177 825 1177 827 1177 851 1162 902 1177 903 1177 905 1177 993 1162 1035 1175 1037 1175 1038 1175 1104 1159 1108 1159 1129 1173 1131 1173 1133 1173 1135 1175 1171 1175 1171 1173 1173 1173 1175 1173 1191 1160 1210 1173 1211 1173 1213 1173 1215 1175 1263 1175 1263 1173 1264 1173 1306 1157 1306 1148 1303 1109 1211 1091 1210 1091 1208 1091 1151 1108 1135 1093 1135 1091 1133 1091 1131 1091 1129 1091 1128 1091 1106 1097 1089 1084 1089 1082 1088 1082 1086 1082 1035 1082 1033 1082 1031 1082 1029 1082 987 1109 944 1082 942 1082 940 1082 911 1082 909 1082 851 1084 849 1084 847 1084 847 1086 818 1111 776 1095 774 1095 772 1095 770 1095 727 1113 708 1113 690 1098 690 1097 688 1097 687 1097 685 1097 683 1097 650 1115 603 1115 581 1093 581 1091 579 1091 577 1091 534 1086 532 1086 530 1086 528 1086 528 1088 513 1098 462 1088 461 1088 459 1088 457 1088 457 1089 430 1113 408 1106 406 1106 404 1106 322 1117 324 1157"/></Shape>
	    <String CONTENT="درين معنی تفکرد تابل بکنند کسی را در خداشيای که اصل دين"
                    HPOS="322"
                    VPOS="1082"
                    WIDTH="984"
                    HEIGHT="100"
                    WC="0.8464097369800915"></String>
          </TextLine>

          
          
          <TextLine ID="eSc_line_8c0eeb04"
                    TAGREFS="LT4834"
                    BASELINE="309 1239 1308 1246" 
                    HPOS="308"
                    VPOS="1179"
                    WIDTH="1000"
                    HEIGHT="102">
            <Shape><Polygon POINTS="309 1239 308 1250 344 1250 348 1252 400 1272 402 1272 404 1272 406 1272 455 1252 457 1250 457 1252 479 1272 479 1273 481 1273 482 1273 559 1275 561 1277 605 1277 605 1275 606 1275 608 1275 608 1273 623 1261 687 1275 688 1275 690 1275 692 1275 692 1273 716 1252 718 1252 732 1252 756 1273 756 1275 758 1275 759 1275 761 1277 790 1277 790 1275 792 1275 794 1275 794 1273 811 1259 909 1255 969 1277 971 1277 973 1277 975 1277 976 1277 1007 1253 1102 1262 1104 1262 1171 1255 1197 1277 1197 1279 1199 1279 1201 1279 1202 1281 1259 1281 1259 1279 1261 1279 1306 1253 1308 1246 1308 1191 1241 1184 1239 1184 1237 1184 1235 1184 1224 1191 1202 1206 1184 1191 1175 1184 1173 1184 1171 1184 1142 1184 1140 1184 1139 1184 1111 1193 1073 1206 1062 1193 1057 1190 1057 1188 1055 1188 1053 1188 1051 1188 1018 1193 987 1201 971 1195 940 1182 938 1182 936 1182 934 1182 909 1195 891 1206 854 1206 845 1197 838 1190 838 1188 836 1188 834 1188 832 1188 831 1188 829 1188 818 1197 809 1202 803 1197 794 1190 794 1188 792 1188 790 1188 752 1188 750 1188 749 1188 747 1188 747 1190 736 1197 734 1199 732 1197 714 1180 712 1180 710 1180 668 1180 667 1180 665 1180 663 1180 663 1182 645 1199 641 1204 559 1204 435 1202 433 1201 400 1179 399 1179 397 1179 346 1179 344 1179 342 1179 340 1179 309 1197 309 1239"/></Shape>
	    <String CONTENT="و تم پنداشت راه بر باشد و در خدا پرستی که فرع دين است سنگ"
                    HPOS="308"
                    VPOS="1179"
                    WIDTH="1000"
                    HEIGHT="102"
                    WC="0.8706447199771279"></String>
          </TextLine>

          
          
          <TextLine ID="eSc_line_9a23cd37"
                    TAGREFS="LT4834"
                    BASELINE="317 1345 1310 1339" 
                    HPOS="315"
                    VPOS="1286"
                    WIDTH="995"
                    HEIGHT="88">
            <Shape><Polygon POINTS="317 1345 317 1354 404 1372 406 1372 408 1372 410 1372 424 1361 488 1365 490 1365 492 1365 493 1365 504 1355 524 1372 526 1372 528 1372 530 1374 608 1374 608 1372 610 1372 665 1354 699 1365 701 1365 703 1365 705 1365 727 1354 739 1366 739 1368 741 1368 743 1368 772 1370 774 1370 856 1354 872 1368 872 1370 874 1370 876 1370 878 1372 949 1372 949 1370 951 1370 953 1370 969 1357 1038 1368 1040 1368 1042 1368 1080 1352 1193 1363 1195 1363 1310 1348 1310 1339 1308 1303 1248 1286 1246 1286 1244 1286 1242 1286 1241 1286 1241 1288 1226 1301 1142 1301 1117 1288 1115 1288 1113 1288 1111 1288 1066 1301 1029 1286 1027 1286 1026 1286 1024 1286 1022 1286 1002 1301 980 1286 978 1286 976 1286 975 1286 973 1286 918 1301 827 1288 825 1288 823 1288 821 1288 821 1290 809 1301 774 1292 772 1292 770 1292 769 1292 767 1292 767 1293 756 1304 701 1304 683 1288 681 1288 679 1288 645 1288 643 1288 577 1301 441 1290 439 1290 437 1290 435 1290 417 1306 315 1306 317 1345"/></Shape>
	    <String CONTENT="و دارو درخت و غيره راهم بواسطه قبله سازند چون بخداوند برسند"
                    HPOS="315"
                    VPOS="1286"
                    WIDTH="995"
                    HEIGHT="88"
                    WC="0.9363875086024657"></String>
          </TextLine>

          
          
          <TextLine ID="eSc_line_7ba4063a"
                    TAGREFS="LT4834"
                    BASELINE="311 1443 1306 1447" 
                    HPOS="309"
                    VPOS="1377"
                    WIDTH="997"
                    HEIGHT="93">
            <Shape><Polygon POINTS="311 1443 309 1450 368 1467 369 1467 371 1467 492 1456 506 1465 508 1465 510 1465 654 1467 656 1467 657 1467 659 1467 677 1456 739 1467 741 1467 743 1467 790 1454 814 1468 816 1468 818 1468 820 1468 821 1468 854 1456 882 1468 883 1468 885 1468 940 1456 985 1468 987 1468 989 1468 991 1468 1018 1456 1037 1465 1038 1465 1040 1465 1042 1465 1069 1456 1084 1468 1086 1468 1088 1468 1089 1468 1091 1468 1128 1456 1224 1456 1237 1467 1237 1468 1239 1468 1241 1468 1242 1470 1288 1470 1288 1468 1290 1468 1292 1468 1304 1456 1306 1447 1306 1397 1286 1388 1284 1388 1283 1388 1281 1388 1259 1396 1250 1399 1244 1396 1230 1385 1228 1385 1226 1385 1224 1385 1222 1385 1221 1385 1204 1396 1182 1406 1139 1406 1126 1394 1120 1388 1120 1386 1119 1386 1117 1386 1115 1386 1113 1386 1111 1386 1111 1388 1106 1394 1098 1399 1078 1392 1044 1381 1042 1381 1040 1381 1038 1381 1002 1390 958 1403 944 1390 936 1383 936 1381 934 1381 933 1381 931 1381 929 1381 905 1388 856 1406 805 1386 800 1385 798 1385 796 1385 794 1385 790 1386 754 1406 683 1406 630 1383 625 1381 623 1381 621 1381 619 1381 617 1381 616 1383 581 1405 473 1392 472 1392 470 1392 426 1405 400 1381 400 1379 399 1379 397 1379 311 1377 311 1443"/></Shape>
	    <String CONTENT="يا چه طور خدای را توان شناخت حضرت مولانا به دور داراد از جمله بندگ"
                    HPOS="309"
                    VPOS="1377"
                    WIDTH="997"
                    HEIGHT="93"
                    WC="0.9309110605355465"></String>
          </TextLine>

          
          
          <TextLine ID="eSc_line_d34447ae"
                    TAGREFS="LT4834"
                    BASELINE="318 1540 1306 1543" 
                    HPOS="317"
                    VPOS="1470"
                    WIDTH="989"
                    HEIGHT="100">
            <Shape><Polygon POINTS="318 1540 317 1550 391 1561 393 1561 442 1554 508 1569 510 1569 512 1569 554 1558 650 1569 652 1569 654 1569 685 1554 736 1569 738 1569 739 1569 741 1569 767 1556 820 1570 821 1570 823 1570 902 1556 973 1558 987 1570 989 1570 991 1570 993 1570 1304 1554 1306 1543 1304 1503 1263 1503 1261 1501 1239 1485 1237 1485 1235 1485 1233 1485 1232 1485 1230 1485 1211 1499 1208 1503 1170 1503 1166 1498 1140 1474 1140 1472 1139 1472 1137 1472 1100 1472 1098 1472 1097 1472 1095 1472 1095 1474 1071 1496 1064 1501 1040 1496 1022 1490 1020 1490 1018 1490 1016 1490 1006 1494 985 1501 894 1501 883 1490 882 1490 880 1490 878 1490 876 1490 852 1499 770 1490 769 1490 681 1499 665 1485 652 1472 652 1470 650 1470 648 1470 647 1470 603 1479 544 1470 543 1470 541 1470 539 1470 526 1481 513 1490 477 1494 455 1479 444 1470 442 1470 441 1470 439 1470 437 1470 435 1470 424 1478 422 1479 421 1478 410 1470 408 1470 406 1470 404 1470 318 1474 318 1540"/></Shape>
	    <String CONTENT="خود به منته و كرم وجوده اما اين جماعت ناجيه كه قايميان اند و محققان"
                    HPOS="317"
                    VPOS="1470"
                    WIDTH="989"
                    HEIGHT="100"
                    WC="0.892367471509905"></String>
          </TextLine>

          
          
          <TextLine ID="eSc_line_7571efdd"
                    TAGREFS="LT4834"
                    BASELINE="318 1636 1308 1629" 
                    HPOS="317"
                    VPOS="1574"
                    WIDTH="991"
                    HEIGHT="88">
            <Shape><Polygon POINTS="318 1636 318 1654 406 1662 408 1662 410 1662 411 1662 424 1654 433 1647 503 1647 524 1653 559 1662 561 1662 563 1662 564 1662 606 1651 628 1645 634 1651 643 1658 645 1658 647 1658 648 1658 650 1658 667 1651 732 1660 734 1660 831 1647 852 1645 867 1647 938 1658 940 1658 942 1658 944 1658 944 1656 955 1645 958 1643 964 1645 1002 1656 1004 1656 1006 1656 1077 1643 1093 1642 1257 1642 1259 1642 1273 1651 1275 1651 1277 1651 1279 1651 1281 1651 1308 1640 1308 1629 1306 1596 1284 1576 1284 1574 1283 1574 1281 1574 1241 1574 1239 1574 1237 1574 1179 1596 1113 1585 1111 1585 1055 1600 1002 1600 960 1576 958 1576 956 1576 955 1576 953 1576 916 1600 889 1600 865 1580 863 1580 862 1580 860 1580 858 1580 856 1580 856 1581 840 1598 807 1601 774 1601 754 1581 754 1580 752 1580 750 1580 749 1580 747 1580 723 1587 712 1578 710 1578 708 1578 603 1578 601 1578 599 1578 597 1578 572 1601 541 1601 499 1583 497 1583 495 1583 493 1583 457 1601 442 1587 442 1585 441 1585 439 1585 437 1585 393 1594 360 1580 359 1580 357 1580 355 1580 353 1580 317 1600 318 1636"/></Shape>
	    <String CONTENT="وقت اند دست در دامن خدادند زمان خويشتن زدهاند تاقانم القيا"
                    HPOS="317"
                    VPOS="1574"
                    WIDTH="991"
                    HEIGHT="88"
                    WC="0.8869285943179295"></String>
          </TextLine>

          
          
          <TextLine ID="eSc_line_8e54fdc3"
                    TAGREFS="LT4834"
                    BASELINE="326 1744 1308 1731" 
                    HPOS="324"
                    VPOS="1658"
                    WIDTH="984"
                    HEIGHT="113">
            <Shape><Polygon POINTS="326 1744 328 1771 400 1753 428 1753 450 1767 450 1769 451 1769 453 1769 455 1769 457 1769 461 1767 495 1751 526 1766 532 1767 534 1767 535 1767 537 1767 543 1766 572 1751 599 1760 601 1760 603 1760 605 1760 637 1749 674 1760 690 1766 692 1766 694 1766 696 1766 712 1760 745 1747 765 1758 770 1760 772 1760 774 1762 774 1760 776 1760 781 1756 801 1747 838 1755 876 1764 878 1764 934 1762 936 1762 938 1762 938 1760 949 1753 956 1745 1004 1751 1051 1755 1053 1755 1089 1747 1109 1744 1117 1747 1144 1760 1146 1760 1148 1760 1150 1760 1151 1760 1166 1749 1248 1758 1250 1758 1252 1758 1308 1740 1308 1731 1303 1663 1244 1676 1193 1663 1170 1658 1168 1658 1166 1658 1164 1658 1162 1658 1155 1663 1131 1682 1108 1665 1102 1660 1100 1660 1098 1660 1097 1660 1095 1660 1093 1660 1088 1665 1069 1682 1040 1665 1029 1660 1027 1660 1026 1660 962 1662 960 1662 951 1665 905 1691 831 1691 809 1678 807 1678 805 1678 803 1678 801 1678 770 1691 750 1673 749 1673 747 1673 745 1673 743 1673 741 1673 741 1674 723 1691 605 1694 563 1669 561 1667 559 1667 557 1667 555 1667 554 1667 552 1667 552 1669 550 1669 526 1693 484 1676 482 1676 481 1676 479 1676 477 1676 453 1698 417 1698 386 1671 384 1669 382 1669 380 1669 379 1669 324 1671 326 1744"/></Shape>
	    <String CONTENT="که علی ذکره به سجود و ابيح جاودان ناجی اند و حال درباب دويم"
                    HPOS="324"
                    VPOS="1658"
                    WIDTH="984"
                    HEIGHT="113"
                    WC="0.7915714559918743"></String>
          </TextLine>

          
        </TextBlock>
        
        <TextBlock HPOS="218"
                   VPOS="503"
                   WIDTH="79"
                   HEIGHT="78"
                   ID="eSc_textblock_b4f06f53"
                   TAGREFS="BT16062">
          <Shape><Polygon POINTS="247 503 297 532 289 581 218 566 247 503"/></Shape>
          
          
          <TextLine ID="eSc_line_d5eefac1"
                    TAGREFS="LT4834"
                    BASELINE="264 550 311 559" 
                    HPOS="258"
                    VPOS="515"
                    WIDTH="57"
                    HEIGHT="62">
            <Shape><Polygon POINTS="286 526 269 517 264 550 258 574 306 577 311 559 315 524 289 515 286 526"/></Shape>
	    <String CONTENT=""
                    HPOS="258"
                    VPOS="515"
                    WIDTH="57"
                    HEIGHT="62"></String>
          </TextLine>

          
        </TextBlock>
        
        <TextBlock HPOS="765"
                   VPOS="196"
                   WIDTH="100"
                   HEIGHT="71"
                   ID="eSc_textblock_4c99f605"
                   TAGREFS="BT16059">
          <Shape><Polygon POINTS="794 196 865 211 865 246 821 267 765 253 765 211 794 196"/></Shape>
          
          
          <TextLine ID="eSc_line_bfce64db"
                    TAGREFS="LT4834"
                    BASELINE="787 240 814 240" 
                    HPOS="787"
                    VPOS="209"
                    WIDTH="27"
                    HEIGHT="55">
            <Shape><Polygon POINTS="787 240 787 256 811 264 814 240 814 209 787 209 787 240"/></Shape>
	    <String CONTENT=""
                    HPOS="787"
                    VPOS="209"
                    WIDTH="27"
                    HEIGHT="55"></String>
          </TextLine>

          
        </TextBlock>
        
        <TextBlock HPOS="277"
                   VPOS="1880"
                   WIDTH="1069"
                   HEIGHT="86"
                   ID="eSc_textblock_423ddf7f"
                   TAGREFS="BT16058">
          <Shape><Polygon POINTS="1035 1880 1332 1888 1346 1944 1259 1966 313 1966 277 1944 291 1888 1035 1880"/></Shape>
          
          
          <TextLine ID="eSc_line_c939d436"
                    TAGREFS="LT4834"
                    BASELINE="320 1935 1301 1926" 
                    HPOS="318"
                    VPOS="1880"
                    WIDTH="983"
                    HEIGHT="84">
            <Shape><Polygon POINTS="1284 1886 1266 1886 1259 1884 1144 1889 1133 1886 1124 1882 1120 1882 1111 1880 1093 1886 1078 1891 1073 1888 1069 1884 1069 1882 1068 1882 1066 1882 985 1882 984 1882 982 1882 980 1882 980 1884 975 1888 971 1893 854 1893 845 1891 827 1884 825 1884 823 1884 821 1884 820 1884 820 1886 812 1891 811 1895 743 1895 739 1893 712 1884 710 1884 708 1884 667 1893 657 1895 637 1895 513 1886 512 1886 510 1886 488 1897 486 1897 481 1897 402 1888 400 1888 318 1899 320 1935 320 1964 437 1953 470 1962 472 1962 473 1962 475 1962 477 1962 481 1962 513 1951 526 1961 528 1961 530 1961 532 1961 535 1961 575 1951 665 1959 705 1961 707 1961 761 1957 814 1951 843 1955 882 1959 883 1959 885 1959 898 1953 909 1948 1035 1950 1237 1955 1239 1955 1299 1944 1301 1926 1295 1886 1284 1886"/></Shape>
	    <String CONTENT="م آيره لا ا أزسورة الأعراف لا أبها أخر إزائه ا أزسورة الفرقان م"
                    HPOS="318"
                    VPOS="1880"
                    WIDTH="983"
                    HEIGHT="84"
                    WC="0.8244097858247622"></String>
          </TextLine>

          
        </TextBlock>
        
        <TextBlock HPOS="699"
                   VPOS="1982"
                   WIDTH="195"
                   HEIGHT="108"
                   ID="eSc_textblock_e74aa167"
                   TAGREFS="BT16061">
          <Shape><Polygon POINTS="743 1982 872 1982 894 2046 858 2090 707 2053 699 2019 743 1982"/></Shape>
          
          
          <TextLine ID="eSc_line_5f790c81"
                    TAGREFS="LT4834"
                    BASELINE="743 2033 856 2030" 
                    HPOS="741"
                    VPOS="1982"
                    WIDTH="115"
                    HEIGHT="75">
            <Shape><Polygon POINTS="765 1982 763 1982 761 1982 759 1982 741 1993 743 2033 743 2050 854 2057 856 2030 851 1984 801 1991 794 1990 767 1982 765 1982"/></Shape>
	    <String CONTENT="باب دوم"
                    HPOS="741"
                    VPOS="1982"
                    WIDTH="115"
                    HEIGHT="75"
                    WC="0.8830940042223249"></String>
          </TextLine>

          
        </TextBlock>
        

        
      </PrintSpace>
    </Page>
  </Layout>
</alto>
