<?xml version="1.0" encoding="UTF-8"?>
<alto xmlns:xsi="http://www.w3.org/2001/XMLSchema-instance"
      xmlns="http://www.loc.gov/standards/alto/ns-v4#"
      xsi:schemaLocation="http://www.loc.gov/standards/alto/ns-v4# http://www.loc.gov/standards/alto/v4/alto-4-2.xsd">
  <Description>
    <MeasurementUnit>pixel</MeasurementUnit>
    <sourceImageInformation>
      <fileName>TwoIsmailiTreatises042.jpg</fileName>
      
    </sourceImageInformation>
  </Description>
  
  <Tags>
    <OtherTag ID="BT16074" LABEL="MarginTextZone:commentary" DESCRIPTION="block type MarginTextZone:commentary"/><OtherTag ID="BT16073" LABEL="MarginTextZone:note#1" DESCRIPTION="block type MarginTextZone:note#1"/><OtherTag ID="BT16072" LABEL="MainZone:column#2" DESCRIPTION="block type MainZone:column#2"/><OtherTag ID="BT16071" LABEL="MainZone:column#3" DESCRIPTION="block type MainZone:column#3"/><OtherTag ID="BT16070" LABEL="GraphicZone:illustration" DESCRIPTION="block type GraphicZone:illustration"/><OtherTag ID="BT16069" LABEL="MainZone:column#1" DESCRIPTION="block type MainZone:column#1"/><OtherTag ID="BT16068" LABEL="MarginTextZone:note#2" DESCRIPTION="block type MarginTextZone:note#2"/><OtherTag ID="BT16067" LABEL="CustomZone:publication" DESCRIPTION="block type CustomZone:publication"/><OtherTag ID="BT16066" LABEL="RunningTitleZone" DESCRIPTION="block type RunningTitleZone"/><OtherTag ID="BT16065" LABEL="NumberingZone" DESCRIPTION="block type NumberingZone"/><OtherTag ID="BT16064" LABEL="default" DESCRIPTION="block type default"/><OtherTag ID="BT16063" LABEL="TitlePageZone" DESCRIPTION="block type TitlePageZone"/><OtherTag ID="BT16062" LABEL="NumberingZone:other" DESCRIPTION="block type NumberingZone:other"/><OtherTag ID="BT16061" LABEL="QuireMarksZone:catchwords" DESCRIPTION="block type QuireMarksZone:catchwords"/><OtherTag ID="BT16060" LABEL="MainZone" DESCRIPTION="block type MainZone"/><OtherTag ID="BT16059" LABEL="NumberingZone:page" DESCRIPTION="block type NumberingZone:page"/><OtherTag ID="BT16058" LABEL="MarginTextZone:note" DESCRIPTION="block type MarginTextZone:note"/><OtherTag ID="BT16057" LABEL="DigitizationArtefactZone" DESCRIPTION="block type DigitizationArtefactZone"/><OtherTag ID="BT4" LABEL="Illustration" DESCRIPTION="block type Illustration"/><OtherTag ID="BT3" LABEL="Commentary" DESCRIPTION="block type Commentary"/><OtherTag ID="BT2" LABEL="Main" DESCRIPTION="block type Main"/><OtherTag ID="BT1" LABEL="Title" DESCRIPTION="block type Title"/>
    <OtherTag ID="LT4834" LABEL="DefaultLine" DESCRIPTION="line type DefaultLine"/><OtherTag ID="LT4835" LABEL="HeadingLine:title" DESCRIPTION="line type HeadingLine:title"/>
  </Tags>
  
  <Layout>
    <Page WIDTH="1513"
          HEIGHT="2217"
          PHYSICAL_IMG_NR="38"
          ID="eSc_dummypage_">
      <PrintSpace HPOS="0"
                  VPOS="0"
                  WIDTH="1513"
                  HEIGHT="2217">
        
        <TextBlock HPOS="340"
                   VPOS="236"
                   WIDTH="1076"
                   HEIGHT="1735"
                   ID="eSc_textblock_b0a2e165"
                   TAGREFS="BT16060">
          <Shape><Polygon POINTS="885 236 1394 273 1416 968 1402 1941 1350 1971 362 1971 340 1936 377 1357 355 884 377 280 406 258 885 236"/></Shape>
          
          
          <TextLine ID="eSc_line_02a3f395"
                    TAGREFS="LT4834"
                    BASELINE="379 330 1359 323" 
                    HPOS="377"
                    VPOS="267"
                    WIDTH="982"
                    HEIGHT="95">
            <Shape><Polygon POINTS="377 277 379 330 379 345 471 349 488 362 490 362 492 362 493 362 567 360 569 360 571 360 590 349 617 362 619 362 621 362 780 352 824 360 826 360 828 360 830 360 852 343 885 358 887 358 889 360 952 360 952 358 1019 354 1020 354 1022 354 1022 352 1035 341 1037 341 1130 352 1131 352 1133 352 1176 339 1180 339 1357 339 1359 323 1355 271 1239 267 1237 267 1235 267 1228 271 1194 290 1146 290 1078 271 1067 269 982 269 980 269 978 269 976 269 974 271 943 291 858 291 743 291 710 275 708 275 706 275 617 295 565 295 545 275 545 273 543 273 541 273 540 273 538 273 536 273 480 295 447 295 423 273 421 273 419 273 418 273 379 273 377 277"/></Shape>
	    <String CONTENT="يا نماند بنده را از آن چه سود و چه زيان نعوذ بالنديند"
                    HPOS="377"
                    VPOS="267"
                    WIDTH="982"
                    HEIGHT="95"
                    WC="0.8985366931668034"></String>
          </TextLine>

          
          
          <TextLine ID="eSc_line_989734dc"
                    TAGREFS="LT4834"
                    BASELINE="381 430 1363 421" 
                    HPOS="379"
                    VPOS="369"
                    WIDTH="984"
                    HEIGHT="92">
            <Shape><Polygon POINTS="381 430 381 461 416 461 416 460 418 460 419 460 419 458 430 447 455 458 458 460 460 460 462 461 575 461 575 460 619 454 667 448 699 452 741 458 743 458 784 450 823 443 893 447 991 454 993 454 995 454 996 454 1009 445 1011 443 1202 439 1204 439 1217 450 1218 450 1220 450 1222 450 1324 439 1337 448 1339 448 1340 448 1342 448 1344 448 1346 448 1363 437 1363 421 1361 386 1340 373 1339 373 1337 373 1194 369 1193 369 1191 369 1189 369 1159 387 1154 391 1133 387 1091 380 1089 380 1087 380 1085 380 1078 387 1072 393 948 393 935 387 904 373 902 373 900 373 898 373 852 387 832 393 754 393 745 387 726 375 725 375 723 375 721 375 719 375 678 387 665 391 656 387 639 378 638 378 636 378 634 378 632 378 621 387 614 393 606 387 591 376 590 376 588 376 586 376 584 376 582 376 567 387 551 397 527 387 501 376 499 376 497 376 495 376 493 376 493 378 482 387 475 395 466 387 456 378 456 376 455 376 453 376 451 376 379 386 381 430"/></Shape>
	    <String CONTENT="را ملعون کند و خود دردد عالم بنده را وجودی نمماند و لعدم"
                    HPOS="379"
                    VPOS="369"
                    WIDTH="984"
                    HEIGHT="92"
                    WC="0.9003916313605649"></String>
          </TextLine>

          
          
          <TextLine ID="eSc_line_8acda264"
                    TAGREFS="LT4834"
                    BASELINE="379 532 1366 522" 
                    HPOS="377"
                    VPOS="465"
                    WIDTH="989"
                    HEIGHT="98">
            <Shape><Polygon POINTS="379 532 379 546 569 563 571 563 573 563 575 563 590 554 678 561 680 561 682 561 715 546 769 561 771 561 773 561 863 545 898 554 900 554 902 554 904 554 926 546 952 559 954 559 956 559 958 559 1011 541 1013 541 1017 541 1056 556 1057 556 1059 556 1061 556 1091 541 1093 539 1167 539 1168 539 1200 556 1202 556 1204 557 1204 556 1205 556 1237 539 1239 539 1241 539 1289 556 1291 556 1292 556 1294 556 1296 556 1296 554 1311 539 1365 539 1366 522 1363 482 1278 465 1276 465 1274 465 1244 474 1165 465 1163 465 1161 465 1159 465 1137 484 1130 491 1069 491 1059 485 1030 467 1028 467 1026 467 969 467 967 467 926 469 924 469 884 487 878 491 871 489 830 469 828 469 826 469 824 469 823 469 797 489 793 493 719 493 715 491 706 482 706 480 704 480 702 480 667 480 665 480 664 480 662 480 643 491 641 493 639 491 597 471 595 471 593 471 591 471 590 471 554 493 551 495 549 493 521 478 519 478 517 478 516 478 469 491 438 472 436 472 434 472 432 472 430 472 429 472 429 474 406 495 406 496 377 496 379 532"/></Shape>
	    <String CONTENT="جاودانی افتند آنگاه ذکر بنده بانی باشد يا نباشد"
                    HPOS="377"
                    VPOS="465"
                    WIDTH="989"
                    HEIGHT="98"
                    WC="0.944531807055076"></String>
          </TextLine>

          
          
          <TextLine ID="eSc_line_3ca49a25"
                    TAGREFS="LT4834"
                    BASELINE="382 644 1048 626 1372 628" 
                    HPOS="381"
                    VPOS="576"
                    WIDTH="991"
                    HEIGHT="102">
            <Shape><Polygon POINTS="382 644 384 678 447 661 564 670 593 672 595 672 597 672 606 668 649 652 676 665 688 670 689 670 691 672 728 672 728 670 730 670 754 663 793 650 845 657 897 666 898 666 900 666 902 666 917 655 930 644 1074 642 1089 648 1126 661 1128 661 1130 661 1131 661 1168 644 1172 644 1276 654 1278 654 1279 654 1303 641 1339 650 1340 650 1342 650 1344 650 1372 635 1372 628 1370 589 1255 580 1254 580 1252 580 1224 589 1176 576 1174 576 1172 576 1170 576 1168 576 1168 578 1152 593 1119 580 1117 580 1115 580 1113 580 1111 580 1111 581 1100 593 1082 583 1080 583 1078 583 980 596 978 596 930 578 928 578 926 578 924 578 884 587 815 580 813 580 811 580 754 600 675 585 673 585 671 585 636 604 591 589 590 589 588 589 586 589 543 604 521 587 519 587 517 587 469 587 467 587 466 587 381 609 382 644"/></Shape>
	    <String CONTENT="و آن وقت باز ينده را هم از آن چه سود و چه زيان وهر"
                    HPOS="381"
                    VPOS="576"
                    WIDTH="991"
                    HEIGHT="102"
                    WC="0.8862660916951987"></String>
          </TextLine>

          
          
          <TextLine ID="eSc_line_1a650cc3"
                    TAGREFS="LT4834"
                    BASELINE="379 740 1365 724" 
                    HPOS="377"
                    VPOS="668"
                    WIDTH="988"
                    HEIGHT="109">
            <Shape><Polygon POINTS="379 740 379 750 408 764 410 764 412 764 473 755 523 775 525 775 527 777 597 777 597 775 723 772 725 772 765 751 791 763 793 763 795 763 797 763 815 753 869 761 871 761 873 761 874 761 893 750 980 750 1030 768 1032 768 1033 768 1067 766 1069 766 1070 766 1111 740 1122 750 1124 750 1126 750 1128 750 1130 750 1168 739 1235 748 1237 748 1239 748 1241 748 1257 735 1365 733 1365 724 1363 690 1346 679 1344 679 1342 679 1340 679 1339 679 1337 679 1320 694 1279 694 1254 670 1254 668 1252 668 1250 668 1248 668 1204 670 1202 670 1200 670 1200 672 1181 690 1143 696 1139 696 1122 685 1120 685 1119 685 1117 685 1115 685 1096 694 1057 690 1026 674 1024 674 1022 674 1020 674 1019 674 980 698 980 700 972 700 904 700 895 690 895 689 893 689 891 689 889 689 887 689 885 689 876 698 850 681 848 681 847 681 732 678 730 678 684 683 682 683 680 683 654 703 610 679 608 679 606 679 604 679 602 679 593 689 575 681 573 681 571 681 569 681 567 681 567 683 553 696 523 681 521 681 519 681 517 681 516 681 479 707 475 709 377 709 379 740"/></Shape>
	    <String CONTENT="بنده که در عدم باشد او را از يخ چيز خبر نباشد نه"
                    HPOS="377"
                    VPOS="668"
                    WIDTH="988"
                    HEIGHT="109"
                    WC="0.9109160291651884"></String>
          </TextLine>

          
          
          <TextLine ID="eSc_line_29692da2"
                    TAGREFS="LT4834"
                    BASELINE="381 836 1361 816" 
                    HPOS="379"
                    VPOS="759"
                    WIDTH="982"
                    HEIGHT="109">
            <Shape><Polygon POINTS="381 836 382 868 418 851 443 864 445 864 447 864 449 864 451 864 451 862 460 855 514 862 525 864 527 864 528 864 530 864 532 862 547 853 588 860 602 862 604 862 606 862 615 859 649 848 676 857 688 860 689 860 691 860 693 860 712 857 730 851 756 855 795 859 797 859 799 859 800 859 810 853 826 842 874 849 898 853 900 853 902 853 904 853 904 851 908 849 917 840 947 848 967 851 969 851 1017 844 1059 838 1067 842 1078 849 1080 849 1082 849 1172 851 1174 851 1176 851 1178 851 1178 849 1180 849 1185 840 1263 846 1265 846 1359 831 1361 816 1355 763 1213 781 1180 768 1156 759 1154 759 1152 759 1150 759 1119 770 1082 785 1015 777 1013 777 1011 777 1009 777 996 787 943 777 937 777 935 777 934 777 932 777 932 779 922 787 902 779 861 766 860 766 858 766 856 766 854 766 834 781 826 788 808 783 754 766 752 766 750 766 749 766 747 766 747 768 728 787 726 788 723 787 713 777 712 777 710 777 708 777 706 777 704 777 704 779 693 787 688 792 671 788 632 779 630 779 628 779 612 788 591 770 590 770 588 770 586 770 488 772 486 772 430 796 414 781 414 779 412 779 410 779 408 779 406 779 405 779 379 794 381 836"/></Shape>
	    <String CONTENT="از خدانی که هست و نه از خلق که نيست هر کس که بعدم"
                    HPOS="379"
                    VPOS="759"
                    WIDTH="982"
                    HEIGHT="109"
                    WC="0.9204463508664346"></String>
          </TextLine>

          
          
          <TextLine ID="eSc_line_4bbb0548"
                    TAGREFS="LT4834"
                    BASELINE="721 929 1368 918" 
                    HPOS="719"
                    VPOS="855"
                    WIDTH="649"
                    HEIGHT="102">
            <Shape><Polygon POINTS="721 929 721 944 734 953 736 953 738 953 739 953 793 942 830 955 832 955 834 955 836 955 863 945 934 957 935 957 937 957 972 940 1020 955 1022 955 1024 955 1106 953 1107 953 1109 953 1109 951 1126 936 1143 947 1144 947 1146 947 1148 947 1150 947 1152 947 1152 945 1154 945 1161 936 1163 936 1218 944 1220 944 1222 944 1252 934 1261 932 1270 934 1298 942 1300 942 1302 942 1368 932 1368 918 1365 877 1266 860 1265 860 1263 860 1261 860 1261 862 1246 877 1207 877 1187 857 1187 855 1185 855 1183 855 1163 855 1161 855 1159 855 1117 879 1100 866 1098 866 1096 866 1094 866 996 881 963 860 961 860 959 860 958 860 956 860 954 860 930 877 913 862 913 860 911 860 910 860 847 860 845 860 843 860 800 883 771 862 769 862 767 862 765 862 763 862 762 862 762 864 739 886 719 886 721 929"/></Shape>
	    <String CONTENT="افتاد اوسمیچون حال سکد باشد"
                    HPOS="719"
                    VPOS="855"
                    WIDTH="649"
                    HEIGHT="102"
                    WC="0.9086239735285441"></String>
          </TextLine>

          
          
          <TextLine ID="eSc_line_7eae92bf"
                    TAGREFS="LT4834"
                    BASELINE="382 1032 1102 1023 1187 1012" 
                    HPOS="381"
                    VPOS="953"
                    WIDTH="806"
                    HEIGHT="113">
            <Shape><Polygon POINTS="382 1032 382 1056 399 1066 401 1066 403 1066 405 1066 429 1053 442 1047 460 1053 504 1066 506 1066 508 1066 510 1066 564 1049 578 1045 591 1049 632 1064 634 1064 636 1064 671 1062 673 1062 675 1062 699 1045 704 1041 780 1040 786 1043 804 1060 806 1060 808 1060 810 1060 861 1049 887 1060 889 1060 891 1060 893 1060 930 1040 935 1038 965 1040 1009 1041 1022 1054 1024 1054 1026 1054 1028 1054 1030 1054 1032 1054 1054 1038 1126 1056 1128 1056 1130 1056 1131 1056 1133 1056 1133 1054 1154 1034 1187 1034 1187 1012 1176 953 1139 975 989 966 987 966 985 966 948 977 926 964 926 962 924 962 922 962 921 962 919 962 915 964 898 971 876 966 850 958 848 958 847 958 845 958 843 958 834 968 817 981 797 981 782 969 767 958 765 958 763 958 762 958 760 958 712 971 710 971 708 971 639 966 638 966 636 966 634 966 634 968 625 975 619 981 610 975 588 962 586 962 584 962 582 962 580 962 560 973 541 962 540 962 538 962 536 962 534 962 492 973 460 964 458 964 456 964 455 964 453 964 423 984 419 986 381 986 382 1032"/></Shape>
	    <String CONTENT="خصی از مولانا علی ذکره السلام سيوال کرد که يا"
                    HPOS="381"
                    VPOS="953"
                    WIDTH="806"
                    HEIGHT="113"
                    WC="0.9056507428487142"></String>
          </TextLine>

          
          
          <TextLine ID="eSc_line_b5a512cd"
                    TAGREFS="LT4834"
                    BASELINE="384 1130 1370 1112" 
                    HPOS="382"
                    VPOS="1051"
                    WIDTH="988"
                    HEIGHT="109">
            <Shape><Polygon POINTS="384 1130 384 1141 451 1156 453 1156 455 1156 504 1139 506 1139 508 1139 549 1160 551 1160 553 1160 554 1160 577 1147 590 1158 591 1158 593 1158 595 1158 597 1158 599 1158 617 1147 654 1156 656 1156 658 1156 660 1156 662 1156 662 1154 682 1136 710 1150 712 1150 713 1150 715 1150 750 1141 773 1156 774 1156 776 1156 778 1156 922 1152 924 1152 926 1152 950 1132 950 1130 974 1130 985 1130 1070 1139 1072 1139 1074 1139 1076 1139 1076 1138 1078 1138 1085 1128 1119 1128 1163 1149 1165 1149 1167 1149 1168 1149 1170 1149 1202 1128 1217 1139 1218 1139 1220 1139 1222 1139 1224 1139 1261 1126 1328 1138 1329 1138 1331 1138 1370 1123 1370 1112 1366 1071 1292 1058 1291 1058 1289 1058 1265 1071 1194 1062 1193 1062 1191 1062 1144 1073 1119 1054 1117 1054 1115 1054 1113 1054 1111 1054 1109 1054 1085 1073 1000 1051 998 1051 996 1051 995 1051 939 1073 919 1054 917 1054 915 1054 913 1054 911 1054 910 1054 900 1062 876 1053 874 1053 873 1053 871 1053 869 1053 832 1078 786 1056 784 1056 736 1056 734 1056 732 1056 730 1056 708 1077 689 1067 688 1067 686 1067 684 1067 682 1067 662 1084 621 1084 582 1058 580 1058 578 1058 577 1058 575 1058 538 1075 506 1060 504 1060 503 1060 464 1062 397 1073 395 1073 393 1073 393 1075 382 1084 384 1130"/></Shape>
	    <String CONTENT="مولانا شما هنبع رحمت وضل و کرم و لطف ميباشی سکد را"
                    HPOS="382"
                    VPOS="1051"
                    WIDTH="988"
                    HEIGHT="109"
                    WC="0.9407852613925933"></String>
          </TextLine>

          
          
          <TextLine ID="eSc_line_12b623fc"
                    TAGREFS="LT4834"
                    BASELINE="382 1228 1363 1223" 
                    HPOS="381"
                    VPOS="1160"
                    WIDTH="982"
                    HEIGHT="99">
            <Shape><Polygon POINTS="382 1228 382 1243 403 1258 405 1258 406 1258 408 1258 527 1247 538 1256 538 1258 540 1258 541 1258 543 1259 599 1259 599 1258 601 1258 645 1239 649 1239 669 1239 671 1241 688 1256 688 1258 689 1258 691 1258 693 1258 765 1241 782 1237 800 1241 832 1247 834 1247 861 1241 882 1237 887 1241 908 1256 910 1256 911 1256 913 1256 976 1241 998 1237 1024 1243 1043 1245 1045 1245 1046 1245 1056 1243 1074 1235 1082 1243 1093 1252 1093 1254 1094 1254 1096 1254 1098 1254 1100 1254 1130 1243 1146 1235 1165 1243 1191 1254 1193 1254 1194 1256 1228 1256 1228 1254 1230 1254 1231 1254 1231 1252 1242 1243 1250 1235 1272 1235 1281 1243 1291 1252 1291 1254 1292 1254 1294 1254 1296 1254 1361 1243 1363 1223 1359 1160 1281 1160 1279 1160 1278 1160 1272 1162 1222 1189 1183 1189 1152 1169 1150 1169 1148 1169 1146 1169 1144 1169 1096 1189 1076 1171 1074 1171 1072 1171 1070 1171 1069 1171 1067 1171 1067 1173 1048 1189 1006 1182 1004 1182 958 1191 948 1184 948 1182 947 1182 945 1182 943 1182 915 1186 904 1176 893 1167 893 1165 891 1165 889 1165 887 1165 885 1165 884 1165 867 1178 860 1182 854 1178 839 1163 839 1162 837 1162 836 1162 834 1162 832 1162 810 1171 723 1162 721 1162 719 1162 717 1162 717 1163 704 1176 682 1167 680 1167 678 1167 676 1167 636 1186 621 1193 558 1189 504 1186 488 1169 488 1167 486 1167 484 1167 482 1167 480 1167 425 1195 381 1195 382 1228"/></Shape>
	    <String CONTENT="هم ه شخص و جان بازار و براو رحمت كن حضرت مولانا به جوان"
                    HPOS="381"
                    VPOS="1160"
                    WIDTH="982"
                    HEIGHT="99"
                    WC="0.9323296189308167"></String>
          </TextLine>

          
          
          <TextLine ID="eSc_line_8f66b223"
                    TAGREFS="LT4834"
                    BASELINE="377 1337 1374 1322" 
                    HPOS="375"
                    VPOS="1252"
                    WIDTH="999"
                    HEIGHT="107">
            <Shape><Polygon POINTS="377 1337 377 1350 429 1346 449 1352 469 1357 471 1357 473 1357 475 1357 490 1352 503 1346 528 1350 560 1356 562 1356 564 1356 565 1356 575 1350 584 1344 593 1350 615 1359 617 1359 619 1359 621 1359 647 1348 664 1343 699 1348 747 1356 749 1356 750 1356 752 1356 765 1346 769 1344 928 1341 934 1344 945 1354 947 1354 948 1354 950 1356 998 1356 998 1354 1000 1354 1024 1343 1033 1339 1050 1343 1091 1352 1093 1352 1094 1352 1124 1341 1141 1335 1150 1341 1157 1346 1159 1346 1161 1346 1163 1346 1204 1341 1239 1335 1246 1339 1250 1343 1252 1343 1254 1343 1255 1343 1257 1343 1270 1339 1289 1333 1296 1339 1305 1346 1305 1348 1307 1348 1309 1348 1311 1348 1372 1337 1374 1322 1368 1267 1248 1280 1237 1271 1218 1254 1218 1252 1217 1252 1215 1252 1196 1252 1194 1252 1193 1252 1191 1252 1168 1272 1156 1284 1131 1284 1117 1272 1091 1254 1089 1254 1087 1254 1041 1254 1039 1254 1037 1254 1035 1254 1000 1276 987 1284 976 1276 935 1256 934 1256 869 1256 867 1256 865 1256 863 1256 863 1258 841 1282 839 1282 837 1282 832 1276 830 1276 828 1276 826 1276 824 1276 823 1276 815 1282 808 1287 773 1284 747 1280 745 1280 667 1285 599 1291 593 1287 571 1271 569 1271 567 1271 565 1271 564 1271 543 1280 525 1263 525 1261 523 1261 521 1261 493 1261 492 1261 490 1261 375 1293 377 1337"/></Shape>
	    <String CONTENT="فرموده اند که مولانا اگر هم رحمت بکند اما او نيست شده از کجا باز"
                    HPOS="375"
                    VPOS="1252"
                    WIDTH="999"
                    HEIGHT="107"
                    WC="0.8643050156533718"></String>
          </TextLine>

          
          
          <TextLine ID="eSc_line_670133ac"
                    TAGREFS="LT4834"
                    BASELINE="390 1441 1376 1424" 
                    HPOS="388"
                    VPOS="1361"
                    WIDTH="988"
                    HEIGHT="104">
            <Shape><Polygon POINTS="390 1441 390 1465 467 1453 486 1463 488 1463 490 1463 492 1463 656 1459 658 1459 660 1459 660 1457 662 1457 675 1444 725 1441 791 1441 810 1452 815 1457 817 1457 819 1457 821 1457 823 1457 836 1452 863 1439 891 1448 893 1448 895 1448 897 1448 898 1448 898 1446 908 1437 985 1437 1006 1446 1015 1450 1017 1450 1019 1450 1020 1450 1022 1450 1022 1448 1024 1448 1026 1444 1033 1435 1067 1435 1080 1444 1089 1452 1091 1452 1093 1452 1094 1452 1096 1452 1126 1442 1152 1452 1154 1452 1156 1452 1230 1439 1274 1431 1372 1433 1376 1424 1368 1363 1333 1381 1311 1367 1309 1367 1307 1367 1305 1367 1303 1367 1265 1383 1231 1368 1215 1361 1213 1361 1159 1361 1157 1361 1156 1361 1154 1361 1154 1363 1144 1372 1135 1380 1096 1374 1074 1370 1072 1370 1070 1370 1069 1370 1063 1374 1048 1383 1033 1376 1024 1372 1022 1372 1020 1372 1019 1372 1017 1372 1011 1376 991 1391 932 1393 874 1393 861 1383 839 1367 837 1367 836 1367 834 1367 786 1368 784 1368 734 1387 713 1394 689 1389 608 1370 606 1370 604 1370 602 1370 571 1394 567 1396 556 1394 516 1385 514 1385 512 1385 471 1398 469 1398 449 1383 447 1383 445 1383 443 1383 442 1383 440 1383 440 1385 425 1400 388 1400 390 1441"/></Shape>
	    <String CONTENT="آمد سرانى كه همه نيست شد جدآن به حجا باشد می اجمله هر چه در حق"
                    HPOS="388"
                    VPOS="1361"
                    WIDTH="988"
                    HEIGHT="104"
                    WC="0.8801636751741171"></String>
          </TextLine>

          
          
          <TextLine ID="eSc_line_837f6cb4"
                    TAGREFS="LT4834"
                    BASELINE="382 1527 1372 1522" 
                    HPOS="381"
                    VPOS="1453"
                    WIDTH="991"
                    HEIGHT="106">
            <Shape><Polygon POINTS="382 1527 382 1540 436 1557 438 1557 440 1557 525 1540 527 1540 554 1557 556 1557 558 1557 560 1559 710 1559 710 1557 808 1538 813 1538 904 1538 906 1538 926 1555 928 1555 930 1555 932 1557 972 1557 972 1555 974 1555 976 1555 976 1553 991 1540 1032 1555 1033 1555 1035 1555 1109 1537 1115 1537 1119 1537 1183 1550 1185 1550 1370 1535 1372 1522 1365 1466 1328 1481 1296 1468 1270 1457 1268 1457 1266 1457 1265 1457 1263 1457 1248 1468 1239 1478 1191 1479 1180 1470 1174 1466 1172 1466 1170 1466 1168 1466 1167 1466 1165 1466 1157 1472 1135 1487 1033 1487 1013 1476 1004 1468 1002 1468 1000 1468 998 1468 996 1468 995 1468 984 1476 980 1478 978 1476 954 1455 954 1453 952 1453 950 1453 878 1453 876 1453 874 1453 873 1453 852 1468 823 1453 821 1453 819 1453 817 1453 815 1453 782 1481 774 1489 664 1489 658 1485 630 1457 630 1455 628 1455 627 1455 625 1455 623 1455 577 1472 530 1455 528 1455 451 1455 449 1455 447 1455 445 1455 445 1457 418 1485 381 1490 382 1527"/></Shape>
	    <String CONTENT="جمله مبطلان بينند همان سکد باشد و هر چه در حق جمله محقان گريند"
                    HPOS="381"
                    VPOS="1453"
                    WIDTH="991"
                    HEIGHT="106"
                    WC="0.9037546390487302"></String>
          </TextLine>

          
          
          <TextLine ID="eSc_line_3c51c7a4"
                    TAGREFS="LT4834"
                    BASELINE="381 1629 1374 1620" 
                    HPOS="379"
                    VPOS="1550"
                    WIDTH="995"
                    HEIGHT="99">
            <Shape><Polygon POINTS="381 1629 381 1649 723 1649 723 1647 725 1647 726 1647 730 1644 741 1635 800 1635 858 1642 860 1642 991 1633 1019 1642 1028 1644 1030 1644 1032 1644 1050 1640 1093 1633 1150 1640 1172 1642 1174 1642 1198 1638 1255 1631 1278 1638 1289 1642 1291 1642 1292 1642 1294 1642 1309 1638 1333 1631 1340 1638 1344 1640 1344 1642 1346 1642 1348 1642 1350 1642 1374 1636 1374 1620 1366 1572 1344 1577 1335 1572 1326 1564 1324 1564 1322 1564 1320 1564 1318 1564 1303 1572 1291 1579 1278 1572 1254 1559 1252 1559 1250 1559 1248 1559 1246 1559 1230 1574 1228 1575 1226 1574 1191 1550 1189 1550 1187 1550 1185 1550 1074 1551 1072 1551 1070 1551 1070 1553 1046 1577 1041 1583 969 1583 963 1577 956 1572 956 1570 954 1570 952 1570 950 1570 948 1570 947 1570 947 1572 939 1577 935 1583 924 1579 906 1572 904 1572 902 1572 869 1579 852 1583 848 1579 821 1561 819 1561 817 1561 815 1561 813 1561 771 1579 745 1559 743 1559 741 1559 697 1555 695 1555 693 1555 691 1555 691 1557 671 1575 610 1583 597 1585 593 1585 538 1557 536 1557 455 1557 453 1557 451 1557 449 1557 412 1585 379 1587 381 1629"/></Shape>
	    <String CONTENT="همان سلمان با مشلا بنده از خدا و خدانی بفتاد و اگر کسی"
                    HPOS="379"
                    VPOS="1550"
                    WIDTH="995"
                    HEIGHT="99"
                    WC="0.8772056340067474"></String>
          </TextLine>

          
          
          <TextLine ID="eSc_line_f1bdaeab"
                    TAGREFS="LT4834"
                    BASELINE="373 1727 1376 1720" 
                    HPOS="371"
                    VPOS="1655"
                    WIDTH="1005"
                    HEIGHT="98">
            <Shape><Polygon POINTS="373 1727 373 1734 427 1753 429 1753 430 1753 510 1744 565 1753 567 1753 569 1753 571 1753 591 1734 623 1734 671 1751 673 1751 675 1751 676 1751 713 1736 725 1747 726 1747 728 1747 730 1747 732 1747 765 1736 780 1749 780 1751 782 1751 784 1751 786 1753 813 1753 813 1751 815 1751 873 1734 904 1749 906 1749 908 1749 993 1732 1183 1747 1185 1747 1283 1731 1300 1745 1300 1747 1302 1747 1303 1747 1305 1749 1333 1749 1333 1747 1335 1747 1376 1727 1376 1720 1366 1655 1340 1675 1279 1664 1278 1664 1276 1664 1254 1675 1242 1664 1242 1662 1241 1662 1239 1662 1237 1662 1235 1662 1191 1673 1144 1662 1126 1657 1124 1657 1122 1657 1120 1657 1119 1657 1113 1662 1094 1677 1026 1666 1024 1666 1022 1666 1020 1666 1004 1677 985 1666 978 1660 976 1660 974 1660 972 1660 971 1660 956 1666 930 1677 869 1668 834 1664 832 1664 830 1664 810 1670 782 1679 767 1671 745 1660 743 1660 741 1660 739 1660 704 1673 701 1675 699 1673 686 1662 686 1660 684 1660 682 1660 621 1660 619 1660 549 1677 530 1683 486 1683 482 1679 467 1666 466 1666 464 1666 462 1666 371 1681 373 1727"/></Shape>
	    <String CONTENT="گويد بهسوى چه گويند به سوی برادران مومن که اسمچون مايان"
                    HPOS="371"
                    VPOS="1655"
                    WIDTH="1005"
                    HEIGHT="98"
                    WC="0.9148669329556551"></String>
          </TextLine>

          
          
          <TextLine ID="eSc_line_abaea3ea"
                    TAGREFS="LT4834"
                    BASELINE="375 1830 1054 1823 1370 1808" 
                    HPOS="373"
                    VPOS="1753"
                    WIDTH="997"
                    HEIGHT="105">
            <Shape><Polygon POINTS="375 1830 375 1838 421 1858 423 1858 425 1858 427 1858 471 1840 506 1856 508 1856 510 1856 625 1840 649 1854 651 1854 652 1854 654 1856 695 1856 695 1854 697 1854 699 1854 723 1834 795 1853 797 1853 799 1853 800 1853 802 1853 821 1840 889 1851 891 1851 893 1851 913 1841 943 1849 945 1849 947 1849 948 1849 950 1849 971 1834 1037 1843 1039 1843 1041 1843 1065 1834 1085 1847 1087 1847 1089 1847 1091 1847 1093 1847 1094 1847 1124 1827 1178 1843 1180 1843 1181 1843 1183 1843 1185 1843 1207 1827 1246 1836 1248 1836 1250 1836 1370 1821 1370 1808 1363 1758 1272 1782 1170 1782 1154 1766 1150 1764 1150 1762 1148 1762 1146 1762 1144 1762 1143 1762 1133 1766 1098 1786 993 1786 976 1771 956 1755 956 1753 954 1753 952 1753 950 1753 948 1753 908 1766 897 1756 897 1755 895 1755 893 1755 891 1755 763 1756 762 1756 760 1756 745 1768 730 1756 728 1756 726 1756 725 1756 619 1758 617 1758 615 1758 615 1760 590 1786 582 1793 504 1790 493 1790 462 1764 460 1764 458 1764 456 1764 455 1764 432 1775 406 1762 405 1762 403 1762 401 1762 399 1762 399 1764 373 1788 375 1830"/></Shape>
	    <String CONTENT="ضعيف تر باشند و از آن گفتند كه سخن نظم بر خاطر مردم"
                    HPOS="373"
                    VPOS="1753"
                    WIDTH="997"
                    HEIGHT="105"
                    WC="0.921658653479356"></String>
          </TextLine>

          
          
          <TextLine ID="eSc_line_51e0481d"
                    TAGREFS="LT4834"
                    BASELINE="362 1926 1370 1921" 
                    HPOS="360"
                    VPOS="1854"
                    WIDTH="1010"
                    HEIGHT="117">
            <Shape><Polygon POINTS="362 1926 362 1958 575 1971 577 1971 578 1971 621 1954 636 1950 665 1954 693 1958 695 1958 697 1958 699 1958 699 1956 701 1956 702 1954 706 1949 776 1949 795 1952 863 1969 865 1969 867 1969 900 1950 906 1949 910 1950 945 1967 947 1967 948 1969 1054 1969 1054 1967 1056 1967 1128 1949 1150 1963 1152 1963 1154 1963 1156 1963 1157 1963 1215 1947 1217 1945 1370 1943 1370 1921 1368 1880 1339 1858 1337 1858 1335 1858 1333 1858 1331 1858 1329 1858 1300 1882 1292 1889 1235 1889 1226 1882 1205 1865 1204 1865 1202 1865 1200 1865 1198 1865 1196 1865 1196 1867 1181 1880 1176 1886 1154 1880 1117 1873 1115 1873 1113 1873 1111 1873 1104 1880 1093 1889 1059 1889 1050 1880 1022 1856 1022 1854 1020 1854 1019 1854 1017 1854 1015 1854 959 1878 935 1891 884 1891 867 1878 850 1865 848 1865 847 1865 845 1865 843 1865 841 1865 826 1878 810 1891 712 1891 697 1877 676 1858 676 1856 675 1856 673 1856 649 1856 647 1856 645 1856 643 1856 643 1858 625 1877 615 1884 604 1877 580 1856 578 1856 577 1856 575 1856 573 1856 538 1871 525 1858 525 1856 523 1856 521 1856 381 1856 379 1856 377 1856 375 1856 360 1865 362 1926"/></Shape>
	    <String CONTENT="آيخته و دل آويز تر از سخن تر باشد زيرا که با لظم الفتش"
                    HPOS="360"
                    VPOS="1854"
                    WIDTH="1010"
                    HEIGHT="117"
                    WC="0.8780367246695927"></String>
          </TextLine>

          
        </TextBlock>
        
        <TextBlock HPOS="774"
                   VPOS="140"
                   WIDTH="161"
                   HEIGHT="102"
                   ID="eSc_textblock_7ddae548"
                   TAGREFS="BT16059">
          <Shape><Polygon POINTS="848 140 935 155 935 212 869 242 797 227 774 169 848 140"/></Shape>
          
          
          <TextLine ID="eSc_line_89f236dd"
                    TAGREFS="LT4834"
                    BASELINE="811 199 884 199" 
                    HPOS="811"
                    VPOS="164"
                    WIDTH="73"
                    HEIGHT="76">
            <Shape><Polygon POINTS="811 199 811 229 828 240 830 240 832 240 834 240 884 232 884 199 884 164 811 164 811 199"/></Shape>
	    <String CONTENT=""
                    HPOS="811"
                    VPOS="164"
                    WIDTH="73"
                    HEIGHT="76"></String>
          </TextLine>

          
        </TextBlock>
        
        <TextBlock HPOS="303"
                   VPOS="1455"
                   WIDTH="50"
                   HEIGHT="87"
                   ID="eSc_textblock_a0447cb9"
                   TAGREFS="BT16062">
          <Shape><Polygon POINTS="318 1455 353 1507 353 1542 303 1535 318 1455"/></Shape>
          
          
          <TextLine ID="eSc_line_55ad89ee"
                    TAGREFS="LT4834"
                    BASELINE="301 1513 331 1518" 
                    HPOS="295"
                    VPOS="1474"
                    WIDTH="39"
                    HEIGHT="61">
            <Shape><Polygon POINTS="295 1533 325 1535 331 1518 334 1492 308 1474 301 1513 295 1533"/></Shape>
	    <String CONTENT=""
                    HPOS="295"
                    VPOS="1474"
                    WIDTH="39"
                    HEIGHT="61"></String>
          </TextLine>

          
        </TextBlock>
        
        <TextBlock HPOS="797"
                   VPOS="1973"
                   WIDTH="116"
                   HEIGHT="94"
                   ID="eSc_textblock_b03499cf"
                   TAGREFS="BT16061">
          <Shape><Polygon POINTS="834 1973 913 1987 913 2067 804 2037 797 2002 834 1973"/></Shape>
          
          
          <TextLine ID="eSc_line_9e301095"
                    TAGREFS="LT4834"
                    BASELINE="828 2026 906 2026" 
                    HPOS="828"
                    VPOS="1987"
                    WIDTH="78"
                    HEIGHT="87">
            <Shape><Polygon POINTS="828 2026 828 2074 906 2074 906 2026 904 1987 828 1995 828 2026"/></Shape>
	    <String CONTENT="باشد"
                    HPOS="828"
                    VPOS="1987"
                    WIDTH="78"
                    HEIGHT="87"
                    WC="0.948746383190155"></String>
          </TextLine>

          
        </TextBlock>
        

        
      </PrintSpace>
    </Page>
  </Layout>
</alto>
