<?xml version="1.0" encoding="UTF-8"?>
<alto xmlns:xsi="http://www.w3.org/2001/XMLSchema-instance"
      xmlns="http://www.loc.gov/standards/alto/ns-v4#"
      xsi:schemaLocation="http://www.loc.gov/standards/alto/ns-v4# http://www.loc.gov/standards/alto/v4/alto-4-2.xsd">
  <Description>
    <MeasurementUnit>pixel</MeasurementUnit>
    <sourceImageInformation>
      <fileName>TwoIsmailiTreatises062.jpg</fileName>
      
    </sourceImageInformation>
  </Description>
  
  <Tags>
    <OtherTag ID="BT16074" LABEL="MarginTextZone:commentary" DESCRIPTION="block type MarginTextZone:commentary"/><OtherTag ID="BT16073" LABEL="MarginTextZone:note#1" DESCRIPTION="block type MarginTextZone:note#1"/><OtherTag ID="BT16072" LABEL="MainZone:column#2" DESCRIPTION="block type MainZone:column#2"/><OtherTag ID="BT16071" LABEL="MainZone:column#3" DESCRIPTION="block type MainZone:column#3"/><OtherTag ID="BT16070" LABEL="GraphicZone:illustration" DESCRIPTION="block type GraphicZone:illustration"/><OtherTag ID="BT16069" LABEL="MainZone:column#1" DESCRIPTION="block type MainZone:column#1"/><OtherTag ID="BT16068" LABEL="MarginTextZone:note#2" DESCRIPTION="block type MarginTextZone:note#2"/><OtherTag ID="BT16067" LABEL="CustomZone:publication" DESCRIPTION="block type CustomZone:publication"/><OtherTag ID="BT16066" LABEL="RunningTitleZone" DESCRIPTION="block type RunningTitleZone"/><OtherTag ID="BT16065" LABEL="NumberingZone" DESCRIPTION="block type NumberingZone"/><OtherTag ID="BT16064" LABEL="default" DESCRIPTION="block type default"/><OtherTag ID="BT16063" LABEL="TitlePageZone" DESCRIPTION="block type TitlePageZone"/><OtherTag ID="BT16062" LABEL="NumberingZone:other" DESCRIPTION="block type NumberingZone:other"/><OtherTag ID="BT16061" LABEL="QuireMarksZone:catchwords" DESCRIPTION="block type QuireMarksZone:catchwords"/><OtherTag ID="BT16060" LABEL="MainZone" DESCRIPTION="block type MainZone"/><OtherTag ID="BT16059" LABEL="NumberingZone:page" DESCRIPTION="block type NumberingZone:page"/><OtherTag ID="BT16058" LABEL="MarginTextZone:note" DESCRIPTION="block type MarginTextZone:note"/><OtherTag ID="BT16057" LABEL="DigitizationArtefactZone" DESCRIPTION="block type DigitizationArtefactZone"/><OtherTag ID="BT4" LABEL="Illustration" DESCRIPTION="block type Illustration"/><OtherTag ID="BT3" LABEL="Commentary" DESCRIPTION="block type Commentary"/><OtherTag ID="BT2" LABEL="Main" DESCRIPTION="block type Main"/><OtherTag ID="BT1" LABEL="Title" DESCRIPTION="block type Title"/>
    <OtherTag ID="LT4834" LABEL="DefaultLine" DESCRIPTION="line type DefaultLine"/><OtherTag ID="LT4835" LABEL="HeadingLine:title" DESCRIPTION="line type HeadingLine:title"/>
  </Tags>
  
  <Layout>
    <Page WIDTH="1483"
          HEIGHT="2191"
          PHYSICAL_IMG_NR="58"
          ID="eSc_dummypage_">
      <PrintSpace HPOS="0"
                  VPOS="0"
                  WIDTH="1483"
                  HEIGHT="2191">
        
        <TextBlock HPOS="387"
                   VPOS="314"
                   WIDTH="78"
                   HEIGHT="49"
                   ID="eSc_textblock_6e96fa03"
                   TAGREFS="BT16059">
          <Shape><Polygon POINTS="423 314 465 335 451 363 387 341 423 314"/></Shape>
          
          
          <TextLine ID="eSc_line_bfe5d5f6"
                    TAGREFS="LT4834"
                    BASELINE="379 339 434 334" 
                    HPOS="376"
                    VPOS="310"
                    WIDTH="58"
                    HEIGHT="49">
            <Shape><Polygon POINTS="414 319 396 332 392 310 376 310 379 339 381 359 434 359 434 334 432 319 414 319"/></Shape>
	    <String CONTENT=""
                    HPOS="376"
                    VPOS="310"
                    WIDTH="58"
                    HEIGHT="49"></String>
          </TextLine>

          
        </TextBlock>
        
        <TextBlock HPOS="883"
                   VPOS="525"
                   WIDTH="79"
                   HEIGHT="42"
                   ID="eSc_textblock_79503c27"
                   TAGREFS="BT16059">
          <Shape><Polygon POINTS="913 525 962 533 962 553 905 567 883 540 913 525"/></Shape>
          
          
          <TextLine ID="eSc_line_238aa364"
                    TAGREFS="LT4834"
                    BASELINE="891 547 922 549" 
                    HPOS="889"
                    VPOS="525"
                    WIDTH="33"
                    HEIGHT="39">
            <Shape><Polygon POINTS="909 525 891 545 891 547 889 564 920 564 922 549 920 525 909 525"/></Shape>
	    <String CONTENT=""
                    HPOS="889"
                    VPOS="525"
                    WIDTH="33"
                    HEIGHT="39"></String>
          </TextLine>

          
        </TextBlock>
        
        <TextBlock HPOS="321"
                   VPOS="832"
                   WIDTH="509"
                   HEIGHT="962"
                   ID="eSc_textblock_ae8f9672"
                   TAGREFS="BT16060">
          <Shape><Polygon POINTS="664 832 787 832 816 883 794 927 830 1088 809 1110 823 1290 801 1409 816 1780 343 1794 321 1641 343 1592 321 1555 357 1504 328 1495 328 1438 394 1416 336 1400 357 1212 328 1088 357 942 460 933 357 911 357 839 553 854 664 832"/></Shape>
          
          
          <TextLine ID="eSc_line_c1e6a327"
                    TAGREFS="LT4834"
                    BASELINE="573 1026 776 1020" 
                    HPOS="571"
                    VPOS="973"
                    WIDTH="205"
                    HEIGHT="84">
            <Shape><Polygon POINTS="573 1026 573 1038 613 1057 615 1057 617 1057 619 1057 620 1057 620 1055 631 1046 686 1055 688 1055 690 1055 692 1055 692 1053 710 1035 774 1033 776 1020 772 985 710 973 708 973 706 973 704 973 683 987 681 987 644 978 642 978 641 978 571 989 573 1026"/></Shape>
	    <String CONTENT="شبيعيان"
                    HPOS="571"
                    VPOS="973"
                    WIDTH="205"
                    HEIGHT="84"
                    WC="0.9985815116337368"></String>
          </TextLine>

          
          
          <TextLine ID="eSc_line_5e1461e3"
                    TAGREFS="LT4834"
                    BASELINE="352 933 776 929" 
                    HPOS="350"
                    VPOS="867"
                    WIDTH="426"
                    HEIGHT="102">
            <Shape><Polygon POINTS="441 929 423 931 405 922 387 916 368 912 367 907 350 907 352 933 352 942 383 958 385 958 387 958 389 958 432 947 451 964 451 965 452 965 454 965 456 965 458 965 500 942 547 942 567 956 569 956 571 956 573 956 575 956 600 945 650 967 652 967 653 969 725 969 725 967 726 967 728 967 776 938 776 929 770 867 706 876 686 874 624 867 622 867 620 867 619 867 600 881 582 896 560 891 558 891 557 891 555 891 553 891 529 905 465 894 456 894 454 894 452 894 451 894 449 896 441 929"/></Shape>
	    <String CONTENT="شوليم ل ملک"
                    HPOS="350"
                    VPOS="867"
                    WIDTH="426"
                    HEIGHT="102"
                    WC="0.8076919181780382"></String>
          </TextLine>

          
          
          <TextLine ID="eSc_line_7be58b8b"
                    TAGREFS="LT4834"
                    BASELINE="357 1024 416 1027" 
                    HPOS="356"
                    VPOS="982"
                    WIDTH="60"
                    HEIGHT="69">
            <Shape><Polygon POINTS="357 1024 356 1038 412 1051 416 1027 416 987 359 982 357 1024"/></Shape>
	    <String CONTENT=""
                    HPOS="356"
                    VPOS="982"
                    WIDTH="60"
                    HEIGHT="69"></String>
          </TextLine>

          
          
          <TextLine ID="eSc_line_3f258b49"
                    TAGREFS="LT4834"
                    BASELINE="357 1122 770 1122" 
                    HPOS="357"
                    VPOS="1077"
                    WIDTH="413"
                    HEIGHT="80">
            <Shape><Polygon POINTS="357 1122 357 1148 478 1139 485 1146 496 1155 496 1157 498 1157 500 1157 502 1157 504 1157 551 1144 557 1142 557 1144 573 1157 575 1157 577 1157 578 1157 580 1157 626 1146 703 1157 704 1157 706 1157 708 1157 728 1141 770 1137 770 1122 770 1090 737 1077 736 1077 734 1077 573 1086 489 1077 487 1077 485 1077 483 1077 483 1079 471 1091 357 1091 357 1122"/></Shape>
	    <String CONTENT="صابيه لامت آدم"
                    HPOS="357"
                    VPOS="1077"
                    WIDTH="413"
                    HEIGHT="80"
                    WC="0.9046596884727478"></String>
          </TextLine>

          
          
          <TextLine ID="eSc_line_5ba00077"
                    TAGREFS="LT4834"
                    BASELINE="365 1221 407 1221" 
                    HPOS="365"
                    VPOS="1177"
                    WIDTH="42"
                    HEIGHT="70">
            <Shape><Polygon POINTS="365 1221 365 1239 374 1247 376 1247 378 1247 379 1247 381 1247 407 1236 407 1221 405 1177 365 1181 365 1221"/></Shape>
	    <String CONTENT=""
                    HPOS="365"
                    VPOS="1177"
                    WIDTH="42"
                    HEIGHT="70"></String>
          </TextLine>

          
          
          <TextLine ID="eSc_line_a8a38c0a"
                    TAGREFS="LT4834"
                    BASELINE="624 1223 776 1223" 
                    HPOS="624"
                    VPOS="1175"
                    WIDTH="152"
                    HEIGHT="64">
            <Shape><Polygon POINTS="624 1223 624 1239 776 1236 776 1223 776 1190 715 1175 714 1175 712 1175 710 1175 708 1175 708 1177 686 1195 683 1201 624 1201 624 1223"/></Shape>
	    <String CONTENT="صفات"
                    HPOS="624"
                    VPOS="1175"
                    WIDTH="152"
                    HEIGHT="64"
                    WC="0.983450248837471"></String>
          </TextLine>

          
          
          <TextLine ID="eSc_line_40088638"
                    TAGREFS="LT4834"
                    BASELINE="350 1318 418 1321" 
                    HPOS="348"
                    VPOS="1279"
                    WIDTH="70"
                    HEIGHT="68">
            <Shape><Polygon POINTS="350 1318 348 1347 416 1338 418 1321 418 1292 390 1279 389 1279 387 1279 350 1287 350 1318"/></Shape>
	    <String CONTENT=""
                    HPOS="348"
                    VPOS="1279"
                    WIDTH="70"
                    HEIGHT="68"></String>
          </TextLine>

          
          
          <TextLine ID="eSc_line_b47581de"
                    TAGREFS="LT4834"
                    BASELINE="571 1321 774 1316" 
                    HPOS="569"
                    VPOS="1270"
                    WIDTH="205"
                    HEIGHT="82">
            <Shape><Polygon POINTS="571 1321 571 1331 703 1352 704 1352 706 1352 774 1325 774 1316 767 1270 748 1279 692 1274 635 1270 633 1270 569 1281 571 1321"/></Shape>
	    <String CONTENT="صور قيامت"
                    HPOS="569"
                    VPOS="1270"
                    WIDTH="205"
                    HEIGHT="82"
                    WC="0.964213596449958"></String>
          </TextLine>

          
          
          <TextLine ID="eSc_line_d8085df1"
                    TAGREFS="LT4834"
                    BASELINE="578 1424 779 1424" 
                    HPOS="578"
                    VPOS="1369"
                    WIDTH="201"
                    HEIGHT="86">
            <Shape><Polygon POINTS="578 1424 578 1449 620 1455 622 1455 624 1455 646 1444 664 1436 686 1442 714 1447 715 1447 779 1433 779 1424 779 1385 752 1378 750 1378 748 1378 746 1378 719 1387 717 1387 695 1369 694 1369 692 1369 648 1369 646 1369 644 1369 642 1369 617 1387 617 1389 578 1389 578 1424"/></Shape>
	    <String CONTENT="صورت آدم"
                    HPOS="578"
                    VPOS="1369"
                    WIDTH="201"
                    HEIGHT="86"
                    WC="0.9688600566652086"></String>
          </TextLine>

          
          
          <TextLine ID="eSc_line_bdc690e5"
                    TAGREFS="LT4834"
                    BASELINE="339 1509 778 1517" 
                    HPOS="337"
                    VPOS="1457"
                    WIDTH="441"
                    HEIGHT="89">
            <Shape><Polygon POINTS="339 1499 339 1509 337 1530 350 1537 352 1537 354 1537 356 1537 357 1537 379 1526 385 1524 445 1524 451 1526 473 1542 474 1542 476 1542 478 1542 480 1542 515 1533 557 1544 558 1544 560 1544 644 1533 715 1546 717 1546 719 1546 721 1546 746 1530 776 1530 778 1517 776 1477 555 1457 553 1457 489 1460 487 1460 485 1460 485 1462 471 1475 463 1475 370 1466 368 1466 367 1466 345 1471 339 1499"/></Shape>
	    <String CONTENT="صورت خاص خداوند ب"
                    HPOS="337"
                    VPOS="1457"
                    WIDTH="441"
                    HEIGHT="89"
                    WC="0.9662226438522339"></String>
          </TextLine>

          
          
          <TextLine ID="eSc_line_542bbb03"
                    TAGREFS="LT4834"
                    BASELINE="347 1601 403 1604" 
                    HPOS="345"
                    VPOS="1555"
                    WIDTH="58"
                    HEIGHT="62">
            <Shape><Polygon POINTS="347 1601 345 1608 399 1617 403 1604 403 1564 348 1555 347 1601"/></Shape>
	    <String CONTENT=""
                    HPOS="345"
                    VPOS="1555"
                    WIDTH="58"
                    HEIGHT="62"></String>
          </TextLine>

          
          
          <TextLine ID="eSc_line_5703ba9f"
                    TAGREFS="LT4834"
                    BASELINE="606 1608 776 1608" 
                    HPOS="606"
                    VPOS="1551"
                    WIDTH="170"
                    HEIGHT="83">
            <Shape><Polygon POINTS="606 1608 606 1619 635 1634 637 1634 639 1634 641 1634 673 1621 675 1621 701 1634 703 1634 704 1634 776 1623 776 1608 776 1559 719 1551 717 1551 715 1551 714 1551 714 1553 701 1564 694 1572 644 1572 642 1568 630 1559 630 1557 628 1557 626 1557 624 1557 622 1557 620 1557 606 1566 606 1608"/></Shape>
	    <String CONTENT="طورسيبا"
                    HPOS="606"
                    VPOS="1551"
                    WIDTH="170"
                    HEIGHT="83"
                    WC="0.9761894600731986"></String>
          </TextLine>

          
          
          <TextLine ID="eSc_line_389c4812"
                    TAGREFS="LT4834"
                    BASELINE="339 1707 401 1707" 
                    HPOS="339"
                    VPOS="1659"
                    WIDTH="62"
                    HEIGHT="71">
            <Shape><Polygon POINTS="339 1707 339 1721 348 1730 350 1730 352 1730 354 1730 356 1730 401 1718 401 1707 399 1659 339 1670 339 1707"/></Shape>
	    <String CONTENT=""
                    HPOS="339"
                    VPOS="1659"
                    WIDTH="62"
                    HEIGHT="71"></String>
          </TextLine>

          
          
          <TextLine ID="eSc_line_2915565a"
                    TAGREFS="LT4834"
                    BASELINE="567 1719 772 1714" 
                    HPOS="566"
                    VPOS="1652"
                    WIDTH="206"
                    HEIGHT="93">
            <Shape><Polygon POINTS="567 1719 567 1730 604 1745 606 1745 608 1745 610 1745 611 1745 635 1729 639 1729 699 1743 701 1743 703 1743 772 1725 772 1714 765 1652 715 1677 672 1666 633 1656 631 1656 630 1656 628 1656 626 1656 626 1657 604 1676 597 1683 566 1683 567 1719"/></Shape>
	    <String CONTENT="ظاهر و باطن"
                    HPOS="566"
                    VPOS="1652"
                    WIDTH="206"
                    HEIGHT="93"
                    WC="0.9322940761392767"></String>
          </TextLine>

          
        </TextBlock>
        
        <TextBlock HPOS="905"
                   VPOS="723"
                   WIDTH="64"
                   HEIGHT="56"
                   ID="eSc_textblock_d62d3049"
                   TAGREFS="BT16059">
          <Shape><Polygon POINTS="905 723 969 730 969 765 905 779 905 723"/></Shape>
          
          
          <TextLine ID="eSc_line_555f1baf"
                    TAGREFS="LT4834"
                    BASELINE="893 746 922 752" 
                    HPOS="887"
                    VPOS="712"
                    WIDTH="37"
                    HEIGHT="71">
            <Shape><Polygon POINTS="915 723 913 712 898 712 893 746 887 772 913 783 922 752 924 723 915 723"/></Shape>
	    <String CONTENT=""
                    HPOS="887"
                    VPOS="712"
                    WIDTH="37"
                    HEIGHT="71"></String>
          </TextLine>

          
        </TextBlock>
        
        <TextBlock HPOS="905"
                   VPOS="803"
                   WIDTH="86"
                   HEIGHT="78"
                   ID="eSc_textblock_15a0c676"
                   TAGREFS="BT16059">
          <Shape><Polygon POINTS="942 803 991 825 991 859 955 881 905 859 905 825 942 803"/></Shape>
          
          
          <TextLine ID="eSc_line_ba49e08d"
                    TAGREFS="LT4834"
                    BASELINE="880 847 953 843" 
                    HPOS="876"
                    VPOS="799"
                    WIDTH="77"
                    HEIGHT="75">
            <Shape><Polygon POINTS="949 807 931 807 915 817 907 799 907 799 905 799 876 808 880 847 880 874 953 861 953 843 949 807 949 807"/></Shape>
	    <String CONTENT="و"
                    HPOS="876"
                    VPOS="799"
                    WIDTH="77"
                    HEIGHT="75"
                    WC="0.9895963072776794"></String>
          </TextLine>

          
        </TextBlock>
        
        <TextBlock HPOS="898"
                   VPOS="905"
                   WIDTH="86"
                   HEIGHT="49"
                   ID="eSc_textblock_437d1150"
                   TAGREFS="BT16059">
          <Shape><Polygon POINTS="935 905 984 920 984 940 913 954 898 927 935 905"/></Shape>
          
          
          <TextLine ID="eSc_line_83ba5eb0"
                    TAGREFS="LT4834"
                    BASELINE="883 943 933 940" 
                    HPOS="880"
                    VPOS="909"
                    WIDTH="53"
                    HEIGHT="47">
            <Shape><Polygon POINTS="916 914 900 938 894 911 880 911 883 943 883 953 931 956 933 940 927 909 922 909 916 914"/></Shape>
	    <String CONTENT=""
                    HPOS="880"
                    VPOS="909"
                    WIDTH="53"
                    HEIGHT="47"></String>
          </TextLine>

          
        </TextBlock>
        
        <TextBlock HPOS="898"
                   VPOS="1117"
                   WIDTH="79"
                   HEIGHT="27"
                   ID="eSc_textblock_5383932b"
                   TAGREFS="BT16059">
          <Shape><Polygon POINTS="913 1117 955 1117 977 1137 898 1144 913 1117"/></Shape>
          
          
          <TextLine ID="eSc_line_c1b08886"
                    TAGREFS="LT4834"
                    BASELINE="876 1135 935 1139" 
                    HPOS="874"
                    VPOS="1099"
                    WIDTH="61"
                    HEIGHT="62">
            <Shape><Polygon POINTS="929 1137 913 1117 909 1106 878 1099 876 1135 874 1152 931 1161 935 1139 935 1137 929 1137"/></Shape>
	    <String CONTENT=""
                    HPOS="874"
                    VPOS="1099"
                    WIDTH="61"
                    HEIGHT="62"></String>
          </TextLine>

          
        </TextBlock>
        
        <TextBlock HPOS="862"
                   VPOS="1226"
                   WIDTH="509"
                   HEIGHT="349"
                   ID="eSc_textblock_7288255f"
                   TAGREFS="BT16060">
          <Shape><Polygon POINTS="1168 1226 1364 1241 1305 1307 1371 1343 1349 1393 1313 1402 1356 1451 1320 1495 1101 1502 1327 1517 1042 1541 1174 1562 1152 1575 862 1575 971 1524 862 1488 862 1453 1059 1415 920 1400 927 1373 869 1336 1241 1312 942 1305 971 1278 905 1241 1168 1226"/></Shape>
          
          
          <TextLine ID="eSc_line_920f13ed"
                    TAGREFS="LT4834"
                    BASELINE="1093 1245 1322 1241" 
                    HPOS="1092"
                    VPOS="1226"
                    WIDTH="230"
                    HEIGHT="42">
            <Shape><Polygon POINTS="1311 1236 1293 1236 1274 1234 1256 1232 1238 1230 1220 1230 1201 1228 1183 1226 1165 1226 1146 1226 1128 1228 1110 1228 1092 1230 1093 1245 1093 1254 1121 1268 1123 1268 1125 1268 1210 1250 1212 1250 1214 1250 1232 1267 1234 1267 1236 1267 1238 1268 1276 1268 1276 1267 1278 1267 1322 1248 1322 1241 1320 1237 1311 1236"/></Shape>
	    <String CONTENT=""
                    HPOS="1092"
                    VPOS="1226"
                    WIDTH="230"
                    HEIGHT="42"></String>
          </TextLine>

          
          
          <TextLine ID="eSc_line_d0b594b1"
                    TAGREFS="LT4834"
                    BASELINE="1075 1340 1318 1340" 
                    HPOS="1075"
                    VPOS="1299"
                    WIDTH="243"
                    HEIGHT="72">
            <Shape><Polygon POINTS="1240 1312 1221 1312 1203 1314 1185 1314 1167 1316 1148 1318 1130 1318 1112 1320 1093 1321 1075 1321 1075 1340 1075 1351 1119 1369 1121 1369 1123 1371 1167 1371 1167 1369 1168 1369 1170 1369 1192 1352 1283 1369 1285 1369 1287 1369 1318 1351 1318 1340 1318 1314 1243 1299 1241 1299 1240 1312"/></Shape>
	    <String CONTENT="رين العابدن"
                    HPOS="1075"
                    VPOS="1299"
                    WIDTH="243"
                    HEIGHT="72"
                    WC="0.8528318892825734"></String>
          </TextLine>

          
          
          <TextLine ID="eSc_line_3409c2f6"
                    TAGREFS="LT4834"
                    BASELINE="1053 1431 1318 1431" 
                    HPOS="1053"
                    VPOS="1385"
                    WIDTH="265"
                    HEIGHT="73">
            <Shape><Polygon POINTS="1316 1396 1172 1385 1170 1385 1168 1385 1167 1385 1152 1396 1141 1385 1139 1385 1137 1385 1135 1385 1134 1385 1132 1385 1112 1398 1055 1398 1053 1415 1053 1431 1053 1440 1086 1457 1088 1457 1090 1458 1223 1458 1223 1457 1225 1457 1227 1457 1227 1455 1241 1442 1318 1442 1318 1431 1318 1411 1316 1396"/></Shape>
	    <String CONTENT="مامن رت"
                    HPOS="1053"
                    VPOS="1385"
                    WIDTH="265"
                    HEIGHT="73"
                    WC="0.960899897984096"></String>
          </TextLine>

          
        </TextBlock>
        
        <TextBlock HPOS="357"
                   VPOS="1920"
                   WIDTH="422"
                   HEIGHT="28"
                   ID="eSc_textblock_6841a6f8"
                   TAGREFS="BT16060">
          <Shape><Polygon POINTS="606 1920 779 1948 357 1940 409 1928 606 1920"/></Shape>
          
          
          <TextLine ID="eSc_line_b510e90d"
                    TAGREFS="LT4834"
                    BASELINE="339 1928 620 1928" 
                    HPOS="339"
                    VPOS="1906"
                    WIDTH="281"
                    HEIGHT="60">
            <Shape><Polygon POINTS="613 1920 595 1920 577 1920 558 1920 540 1922 522 1922 504 1924 485 1924 467 1924 449 1926 431 1926 412 1926 394 1926 385 1906 339 1906 339 1928 339 1953 432 1948 489 1960 494 1960 496 1960 498 1960 500 1960 522 1949 549 1962 555 1964 557 1964 558 1966 620 1966 620 1928 620 1922 613 1920"/></Shape>
	    <String CONTENT=""
                    HPOS="339"
                    VPOS="1906"
                    WIDTH="281"
                    HEIGHT="60"></String>
          </TextLine>

          
        </TextBlock>
        
        <TextBlock HPOS="869"
                   VPOS="1891"
                   WIDTH="130"
                   HEIGHT="35"
                   ID="eSc_textblock_6fb97328"
                   TAGREFS="BT16062">
          <Shape><Polygon POINTS="871 1891 905 1913 991 1898 999 1918 869 1926 871 1891"/></Shape>
          
          
          <TextLine ID="eSc_line_61648251"
                    TAGREFS="LT4834"
                    BASELINE="845 1918 1013 1922" 
                    HPOS="843"
                    VPOS="1889"
                    WIDTH="170"
                    HEIGHT="81">
            <Shape><Polygon POINTS="991 1918 971 1918 953 1920 936 1917 916 1918 900 1909 882 1898 880 1893 845 1889 845 1918 843 1970 1011 1968 1013 1922 1008 1889 993 1893 991 1918"/></Shape>
	    <String CONTENT=""
                    HPOS="843"
                    VPOS="1889"
                    WIDTH="170"
                    HEIGHT="81"></String>
          </TextLine>

          
        </TextBlock>
        
        <TextBlock HPOS="1183"
                   VPOS="1796"
                   WIDTH="86"
                   HEIGHT="42"
                   ID="eSc_textblock_4ae0a262"
                   TAGREFS="BT16059">
          <Shape><Polygon POINTS="1265 1796 1269 1831 1183 1838 1205 1811 1265 1796"/></Shape>
          
          
          <TextLine ID="eSc_line_9e5028d0"
                    TAGREFS="LT4834"
                    BASELINE="1163 1838 1296 1818" 
                    HPOS="1157"
                    VPOS="1776"
                    WIDTH="139"
                    HEIGHT="86">
            <Shape><Polygon POINTS="1249 1798 1230 1803 1212 1807 1196 1818 1179 1833 1170 1805 1157 1805 1163 1838 1168 1862 1262 1829 1293 1836 1296 1818 1285 1776 1249 1789 1249 1798"/></Shape>
	    <String CONTENT=""
                    HPOS="1157"
                    VPOS="1776"
                    WIDTH="139"
                    HEIGHT="86"></String>
          </TextLine>

          
        </TextBlock>
        
        <TextBlock HPOS="1183"
                   VPOS="1898"
                   WIDTH="108"
                   HEIGHT="28"
                   ID="eSc_textblock_3863973f"
                   TAGREFS="BT16061">
          <Shape><Polygon POINTS="1201 1898 1241 1913 1291 1918 1183 1926 1201 1898"/></Shape>
          
          
          <TextLine ID="eSc_line_0c6b0021"
                    TAGREFS="LT4834"
                    BASELINE="1139 1926 1298 1915" 
                    HPOS="1135"
                    VPOS="1893"
                    WIDTH="163"
                    HEIGHT="71">
            <Shape><Polygon POINTS="1283 1913 1265 1915 1247 1917 1229 1918 1210 1918 1192 1920 1183 1893 1135 1893 1139 1926 1139 1946 1188 1964 1190 1964 1192 1964 1194 1964 1252 1940 1256 1939 1298 1939 1298 1915 1294 1893 1283 1893 1283 1913"/></Shape>
	    <String CONTENT=""
                    HPOS="1135"
                    VPOS="1893"
                    WIDTH="163"
                    HEIGHT="71"></String>
          </TextLine>

          
        </TextBlock>
        
        <TextBlock HPOS="1198"
                   VPOS="1898"
                   WIDTH="49"
                   HEIGHT="13"
                   ID="eSc_textblock_b7d34438"
                   TAGREFS="BT16059">
          <Shape><Polygon POINTS="1221 1898 1247 1906 1247 1911 1198 1911 1221 1898"/></Shape>
          
        </TextBlock>
        
        <TextBlock HPOS="489"
                   VPOS="416"
                   WIDTH="320"
                   HEIGHT="115"
                   ID="eSc_textblock_22eda126"
                   TAGREFS="BT16060">
          <Shape><Polygon POINTS="708 416 779 416 809 445 787 531 547 494 489 458 745 436 672 429 708 416"/></Shape>
          
        </TextBlock>
        
        <TextBlock HPOS="518"
                   VPOS="343"
                   WIDTH="276"
                   HEIGHT="49"
                   ID="eSc_textblock_4c24b921"
                   TAGREFS="BT16060">
          <Shape><Polygon POINTS="547 343 757 350 794 370 779 392 540 392 518 372 547 343"/></Shape>
          
        </TextBlock>
        
        <TextBlock HPOS="533"
                   VPOS="547"
                   WIDTH="254"
                   HEIGHT="13"
                   ID="eSc_textblock_988326d9"
                   TAGREFS="BT16060">
          <Shape><Polygon POINTS="542 547 787 547 787 560 533 553 542 547"/></Shape>
          
        </TextBlock>
        
        <TextBlock HPOS="710"
                   VPOS="796"
                   WIDTH="77"
                   HEIGHT="27"
                   ID="eSc_textblock_900a9249"
                   TAGREFS="BT16060">
          <Shape><Polygon POINTS="710 796 765 796 787 823 745 823 710 796"/></Shape>
          
        </TextBlock>
        
        <TextBlock HPOS="957"
                   VPOS="1146"
                   WIDTH="63"
                   HEIGHT="13"
                   ID="eSc_textblock_91dd73a1"
                   TAGREFS="BT16060">
          <Shape><Polygon POINTS="957 1146 1020 1146 1020 1152 978 1159 957 1146"/></Shape>
          
        </TextBlock>
        
        <TextBlock HPOS="1249"
                   VPOS="1562"
                   WIDTH="56"
                   HEIGHT="20"
                   ID="eSc_textblock_5de5cfac"
                   TAGREFS="BT16060">
          <Shape><Polygon POINTS="1249 1562 1305 1562 1305 1568 1263 1582 1249 1562"/></Shape>
          
        </TextBlock>
        
        <TextBlock HPOS="1271"
                   VPOS="1533"
                   WIDTH="49"
                   HEIGHT="13"
                   ID="eSc_textblock_c7ba3c48"
                   TAGREFS="BT16060">
          <Shape><Polygon POINTS="1272 1533 1320 1533 1320 1539 1271 1546 1272 1533"/></Shape>
          
        </TextBlock>
        
        <TextBlock HPOS="1271"
                   VPOS="365"
                   WIDTH="49"
                   HEIGHT="5"
                   ID="eSc_textblock_0c06ebee"
                   TAGREFS="BT16060">
          <Shape><Polygon POINTS="1280 365 1320 365 1320 370 1271 370 1280 365"/></Shape>
          
        </TextBlock>
        
        <TextBlock HPOS="343"
                   VPOS="1818"
                   WIDTH="276"
                   HEIGHT="20"
                   ID="eSc_textblock_aa879c11"
                   TAGREFS="BT16060">
          <Shape><Polygon POINTS="365 1818 567 1818 619 1838 343 1838 365 1818"/></Shape>
          
        </TextBlock>
        
        <TextBlock HPOS="613"
                   VPOS="1884"
                   WIDTH="28"
                   HEIGHT="13"
                   ID="eSc_textblock_5d479a49"
                   TAGREFS="BT16060">
          <Shape><Polygon POINTS="613 1884 633 1884 641 1897 613 1897 613 1884"/></Shape>
          
        </TextBlock>
        
        <TextBlock HPOS="694"
                   VPOS="1964"
                   WIDTH="5"
                   HEIGHT="6"
                   ID="eSc_textblock_5e986852"
                   TAGREFS="BT16060">
          <Shape><Polygon POINTS="699 1968 694 1970 694 1964 699 1964 699 1968"/></Shape>
          
        </TextBlock>
        
        <TextBlock HPOS="862"
                   VPOS="1646"
                   WIDTH="34"
                   HEIGHT="17"
                   ID="eSc_textblock_ddbf3b62"
                   TAGREFS="BT16060">
          <Shape><Polygon POINTS="867 1646 896 1650 896 1663 862 1663 867 1646"/></Shape>
          
        </TextBlock>
        
        <TextBlock HPOS="869"
                   VPOS="1614"
                   WIDTH="254"
                   HEIGHT="20"
                   ID="eSc_textblock_bdfc0f11"
                   TAGREFS="BT16060">
          <Shape><Polygon POINTS="869 1614 1020 1614 1123 1634 898 1634 869 1614"/></Shape>
          
        </TextBlock>
        
        <TextBlock HPOS="993"
                   VPOS="1928"
                   WIDTH="122"
                   HEIGHT="20"
                   ID="eSc_textblock_cf6b0cb4"
                   TAGREFS="BT16060">
          <Shape><Polygon POINTS="993 1928 1115 1935 1115 1940 993 1948 993 1928"/></Shape>
          
        </TextBlock>
        
        <TextBlock HPOS="1146"
                   VPOS="1913"
                   WIDTH="159"
                   HEIGHT="35"
                   ID="eSc_textblock_8962ca14"
                   TAGREFS="BT16060">
          <Shape><Polygon POINTS="1168 1913 1212 1935 1305 1940 1146 1948 1168 1913"/></Shape>
          
        </TextBlock>
        
        <TextBlock HPOS="1278"
                   VPOS="1599"
                   WIDTH="5"
                   HEIGHT="13"
                   ID="eSc_textblock_365248f1"
                   TAGREFS="BT16060">
          <Shape><Polygon POINTS="1283 1603 1283 1612 1278 1612 1278 1599 1283 1603"/></Shape>
          
        </TextBlock>
        
        <TextBlock HPOS="1258"
                   VPOS="1628"
                   WIDTH="62"
                   HEIGHT="13"
                   ID="eSc_textblock_99a6a41f"
                   TAGREFS="BT16060">
          <Shape><Polygon POINTS="1258 1628 1320 1628 1320 1634 1263 1641 1258 1628"/></Shape>
          
        </TextBlock>
        
        <TextBlock HPOS="708"
                   VPOS="1906"
                   WIDTH="35"
                   HEIGHT="12"
                   ID="eSc_textblock_4301b186"
                   TAGREFS="BT16061">
          <Shape><Polygon POINTS="710 1906 743 1906 743 1911 708 1918 710 1906"/></Shape>
          
        </TextBlock>
        
        <TextBlock HPOS="767"
                   VPOS="1913"
                   WIDTH="12"
                   HEIGHT="5"
                   ID="eSc_textblock_8d609cf8"
                   TAGREFS="BT16061">
          <Shape><Polygon POINTS="770 1913 779 1913 779 1918 767 1918 770 1913"/></Shape>
          
        </TextBlock>
        
        <TextBlock HPOS="854"
                   VPOS="197"
                   WIDTH="20"
                   HEIGHT="20"
                   ID="eSc_textblock_a3b94f7f"
                   TAGREFS="BT16062">
          <Shape><Polygon POINTS="856 197 874 204 867 217 854 209 856 197"/></Shape>
          
        </TextBlock>
        
        <TextBlock HPOS="504"
                   VPOS="533"
                   WIDTH="71"
                   HEIGHT="12"
                   ID="eSc_textblock_3c278d60"
                   TAGREFS="BT16064">
          <Shape><Polygon POINTS="515 533 567 533 575 545 504 545 515 533"/></Shape>
          
        </TextBlock>
        
        <TextBlock HPOS="949"
                   VPOS="547"
                   WIDTH="13"
                   HEIGHT="6"
                   ID="eSc_textblock_090943ed"
                   TAGREFS="BT16064">
          <Shape><Polygon POINTS="955 547 962 547 962 553 949 553 955 547"/></Shape>
          
        </TextBlock>
        
        <TextBlock HPOS="1159"
                   VPOS="540"
                   WIDTH="37"
                   HEIGHT="13"
                   ID="eSc_textblock_2395881e"
                   TAGREFS="BT16064">
          <Shape><Polygon POINTS="1159 540 1196 540 1196 545 1176 553 1159 540"/></Shape>
          
        </TextBlock>
        
        <TextBlock HPOS="1110"
                   VPOS="628"
                   WIDTH="137"
                   HEIGHT="5"
                   ID="eSc_textblock_f7f63578"
                   TAGREFS="BT16064">
          <Shape><Polygon POINTS="1115 628 1247 628 1247 633 1110 633 1115 628"/></Shape>
          
        </TextBlock>
        
        <TextBlock HPOS="1205"
                   VPOS="1811"
                   WIDTH="71"
                   HEIGHT="20"
                   ID="eSc_textblock_161b175a"
                   TAGREFS="BT16064">
          <Shape><Polygon POINTS="1254 1811 1276 1824 1205 1831 1220 1818 1254 1811"/></Shape>
          
        </TextBlock>
        
        <TextBlock HPOS="1220"
                   VPOS="649"
                   WIDTH="56"
                   HEIGHT="6"
                   ID="eSc_textblock_77fefd45"
                   TAGREFS="BT16064">
          <Shape><Polygon POINTS="1225 649 1276 649 1276 655 1220 655 1225 649"/></Shape>
          
        </TextBlock>
        
        <TextBlock HPOS="314"
                   VPOS="1942"
                   WIDTH="12"
                   HEIGHT="13"
                   ID="eSc_textblock_cf5edbf0"
                   TAGREFS="BT16058">
          <Shape><Polygon POINTS="315 1942 326 1942 326 1955 314 1955 315 1942"/></Shape>
          
        </TextBlock>
        
        <TextBlock HPOS="1212"
                   VPOS="1701"
                   WIDTH="79"
                   HEIGHT="28"
                   ID="eSc_textblock_03149d9b"
                   TAGREFS="BT16064">
          <Shape><Polygon POINTS="1225 1701 1283 1701 1291 1729 1212 1721 1225 1701"/></Shape>
          
        </TextBlock>
        
        <TextBlock HPOS="350"
                   VPOS="1942"
                   WIDTH="13"
                   HEIGHT="13"
                   ID="eSc_textblock_d5be7bdd"
                   TAGREFS="BT16058">
          <Shape><Polygon POINTS="354 1942 363 1942 363 1955 350 1955 354 1942"/></Shape>
          
        </TextBlock>
        
        <TextBlock HPOS="372"
                   VPOS="1847"
                   WIDTH="115"
                   HEIGHT="13"
                   ID="eSc_textblock_90c97ac6"
                   TAGREFS="BT16058">
          <Shape><Polygon POINTS="376 1847 487 1847 487 1853 372 1860 376 1847"/></Shape>
          
        </TextBlock>
        
        <TextBlock HPOS="423"
                   VPOS="423"
                   WIDTH="20"
                   HEIGHT="13"
                   ID="eSc_textblock_fbe63374"
                   TAGREFS="BT16059">
          <Shape><Polygon POINTS="431 423 443 423 443 436 423 436 431 423"/></Shape>
          
        </TextBlock>
        
        <TextBlock HPOS="394"
                   VPOS="715"
                   WIDTH="86"
                   HEIGHT="35"
                   ID="eSc_textblock_7b657e5e"
                   TAGREFS="BT16059">
          <Shape><Polygon POINTS="409 715 465 715 480 743 394 750 409 715"/></Shape>
          
        </TextBlock>
        
        <TextBlock HPOS="416"
                   VPOS="810"
                   WIDTH="49"
                   HEIGHT="20"
                   ID="eSc_textblock_e8bbb108"
                   TAGREFS="BT16059">
          <Shape><Polygon POINTS="416 810 465 810 465 823 423 830 416 810"/></Shape>
          
        </TextBlock>
        
        <TextBlock HPOS="452"
                   VPOS="635"
                   WIDTH="6"
                   HEIGHT="13"
                   ID="eSc_textblock_4e107973"
                   TAGREFS="BT16059">
          <Shape><Polygon POINTS="458 637 458 648 452 648 452 635 458 637"/></Shape>
          
        </TextBlock>
        
        <TextBlock HPOS="840"
                   VPOS="197"
                   WIDTH="34"
                   HEIGHT="20"
                   ID="eSc_textblock_35ead863"
                   TAGREFS="BT16059">
          <Shape><Polygon POINTS="854 197 874 204 874 217 840 209 854 197"/></Shape>
          
        </TextBlock>
        
        <TextBlock HPOS="883"
                   VPOS="1307"
                   WIDTH="86"
                   HEIGHT="20"
                   ID="eSc_textblock_0c23662d"
                   TAGREFS="BT16059">
          <Shape><Polygon POINTS="913 1307 969 1314 969 1327 883 1327 913 1307"/></Shape>
          
        </TextBlock>
        
        <TextBlock HPOS="898"
                   VPOS="1409"
                   WIDTH="64"
                   HEIGHT="13"
                   ID="eSc_textblock_83871be5"
                   TAGREFS="BT16059">
          <Shape><Polygon POINTS="913 1409 962 1409 962 1415 898 1422 913 1409"/></Shape>
          
        </TextBlock>
        
        <TextBlock HPOS="883"
                   VPOS="1205"
                   WIDTH="108"
                   HEIGHT="27"
                   ID="eSc_textblock_0c2cecd0"
                   TAGREFS="BT16059">
          <Shape><Polygon POINTS="927 1205 991 1219 991 1232 883 1232 927 1205"/></Shape>
          
        </TextBlock>
        
        <TextBlock HPOS="935"
                   VPOS="1256"
                   WIDTH="5"
                   HEIGHT="5"
                   ID="eSc_textblock_fc3376de"
                   TAGREFS="BT16059">
          <Shape><Polygon POINTS="940 1257 940 1261 935 1261 935 1256 940 1257"/></Shape>
          
        </TextBlock>
        

        
        <TextBlock ID="eSc_dummyblock_">
          
          
          <TextLine ID="eSc_line_c152beb7"
                    TAGREFS="LT4834"
                    BASELINE="951 18 1473 18" 
                    HPOS="951"
                    VPOS="1"
                    WIDTH="522"
                    HEIGHT="39">
            <Shape><Polygon POINTS="1462 1 1444 1 1426 1 1408 1 1389 1 1371 1 1353 1 1335 1 1316 1 1298 1 1280 1 1262 1 1243 1 1225 1 1207 1 1188 1 1170 1 1152 1 1134 1 1115 1 1097 1 1079 1 1061 1 1042 1 1024 1 1006 1 988 1 969 1 951 1 951 18 951 40 1473 38 1473 18 1472 1 1462 1"/></Shape>
	    <String CONTENT=""
                    HPOS="951"
                    VPOS="1"
                    WIDTH="522"
                    HEIGHT="39"></String>
          </TextLine>

          
          
          <TextLine ID="eSc_line_b95da3cc"
                    TAGREFS="LT4834"
                    BASELINE="783 230 878 230" 
                    HPOS="783"
                    VPOS="188"
                    WIDTH="95"
                    HEIGHT="78">
            <Shape><Polygon POINTS="783 230 783 259 876 266 878 230 878 188 783 188 783 230"/></Shape>
	    <String CONTENT=""
                    HPOS="783"
                    VPOS="188"
                    WIDTH="95"
                    HEIGHT="78"></String>
          </TextLine>

          
          
          <TextLine ID="eSc_line_37566419"
                    TAGREFS="LT4834"
                    BASELINE="633 343 785 343" 
                    HPOS="633"
                    VPOS="284"
                    WIDTH="152"
                    HEIGHT="88">
            <Shape><Polygon POINTS="633 343 633 361 648 372 650 372 652 372 653 372 655 372 688 363 694 361 783 366 785 343 783 284 633 306 633 343"/></Shape>
	    <String CONTENT="سيد ناحن"
                    HPOS="633"
                    VPOS="284"
                    WIDTH="152"
                    HEIGHT="88"
                    WC="0.90060243755579"></String>
          </TextLine>

          
          
          <TextLine ID="eSc_line_f4e637f9"
                    TAGREFS="LT4834"
                    BASELINE="872 354 1093 348" 
                    HPOS="871"
                    VPOS="292"
                    WIDTH="222"
                    HEIGHT="85">
            <Shape><Polygon POINTS="872 354 872 366 916 377 918 377 920 377 922 377 935 366 989 376 991 376 1092 361 1093 348 1088 292 995 310 958 304 927 299 925 299 871 312 872 354"/></Shape>
	    <String CONTENT=""
                    HPOS="871"
                    VPOS="292"
                    WIDTH="222"
                    HEIGHT="85"></String>
          </TextLine>

          
          
          <TextLine ID="eSc_line_f0e45e99"
                    TAGREFS="LT4834"
                    BASELINE="385 441 427 441" 
                    HPOS="385"
                    VPOS="405"
                    WIDTH="42"
                    HEIGHT="58">
            <Shape><Polygon POINTS="385 441 385 463 427 454 427 441 427 412 385 405 385 441"/></Shape>
	    <String CONTENT=""
                    HPOS="385"
                    VPOS="405"
                    WIDTH="42"
                    HEIGHT="58"></String>
          </TextLine>

          
          
          <TextLine ID="eSc_line_da3a92ab"
                    TAGREFS="LT4834"
                    BASELINE="513 438 785 438" 
                    HPOS="513"
                    VPOS="379"
                    WIDTH="272"
                    HEIGHT="99">
            <Shape><Polygon POINTS="513 438 513 454 606 476 608 478 661 478 661 476 662 476 664 476 684 461 725 472 726 472 728 472 730 472 732 472 756 456 785 456 785 438 785 388 759 379 757 379 756 379 754 379 752 379 737 392 730 398 717 392 681 379 679 379 677 379 675 379 673 379 657 390 644 381 644 379 642 379 641 379 606 379 604 379 602 379 555 399 551 401 513 401 513 438"/></Shape>
	    <String CONTENT="شب ظاهر شريعت"
                    HPOS="513"
                    VPOS="379"
                    WIDTH="272"
                    HEIGHT="99"
                    WC="0.9005931936777555"></String>
          </TextLine>

          
          
          <TextLine ID="eSc_line_b196f6e5"
                    TAGREFS="LT4834"
                    BASELINE="1126 350 1325 346" 
                    HPOS="1125"
                    VPOS="281"
                    WIDTH="200"
                    HEIGHT="98">
            <Shape><Polygon POINTS="1126 350 1126 365 1185 365 1221 379 1223 379 1225 379 1325 359 1325 346 1320 281 1125 288 1126 350"/></Shape>
	    <String CONTENT="دور قيامت"
                    HPOS="1125"
                    VPOS="281"
                    WIDTH="200"
                    HEIGHT="98"
                    WC="0.9816965527004666"></String>
          </TextLine>

          
          
          <TextLine ID="eSc_line_b6500c24"
                    TAGREFS="LT4834"
                    BASELINE="867 450 1325 445" 
                    HPOS="865"
                    VPOS="399"
                    WIDTH="460"
                    HEIGHT="81">
            <Shape><Polygon POINTS="867 450 867 463 953 480 955 480 1024 463 1061 476 1062 476 1064 476 1066 476 1097 463 1125 472 1126 472 1128 472 1130 472 1132 472 1132 471 1143 461 1256 476 1258 476 1260 476 1325 458 1325 445 1322 405 1243 399 1241 399 1198 408 1157 418 1145 410 1130 403 1128 403 1126 403 1053 414 1015 419 1008 416 991 407 989 407 988 407 986 407 984 407 969 416 898 403 896 403 894 403 865 418 867 450"/></Shape>
	    <String CONTENT="دوزرخ"
                    HPOS="865"
                    VPOS="399"
                    WIDTH="460"
                    HEIGHT="81"
                    WC="0.971362316608429"></String>
          </TextLine>

          
          
          <TextLine ID="eSc_line_e2a5507f"
                    TAGREFS="LT4834"
                    BASELINE="378 542 447 538" 
                    HPOS="374"
                    VPOS="496"
                    WIDTH="73"
                    HEIGHT="62">
            <Shape><Polygon POINTS="378 542 378 558 447 556 447 538 443 502 374 496 378 542"/></Shape>
	    <String CONTENT=""
                    HPOS="374"
                    VPOS="496"
                    WIDTH="73"
                    HEIGHT="62"></String>
          </TextLine>

          
          
          <TextLine ID="eSc_line_65e65670"
                    TAGREFS="LT4834"
                    BASELINE="471 542 768 531" 
                    HPOS="469"
                    VPOS="474"
                    WIDTH="299"
                    HEIGHT="113">
            <Shape><Polygon POINTS="471 542 471 567 511 587 513 587 515 587 516 587 518 587 551 566 600 575 602 575 604 575 631 564 637 562 639 564 662 584 664 584 666 584 668 584 768 562 768 531 763 474 734 476 732 476 730 476 730 478 715 491 683 482 668 478 666 478 664 478 662 478 661 478 661 480 655 485 641 498 589 491 566 489 564 489 469 503 471 542"/></Shape>
	    <String CONTENT="شخص و حدت ل امام"
                    HPOS="469"
                    VPOS="474"
                    WIDTH="299"
                    HEIGHT="113"
                    WC="0.8478204272687435"></String>
          </TextLine>

          
          
          <TextLine ID="eSc_line_f2304f44"
                    TAGREFS="LT4834"
                    BASELINE="372 635 445 639" 
                    HPOS="370"
                    VPOS="593"
                    WIDTH="75"
                    HEIGHT="66">
            <Shape><Polygon POINTS="372 635 370 657 441 659 445 639 445 600 372 593 372 635"/></Shape>
	    <String CONTENT="ع"
                    HPOS="370"
                    VPOS="593"
                    WIDTH="75"
                    HEIGHT="66"
                    WC="0.9943968057632446"></String>
          </TextLine>

          
          
          <TextLine ID="eSc_line_d3a429e1"
                    TAGREFS="LT4834"
                    BASELINE="679 639 779 635" 
                    HPOS="675"
                    VPOS="576"
                    WIDTH="104"
                    HEIGHT="88">
            <Shape><Polygon POINTS="679 639 679 648 725 664 726 664 728 664 730 664 779 642 779 635 772 576 675 602 679 639"/></Shape>
	    <String CONTENT="شعرا"
                    HPOS="675"
                    VPOS="576"
                    WIDTH="104"
                    HEIGHT="88"
                    WC="0.8960032016038895"></String>
          </TextLine>

          
          
          <TextLine ID="eSc_line_990cbac4"
                    TAGREFS="LT4834"
                    BASELINE="1209 560 1325 556" 
                    HPOS="1207"
                    VPOS="507"
                    WIDTH="118"
                    HEIGHT="73">
            <Shape><Polygon POINTS="1209 560 1209 573 1249 580 1251 580 1252 580 1254 580 1254 578 1267 567 1271 566 1276 567 1298 573 1300 573 1302 573 1304 573 1325 562 1325 556 1324 524 1269 507 1267 507 1265 507 1263 507 1207 524 1209 560"/></Shape>
	    <String CONTENT="دومى"
                    HPOS="1207"
                    VPOS="507"
                    WIDTH="118"
                    HEIGHT="73"
                    WC="0.9215516448020935"></String>
          </TextLine>

          
          
          <TextLine ID="eSc_line_4f301feb"
                    TAGREFS="LT4834"
                    BASELINE="860 649 1327 649" 
                    HPOS="860"
                    VPOS="600"
                    WIDTH="467"
                    HEIGHT="84">
            <Shape><Polygon POINTS="860 649 860 668 880 679 882 679 883 679 953 670 962 670 964 670 984 681 986 681 988 682 1041 682 1041 681 1042 681 1044 681 1053 671 1057 670 1061 671 1083 684 1084 684 1086 684 1088 684 1128 673 1154 668 1199 668 1216 675 1225 681 1227 681 1229 681 1230 681 1240 675 1243 673 1245 677 1254 684 1256 684 1258 684 1260 684 1327 677 1327 649 1327 613 1282 600 1280 600 1278 600 1223 602 1221 602 1220 602 1220 604 1212 611 1209 613 1188 609 1130 600 1128 600 1126 600 1125 600 1114 608 1110 611 1106 608 1101 602 1099 602 1097 602 1095 602 1061 606 999 613 860 600 860 649"/></Shape>
	    <String CONTENT="ديلمان علاسه ا"
                    HPOS="860"
                    VPOS="600"
                    WIDTH="467"
                    HEIGHT="84"
                    WC="0.8351424996341977"></String>
          </TextLine>

          
          
          <TextLine ID="eSc_line_cbde5571"
                    TAGREFS="LT4834"
                    BASELINE="361 733 432 730" 
                    HPOS="357"
                    VPOS="688"
                    WIDTH="75"
                    HEIGHT="66">
            <Shape><Polygon POINTS="361 733 361 750 431 754 432 730 429 695 357 688 361 733"/></Shape>
	    <String CONTENT=""
                    HPOS="357"
                    VPOS="688"
                    WIDTH="75"
                    HEIGHT="66"></String>
          </TextLine>

          
          
          <TextLine ID="eSc_line_c3cc9cf5"
                    TAGREFS="LT4834"
                    BASELINE="575 733 783 737" 
                    HPOS="573"
                    VPOS="677"
                    WIDTH="210"
                    HEIGHT="86">
            <Shape><Polygon POINTS="575 733 573 744 613 759 615 759 617 759 668 748 677 759 679 759 679 761 681 761 683 761 684 763 746 763 746 761 748 761 781 746 783 737 783 701 684 677 655 677 653 677 652 677 650 677 620 699 619 699 575 699 575 733"/></Shape>
	    <String CONTENT="شناخت"
                    HPOS="573"
                    VPOS="677"
                    WIDTH="210"
                    HEIGHT="86"
                    WC="0.9995886445045471"></String>
          </TextLine>

          
          
          <TextLine ID="eSc_line_be830237"
                    TAGREFS="LT4834"
                    BASELINE="363 830 421 830" 
                    HPOS="363"
                    VPOS="781"
                    WIDTH="58"
                    HEIGHT="60">
            <Shape><Polygon POINTS="363 830 363 839 420 841 421 830 421 783 363 781 363 830"/></Shape>
	    <String CONTENT=""
                    HPOS="363"
                    VPOS="781"
                    WIDTH="58"
                    HEIGHT="60"></String>
          </TextLine>

          
          
          <TextLine ID="eSc_line_0f237ea6"
                    TAGREFS="LT4834"
                    BASELINE="557 832 778 828" 
                    HPOS="555"
                    VPOS="772"
                    WIDTH="223"
                    HEIGHT="93">
            <Shape><Polygon POINTS="557 832 557 847 613 863 615 863 617 863 619 863 650 856 726 865 728 865 730 865 778 843 778 828 772 772 730 774 728 774 726 774 726 775 725 777 706 794 675 783 666 779 664 779 662 779 555 796 557 832"/></Shape>
	    <String CONTENT="شنبه رموسى"
                    HPOS="555"
                    VPOS="772"
                    WIDTH="223"
                    HEIGHT="93"
                    WC="0.9612626791000366"></String>
          </TextLine>

          
          
          <TextLine ID="eSc_line_183c2271"
                    TAGREFS="LT4834"
                    BASELINE="1214 763 1329 763" 
                    HPOS="1214"
                    VPOS="699"
                    WIDTH="115"
                    HEIGHT="93">
            <Shape><Polygon POINTS="1214 763 1214 775 1258 792 1260 792 1262 792 1329 775 1329 763 1329 719 1278 699 1276 699 1274 699 1272 699 1271 699 1236 728 1234 730 1214 730 1214 763"/></Shape>
	    <String CONTENT="ديمى"
                    HPOS="1214"
                    VPOS="699"
                    WIDTH="115"
                    HEIGHT="93"
                    WC="0.8870051205158234"></String>
          </TextLine>

          
          
          <TextLine ID="eSc_line_c8e2c10c"
                    TAGREFS="LT4834"
                    BASELINE="1291 852 1300 852" 
                    HPOS="1291"
                    VPOS="810"
                    WIDTH="9"
                    HEIGHT="51">
            <Shape><Polygon POINTS="1291 852 1291 858 1296 861 1300 852 1294 810 1291 812 1291 852"/></Shape>
	    <String CONTENT=""
                    HPOS="1291"
                    VPOS="810"
                    WIDTH="9"
                    HEIGHT="51"></String>
          </TextLine>

          
          
          <TextLine ID="eSc_line_5f556a7e"
                    TAGREFS="LT4834"
                    BASELINE="865 1022 1145 1018" 
                    HPOS="863"
                    VPOS="964"
                    WIDTH="282"
                    HEIGHT="73">
            <Shape><Polygon POINTS="865 1022 865 1037 1143 1037 1145 1018 1137 964 1083 978 863 974 865 1022"/></Shape>
	    <String CONTENT="هر سا"
                    HPOS="863"
                    VPOS="964"
                    WIDTH="282"
                    HEIGHT="73"
                    WC="0.8877123117446899"></String>
          </TextLine>

          
          
          <TextLine ID="eSc_line_17f9d2b9"
                    TAGREFS="LT4834"
                    BASELINE="1148 945 1327 949" 
                    HPOS="1146"
                    VPOS="892"
                    WIDTH="181"
                    HEIGHT="81">
            <Shape><Polygon POINTS="1148 945 1146 962 1214 973 1216 973 1325 958 1327 949 1327 903 1282 892 1280 892 1278 892 1276 892 1254 900 1238 903 1148 892 1148 945"/></Shape>
	    <String CONTENT="ذو القريين"
                    HPOS="1146"
                    VPOS="892"
                    WIDTH="181"
                    HEIGHT="81"
                    WC="0.9272940218448639"></String>
          </TextLine>

          
          
          <TextLine ID="eSc_line_4de7f112"
                    TAGREFS="LT4834"
                    BASELINE="872 1064 1070 1062" 
                    HPOS="871"
                    VPOS="1029"
                    WIDTH="199"
                    HEIGHT="73">
            <Shape><Polygon POINTS="872 1064 872 1088 946 1086 957 1091 971 1102 973 1102 975 1102 977 1102 1070 1095 1070 1062 1066 1031 887 1029 885 1029 883 1029 882 1029 871 1035 872 1064"/></Shape>
	    <String CONTENT=""
                    HPOS="871"
                    VPOS="1029"
                    WIDTH="199"
                    HEIGHT="73"></String>
          </TextLine>

          
          
          <TextLine ID="eSc_line_8ea199ba"
                    TAGREFS="LT4834"
                    BASELINE="872 1232 940 1232" 
                    HPOS="872"
                    VPOS="1181"
                    WIDTH="68"
                    HEIGHT="75">
            <Shape><Polygon POINTS="872 1232 872 1247 896 1256 898 1256 900 1256 902 1256 940 1245 940 1232 940 1192 872 1181 872 1232"/></Shape>
	    <String CONTENT=""
                    HPOS="872"
                    VPOS="1181"
                    WIDTH="68"
                    HEIGHT="75"></String>
          </TextLine>

          
          
          <TextLine ID="eSc_line_ea868f4f"
                    TAGREFS="LT4834"
                    BASELINE="347 1420 414 1420" 
                    HPOS="347"
                    VPOS="1387"
                    WIDTH="67"
                    HEIGHT="60">
            <Shape><Polygon POINTS="383 1418 365 1407 347 1404 347 1420 347 1447 414 1436 414 1420 412 1387 387 1391 383 1418"/></Shape>
	    <String CONTENT=""
                    HPOS="347"
                    VPOS="1387"
                    WIDTH="67"
                    HEIGHT="60"></String>
          </TextLine>

          
          
          <TextLine ID="eSc_line_84adc78b"
                    TAGREFS="LT4834"
                    BASELINE="1194 1055 1309 1051" 
                    HPOS="1192"
                    VPOS="993"
                    WIDTH="117"
                    HEIGHT="82">
            <Shape><Polygon POINTS="1194 1055 1194 1071 1238 1075 1240 1075 1241 1075 1243 1075 1243 1073 1252 1064 1258 1058 1309 1058 1309 1051 1307 1011 1251 993 1249 993 1247 993 1245 993 1243 993 1243 995 1218 1016 1216 1020 1192 1020 1194 1055"/></Shape>
	    <String CONTENT="رسول"
                    HPOS="1192"
                    VPOS="993"
                    WIDTH="117"
                    HEIGHT="82"
                    WC="0.9278271943330765"></String>
          </TextLine>

          
          
          <TextLine ID="eSc_line_e9ebaa70"
                    TAGREFS="LT4834"
                    BASELINE="1117 1148 1324 1144" 
                    HPOS="1115"
                    VPOS="1088"
                    WIDTH="209"
                    HEIGHT="87">
            <Shape><Polygon POINTS="1117 1148 1117 1168 1183 1175 1185 1175 1187 1175 1188 1175 1188 1174 1199 1164 1203 1161 1216 1164 1274 1175 1276 1175 1278 1175 1280 1175 1280 1174 1294 1159 1322 1159 1324 1144 1320 1111 1243 1108 1221 1088 1220 1088 1218 1088 1216 1088 1214 1088 1115 1113 1117 1148"/></Shape>
	    <String CONTENT="روخ الآيين"
                    HPOS="1115"
                    VPOS="1088"
                    WIDTH="209"
                    HEIGHT="87"
                    WC="0.8868680650537665"></String>
          </TextLine>

          
          
          <TextLine ID="eSc_line_3f75efc5"
                    TAGREFS="LT4834"
                    BASELINE="876 1332 924 1329" 
                    HPOS="871"
                    VPOS="1267"
                    WIDTH="53"
                    HEIGHT="84">
            <Shape><Polygon POINTS="876 1332 876 1341 893 1351 894 1351 896 1351 898 1351 924 1341 924 1329 916 1267 871 1268 876 1332"/></Shape>
	    <String CONTENT=""
                    HPOS="871"
                    VPOS="1267"
                    WIDTH="53"
                    HEIGHT="84"></String>
          </TextLine>

          
          
          <TextLine ID="eSc_line_74189dd0"
                    TAGREFS="LT4834"
                    BASELINE="863 1429 947 1425" 
                    HPOS="860"
                    VPOS="1365"
                    WIDTH="87"
                    HEIGHT="90">
            <Shape><Polygon POINTS="863 1429 863 1444 947 1455 947 1425 944 1371 860 1365 863 1429"/></Shape>
	    <String CONTENT=""
                    HPOS="860"
                    VPOS="1365"
                    WIDTH="87"
                    HEIGHT="90"></String>
          </TextLine>

          
          
          <TextLine ID="eSc_line_08545bd3"
                    TAGREFS="LT4834"
                    BASELINE="856 1528 947 1522" 
                    HPOS="852"
                    VPOS="1486"
                    WIDTH="95"
                    HEIGHT="67">
            <Shape><Polygon POINTS="856 1528 856 1541 882 1553 883 1553 885 1553 887 1553 947 1535 947 1522 942 1486 852 1488 856 1528"/></Shape>
	    <String CONTENT="عس"
                    HPOS="852"
                    VPOS="1486"
                    WIDTH="95"
                    HEIGHT="67"
                    WC="0.9939465224742889"></String>
          </TextLine>

          
          
          <TextLine ID="eSc_line_f40904ff"
                    TAGREFS="LT4834"
                    BASELINE="1061 1530 1313 1530" 
                    HPOS="1061"
                    VPOS="1478"
                    WIDTH="252"
                    HEIGHT="84">
            <Shape><Polygon POINTS="1061 1530 1061 1541 1097 1559 1099 1559 1101 1559 1103 1559 1154 1544 1172 1561 1172 1562 1174 1562 1176 1562 1177 1562 1313 1541 1313 1530 1313 1495 1291 1484 1289 1484 1287 1484 1285 1484 1245 1495 1199 1478 1198 1478 1196 1478 1194 1478 1156 1491 1112 1478 1110 1478 1108 1478 1106 1478 1061 1495 1061 1530"/></Shape>
	    <String CONTENT="سخنان مخفان"
                    HPOS="1061"
                    VPOS="1478"
                    WIDTH="252"
                    HEIGHT="84"
                    WC="0.9845273061232134"></String>
          </TextLine>

          
          
          <TextLine ID="eSc_line_ae18b5db"
                    TAGREFS="LT4834"
                    BASELINE="856 1621 1311 1617" 
                    HPOS="854"
                    VPOS="1559"
                    WIDTH="457"
                    HEIGHT="87">
            <Shape><Polygon POINTS="856 1621 856 1635 1075 1646 1077 1646 1176 1634 1187 1643 1187 1645 1188 1645 1190 1645 1192 1646 1236 1646 1236 1645 1311 1630 1311 1617 1307 1559 1205 1559 1203 1559 1201 1559 1199 1559 1199 1561 1194 1564 1177 1579 1128 1570 1126 1570 1061 1582 1015 1582 1004 1575 984 1561 982 1561 980 1561 978 1561 854 1582 856 1621"/></Shape>
	    <String CONTENT="سکد وهاب مر با ها علا"
                    HPOS="854"
                    VPOS="1559"
                    WIDTH="457"
                    HEIGHT="87"
                    WC="0.79273474358377"></String>
          </TextLine>

          
          
          <TextLine ID="eSc_line_f5d69706"
                    TAGREFS="LT4834"
                    BASELINE="851 1723 1307 1714" 
                    HPOS="849"
                    VPOS="1672"
                    WIDTH="458"
                    HEIGHT="78">
            <Shape><Polygon POINTS="851 1723 851 1740 927 1740 958 1750 960 1750 962 1750 964 1750 991 1738 993 1738 995 1738 1022 1747 1024 1747 1026 1747 1028 1747 1055 1738 1115 1749 1117 1749 1278 1745 1280 1745 1307 1732 1307 1714 1304 1679 1198 1672 1196 1672 1194 1672 1192 1672 1177 1681 1176 1683 849 1687 851 1723"/></Shape>
	    <String CONTENT="سلمان ه ل"
                    HPOS="849"
                    VPOS="1672"
                    WIDTH="458"
                    HEIGHT="78"
                    WC="0.8661600351333618"></String>
          </TextLine>

          
          
          <TextLine ID="eSc_line_943a4a8e"
                    TAGREFS="LT4834"
                    BASELINE="343 1813 458 1813" 
                    HPOS="343"
                    VPOS="1749"
                    WIDTH="115"
                    HEIGHT="75">
            <Shape><Polygon POINTS="343 1813 343 1822 456 1824 458 1813 458 1758 343 1749 343 1813"/></Shape>
	    <String CONTENT=""
                    HPOS="343"
                    VPOS="1749"
                    WIDTH="115"
                    HEIGHT="75"></String>
          </TextLine>

          
          
          <TextLine ID="eSc_line_b5725399"
                    TAGREFS="LT4834"
                    BASELINE="547 1814 779 1811" 
                    HPOS="546"
                    VPOS="1752"
                    WIDTH="233"
                    HEIGHT="93">
            <Shape><Polygon POINTS="547 1814 547 1827 635 1845 637 1845 639 1845 666 1831 714 1844 715 1844 717 1844 719 1844 779 1824 779 1811 778 1767 752 1754 750 1754 748 1754 746 1754 715 1769 712 1771 710 1769 694 1754 694 1752 692 1752 690 1752 661 1752 659 1752 657 1752 655 1752 655 1754 637 1771 635 1772 631 1771 606 1763 604 1763 602 1763 546 1772 547 1814"/></Shape>
	    <String CONTENT="ظاپير شريعت"
                    HPOS="546"
                    VPOS="1752"
                    WIDTH="233"
                    HEIGHT="93"
                    WC="0.9322136044502258"></String>
          </TextLine>

          
          
          <TextLine ID="eSc_line_4a3a9391"
                    TAGREFS="LT4834"
                    BASELINE="341 1878 626 1878" 
                    HPOS="341"
                    VPOS="1836"
                    WIDTH="285"
                    HEIGHT="66">
            <Shape><Polygon POINTS="341 1878 341 1902 626 1902 626 1878 624 1836 341 1845 341 1878"/></Shape>
	    <String CONTENT=""
                    HPOS="341"
                    VPOS="1836"
                    WIDTH="285"
                    HEIGHT="66"></String>
          </TextLine>

          
          
          <TextLine ID="eSc_line_a12f6b5c"
                    TAGREFS="LT4834"
                    BASELINE="858 1818 913 1818" 
                    HPOS="858"
                    VPOS="1778"
                    WIDTH="55"
                    HEIGHT="62">
            <Shape><Polygon POINTS="858 1818 858 1827 911 1840 913 1818 909 1778 858 1791 858 1818"/></Shape>
	    <String CONTENT=""
                    HPOS="858"
                    VPOS="1778"
                    WIDTH="55"
                    HEIGHT="62"></String>
          </TextLine>

          
          
          <TextLine ID="eSc_line_7b05acd7"
                    TAGREFS="LT4834"
                    BASELINE="653 1926 774 1917" 
                    HPOS="650"
                    VPOS="1867"
                    WIDTH="124"
                    HEIGHT="95">
            <Shape><Polygon POINTS="653 1926 657 1962 686 1951 695 1953 712 1959 714 1959 715 1959 717 1959 719 1959 736 1944 741 1939 774 1935 774 1917 770 1880 745 1867 743 1867 741 1867 739 1867 650 1893 653 1926"/></Shape>
	    <String CONTENT="طهور"
                    HPOS="650"
                    VPOS="1867"
                    WIDTH="124"
                    HEIGHT="95"
                    WC="0.9860830307006836"></String>
          </TextLine>

          
        </TextBlock>
        
      </PrintSpace>
    </Page>
  </Layout>
</alto>
