<?xml version="1.0" encoding="UTF-8"?>
<alto xmlns:xsi="http://www.w3.org/2001/XMLSchema-instance"
      xmlns="http://www.loc.gov/standards/alto/ns-v4#"
      xsi:schemaLocation="http://www.loc.gov/standards/alto/ns-v4# http://www.loc.gov/standards/alto/v4/alto-4-2.xsd">
  <Description>
    <MeasurementUnit>pixel</MeasurementUnit>
    <sourceImageInformation>
      <fileName>TwoIsmailiTreatises011.jpg</fileName>
      
    </sourceImageInformation>
  </Description>
  
  <Tags>
    <OtherTag ID="BT16074" LABEL="MarginTextZone:commentary" DESCRIPTION="block type MarginTextZone:commentary"/><OtherTag ID="BT16073" LABEL="MarginTextZone:note#1" DESCRIPTION="block type MarginTextZone:note#1"/><OtherTag ID="BT16072" LABEL="MainZone:column#2" DESCRIPTION="block type MainZone:column#2"/><OtherTag ID="BT16071" LABEL="MainZone:column#3" DESCRIPTION="block type MainZone:column#3"/><OtherTag ID="BT16070" LABEL="GraphicZone:illustration" DESCRIPTION="block type GraphicZone:illustration"/><OtherTag ID="BT16069" LABEL="MainZone:column#1" DESCRIPTION="block type MainZone:column#1"/><OtherTag ID="BT16068" LABEL="MarginTextZone:note#2" DESCRIPTION="block type MarginTextZone:note#2"/><OtherTag ID="BT16067" LABEL="CustomZone:publication" DESCRIPTION="block type CustomZone:publication"/><OtherTag ID="BT16066" LABEL="RunningTitleZone" DESCRIPTION="block type RunningTitleZone"/><OtherTag ID="BT16065" LABEL="NumberingZone" DESCRIPTION="block type NumberingZone"/><OtherTag ID="BT16064" LABEL="default" DESCRIPTION="block type default"/><OtherTag ID="BT16063" LABEL="TitlePageZone" DESCRIPTION="block type TitlePageZone"/><OtherTag ID="BT16062" LABEL="NumberingZone:other" DESCRIPTION="block type NumberingZone:other"/><OtherTag ID="BT16061" LABEL="QuireMarksZone:catchwords" DESCRIPTION="block type QuireMarksZone:catchwords"/><OtherTag ID="BT16060" LABEL="MainZone" DESCRIPTION="block type MainZone"/><OtherTag ID="BT16059" LABEL="NumberingZone:page" DESCRIPTION="block type NumberingZone:page"/><OtherTag ID="BT16058" LABEL="MarginTextZone:note" DESCRIPTION="block type MarginTextZone:note"/><OtherTag ID="BT16057" LABEL="DigitizationArtefactZone" DESCRIPTION="block type DigitizationArtefactZone"/><OtherTag ID="BT4" LABEL="Illustration" DESCRIPTION="block type Illustration"/><OtherTag ID="BT3" LABEL="Commentary" DESCRIPTION="block type Commentary"/><OtherTag ID="BT2" LABEL="Main" DESCRIPTION="block type Main"/><OtherTag ID="BT1" LABEL="Title" DESCRIPTION="block type Title"/>
    <OtherTag ID="LT4834" LABEL="DefaultLine" DESCRIPTION="line type DefaultLine"/><OtherTag ID="LT4835" LABEL="HeadingLine:title" DESCRIPTION="line type HeadingLine:title"/>
  </Tags>
  
  <Layout>
    <Page WIDTH="1499"
          HEIGHT="2156"
          PHYSICAL_IMG_NR="7"
          ID="eSc_dummypage_">
      <PrintSpace HPOS="0"
                  VPOS="0"
                  WIDTH="1499"
                  HEIGHT="2156">
        
        <TextBlock HPOS="93"
                   VPOS="258"
                   WIDTH="1046"
                   HEIGHT="1378"
                   ID="eSc_textblock_9405338a"
                   TAGREFS="BT16060">
          <Shape><Polygon POINTS="136 258 1117 280 1139 1291 1110 1622 158 1636 107 1615 93 567 107 287 136 258"/></Shape>
          
          
          <TextLine ID="eSc_line_e562fb67"
                    TAGREFS="LT4834"
                    BASELINE="125 348 1071 339" 
                    HPOS="124"
                    VPOS="278"
                    WIDTH="947"
                    HEIGHT="104">
            <Shape><Polygon POINTS="1058 278 1056 278 1001 309 878 309 862 294 862 292 860 292 859 292 857 292 855 292 853 292 842 300 821 285 808 278 807 278 805 278 803 278 801 278 799 278 789 287 760 310 729 310 711 291 702 283 702 282 700 282 699 282 697 282 695 282 693 282 682 292 659 312 627 312 603 296 576 278 575 278 573 278 501 278 499 278 497 278 496 278 458 303 443 312 429 303 402 291 400 291 399 291 397 291 334 309 319 312 312 309 251 282 249 282 168 282 167 282 165 282 163 282 124 312 125 348 125 362 154 377 156 377 158 377 159 377 161 377 161 375 176 362 177 362 186 362 319 373 321 373 323 373 325 373 339 362 345 361 404 361 409 362 445 382 447 382 449 382 451 382 452 382 474 362 476 361 478 362 485 368 487 368 488 368 490 368 492 368 494 368 503 362 508 359 517 362 569 380 571 380 573 380 575 380 625 366 675 377 677 377 679 377 708 362 709 361 711 362 735 379 736 379 738 379 740 379 880 368 940 377 941 377 943 377 990 362 1011 355 1069 361 1071 339 1064 278 1058 278"/></Shape>
	    <String CONTENT="دوكم در منی دييان آنکه عزو علا به صورت خويشتن"
                    HPOS="124"
                    VPOS="278"
                    WIDTH="947"
                    HEIGHT="104"
                    WC="0.922632810862168"></String>
          </TextLine>

          
          
          <TextLine ID="eSc_line_6351209c"
                    TAGREFS="LT4834"
                    BASELINE="133 434 1101 445" 
                    HPOS="131"
                    VPOS="382"
                    WIDTH="970"
                    HEIGHT="97">
            <Shape><Polygon POINTS="133 434 131 450 188 463 190 463 274 456 310 472 312 472 314 472 384 456 458 474 460 474 461 474 700 461 713 472 713 474 715 474 717 474 718 474 720 474 744 467 753 474 753 476 754 476 756 476 828 477 830 477 832 477 833 477 859 461 895 477 896 477 1008 479 1010 479 1011 479 1013 479 1040 463 1099 463 1101 445 1101 407 1038 389 1037 389 1035 389 1033 389 966 407 965 407 961 407 925 395 923 395 922 395 920 395 878 406 877 406 823 388 821 388 819 388 817 388 781 406 780 406 763 393 762 393 760 393 758 393 756 393 735 404 695 386 693 386 643 386 641 386 639 386 638 386 614 402 544 393 542 393 541 393 523 402 512 391 512 389 510 389 508 389 506 389 429 400 416 389 416 388 415 388 413 388 411 388 409 388 393 397 381 384 381 382 379 382 377 382 319 382 318 382 316 382 314 382 314 384 296 400 282 400 208 400 206 398 197 389 195 389 194 389 192 389 133 397 133 434"/></Shape>
	    <String CONTENT="ابدال ابدين بدين عالم ظهوری دارد که مرد مرا بدان صورت عزيز کرده است و"
                    HPOS="131"
                    VPOS="382"
                    WIDTH="970"
                    HEIGHT="97"
                    WC="0.871722012758255"></String>
          </TextLine>

          
          
          <TextLine ID="eSc_line_c1163541"
                    TAGREFS="LT4834"
                    BASELINE="127 539 1090 544" 
                    HPOS="125"
                    VPOS="479"
                    WIDTH="965"
                    HEIGHT="94">
            <Shape><Polygon POINTS="127 539 125 560 138 567 140 567 141 567 143 569 201 569 201 567 203 567 204 567 204 565 215 556 215 555 219 556 248 567 249 567 251 567 370 556 399 555 404 556 431 567 433 567 434 567 521 558 537 569 539 569 541 569 542 569 602 560 612 569 614 569 616 569 618 571 695 571 695 569 762 556 767 556 772 556 824 571 826 571 828 573 947 573 947 571 949 571 950 571 950 569 963 558 1049 558 1069 571 1071 571 1073 571 1074 571 1076 571 1078 571 1089 560 1090 544 1085 497 1065 510 1033 497 1015 492 1013 492 1011 492 1010 492 1008 492 999 497 979 510 952 510 938 499 936 497 934 497 932 497 931 497 929 497 925 499 902 510 880 499 860 490 859 490 857 490 855 490 832 499 807 510 783 499 780 499 778 499 776 499 763 501 709 508 699 501 672 481 670 481 668 481 602 481 600 481 598 481 596 481 573 501 569 504 566 501 546 483 546 481 544 481 542 481 508 481 506 481 505 481 503 481 503 483 481 503 479 506 438 506 427 503 390 490 388 490 386 490 384 490 352 503 345 506 330 504 310 499 291 481 291 479 289 479 287 479 260 479 258 479 257 479 255 479 255 481 239 495 210 479 208 479 206 479 204 479 203 479 156 504 152 506 127 506 127 539"/></Shape>
	    <String CONTENT="ابسيا و اوليا اشارت بمردی کرده اند که غژد علما در ميان لق بصو"
                    HPOS="125"
                    VPOS="479"
                    WIDTH="965"
                    HEIGHT="94"
                    WC="0.8120691019003509"></String>
          </TextLine>

          
          
          <TextLine ID="eSc_line_3c3c260e"
                    TAGREFS="LT4834"
                    BASELINE="133 630 1092 641" 
                    HPOS="131"
                    VPOS="580"
                    WIDTH="961"
                    HEIGHT="93">
            <Shape><Polygon POINTS="133 630 131 643 147 652 149 652 150 652 152 652 179 648 201 664 203 664 204 664 206 664 208 664 246 655 298 666 300 666 451 657 452 657 454 657 469 646 487 655 488 655 490 655 492 655 494 655 510 646 598 646 643 670 645 670 647 670 648 670 688 648 783 662 785 662 787 662 812 653 857 670 859 670 860 670 862 670 864 670 891 650 927 650 988 673 990 673 992 673 993 673 1029 661 1053 668 1055 668 1056 668 1058 668 1090 650 1092 641 1089 603 1064 605 1058 601 1044 592 1042 592 1040 592 1038 592 1037 592 1011 601 1008 603 1008 601 999 594 999 592 997 592 995 592 993 592 992 592 990 592 990 594 981 601 974 607 898 607 895 601 882 589 882 587 880 587 878 587 877 587 875 587 841 596 826 587 824 587 823 587 821 587 819 587 817 587 801 601 799 603 776 603 774 601 769 594 767 594 767 592 765 592 763 592 762 592 760 592 742 600 736 603 729 600 699 585 697 585 695 585 693 585 691 585 668 600 663 603 650 600 621 592 620 592 618 592 553 600 533 601 532 600 517 585 517 583 515 583 514 583 454 582 402 582 400 582 399 582 363 596 318 585 316 585 314 585 312 585 310 585 310 587 298 596 283 585 282 585 280 585 278 585 276 585 249 598 231 582 231 580 230 580 228 580 226 580 133 596 133 630"/></Shape>
	    <String CONTENT="مردى باشد اين صورت خاص اوست چنانکه در کلام می ضر مايد آن الله"
                    HPOS="131"
                    VPOS="580"
                    WIDTH="961"
                    HEIGHT="93"
                    WC="0.8616174507525659"></String>
          </TextLine>

          
          
          <TextLine ID="eSc_line_3b9c0e87"
                    TAGREFS="LT4834"
                    BASELINE="133 734 1098 734" 
                    HPOS="133"
                    VPOS="677"
                    WIDTH="965"
                    HEIGHT="93">
            <Shape><Polygon POINTS="133 734 133 751 194 767 195 767 248 756 260 767 260 768 262 768 264 768 266 768 267 768 323 752 402 752 422 767 424 767 425 767 427 767 483 756 501 768 503 768 505 768 506 768 508 768 546 759 558 768 560 768 562 768 564 770 666 770 666 768 668 768 670 768 670 767 686 752 729 765 731 765 733 765 735 765 760 752 794 768 796 768 798 770 878 770 878 768 880 768 918 752 934 767 934 768 936 768 938 768 940 770 984 770 984 768 986 768 988 768 988 767 1004 752 1098 752 1098 734 1098 688 993 677 992 677 990 677 988 677 977 686 959 702 923 693 922 693 920 693 918 693 916 693 904 704 780 704 760 686 760 684 758 684 756 684 754 684 753 684 751 684 727 702 691 684 677 677 675 677 674 677 672 677 670 677 670 679 665 684 650 698 580 702 541 682 528 677 526 677 524 677 523 677 521 677 521 679 515 682 499 698 445 702 402 682 399 680 397 680 395 680 393 680 390 682 348 700 289 680 276 677 274 677 224 677 222 677 221 677 219 677 215 680 194 698 161 680 156 677 154 677 152 677 133 679 133 734"/></Shape>
	    <String CONTENT="اصطفی آدم و نوحار خلق آدم علی صورته و در جای ديگر فرمود"
                    HPOS="133"
                    VPOS="677"
                    WIDTH="965"
                    HEIGHT="93"
                    WC="0.902634438715483"></String>
          </TextLine>

          
          
          <TextLine ID="eSc_line_4baae1f2"
                    TAGREFS="LT4834"
                    BASELINE="138 824 1098 833" 
                    HPOS="136"
                    VPOS="765"
                    WIDTH="962"
                    HEIGHT="97">
            <Shape><Polygon POINTS="138 824 136 835 192 837 208 853 208 855 210 855 212 855 213 855 289 840 309 855 310 855 312 855 314 855 316 855 346 848 368 857 370 857 372 857 373 857 375 857 390 848 422 857 424 857 425 857 427 857 463 840 485 857 487 857 488 857 490 857 566 842 593 858 594 858 596 858 598 858 668 842 711 860 713 860 715 862 780 862 780 860 781 860 783 860 801 846 842 860 844 860 846 860 848 860 905 844 981 844 1037 862 1038 862 1040 862 1042 862 1096 844 1098 833 1090 772 1062 794 995 794 968 776 966 776 965 776 963 776 961 776 909 794 878 776 877 774 875 774 873 774 871 774 869 774 864 776 846 781 826 776 801 770 799 770 798 770 796 770 794 770 785 777 765 792 735 777 715 768 713 768 711 768 709 768 690 777 666 792 600 792 589 781 587 781 585 781 584 781 582 781 558 788 537 781 510 770 508 770 506 770 505 770 503 770 490 781 481 790 418 790 411 783 397 768 397 767 395 767 393 767 314 765 312 765 310 765 309 765 278 785 274 786 271 785 253 770 251 770 249 770 248 770 246 770 244 770 244 772 230 785 228 785 195 765 194 765 192 765 190 765 188 765 138 785 138 824"/></Shape>
	    <String CONTENT="که آن الله خلق آدم علی صوره الرحمن و ديگر ديلناست"
                    HPOS="136"
                    VPOS="765"
                    WIDTH="962"
                    HEIGHT="97"
                    WC="0.9236819288309883"></String>
          </TextLine>

          
          
          <TextLine ID="eSc_line_f3d12e78"
                    TAGREFS="LT4834"
                    BASELINE="136 927 1099 930" 
                    HPOS="134"
                    VPOS="867"
                    WIDTH="965"
                    HEIGHT="88">
            <Shape><Polygon POINTS="136 927 134 946 140 952 140 954 141 954 143 954 145 955 186 955 186 954 188 954 190 954 190 952 199 945 210 954 212 954 213 954 215 955 296 955 296 954 368 941 381 939 382 941 395 952 395 954 397 954 399 954 400 955 478 955 478 954 479 954 523 941 532 939 557 941 645 948 647 948 736 941 738 941 740 941 778 952 780 952 781 952 922 941 934 952 934 954 936 954 938 954 940 955 974 955 974 954 975 954 997 941 1008 952 1008 954 1010 954 1011 954 1046 955 1047 955 1049 955 1098 939 1099 930 1096 869 1046 894 966 887 947 873 943 869 941 869 940 869 938 869 841 874 839 874 837 874 794 891 771 876 765 873 763 873 762 873 760 873 758 873 756 873 751 876 735 891 711 878 709 878 708 878 706 878 704 878 674 894 648 882 647 882 645 882 643 882 641 882 641 883 632 892 605 880 575 867 573 867 571 867 569 867 567 867 546 882 528 894 490 894 479 883 461 869 461 867 460 867 458 867 390 867 388 867 386 867 384 867 357 887 346 894 292 894 287 889 276 878 276 876 274 876 273 876 271 876 269 876 267 876 248 889 240 892 136 892 136 927"/></Shape>
	    <String CONTENT="که عزو علا را محقان مولانا خوانند و اشارت بردی کنند و اين نام"
                    HPOS="134"
                    VPOS="867"
                    WIDTH="965"
                    HEIGHT="88"
                    WC="0.8945970447337042"></String>
          </TextLine>

          
          
          <TextLine ID="eSc_line_bae3a193"
                    TAGREFS="LT4834"
                    BASELINE="134 1020 1098 1025" 
                    HPOS="133"
                    VPOS="963"
                    WIDTH="965"
                    HEIGHT="98">
            <Shape><Polygon POINTS="134 1020 133 1033 219 1033 224 1034 292 1054 294 1054 296 1054 339 1045 352 1056 354 1056 355 1056 357 1058 429 1058 429 1056 431 1056 433 1056 433 1054 454 1034 456 1033 470 1034 496 1036 514 1054 514 1056 515 1056 517 1056 519 1058 587 1058 587 1056 589 1056 591 1056 602 1045 625 1056 627 1056 629 1056 630 1056 632 1056 663 1036 686 1056 686 1058 688 1058 690 1058 691 1058 693 1058 695 1058 726 1034 727 1034 753 1034 771 1034 801 1034 848 1058 850 1058 851 1058 853 1058 855 1058 878 1043 895 1058 895 1060 896 1060 898 1060 900 1061 931 1061 931 1060 932 1060 975 1036 1008 1060 1010 1060 1011 1060 1013 1061 1049 1061 1049 1060 1051 1060 1096 1034 1098 1025 1098 989 1067 977 1065 977 1064 977 1062 977 1049 982 1033 968 1033 966 1031 966 1029 966 983 966 981 966 979 966 977 966 977 968 954 988 954 989 905 989 905 988 887 971 887 970 886 970 884 970 882 970 880 970 841 988 839 988 816 975 814 975 812 975 810 975 780 988 778 988 744 964 742 964 740 964 690 964 688 964 686 964 643 986 643 988 532 988 530 986 503 970 501 970 499 970 497 970 496 970 470 977 456 964 456 963 454 963 452 963 451 963 449 963 390 979 372 964 372 963 370 963 368 963 296 963 294 963 292 963 253 984 248 984 186 975 185 975 134 982 134 1020"/></Shape>
	    <String CONTENT="اسم اعظم خدای دانند چنانچه نص قرآن بهدرستی اين سخن گواه است"
                    HPOS="133"
                    VPOS="963"
                    WIDTH="965"
                    HEIGHT="98"
                    WC="0.8833959753314654"></String>
          </TextLine>

          
          
          <TextLine ID="eSc_line_bae70b77"
                    TAGREFS="LT4834"
                    BASELINE="134 1112 1089 1124" 
                    HPOS="133"
                    VPOS="1042"
                    WIDTH="956"
                    HEIGHT="109">
            <Shape><Polygon POINTS="134 1112 133 1124 149 1135 150 1135 152 1135 154 1135 294 1126 309 1139 309 1140 310 1140 312 1140 314 1140 366 1133 474 1142 476 1142 478 1142 503 1128 505 1128 549 1130 648 1133 677 1146 679 1146 681 1148 715 1148 715 1146 717 1146 718 1146 733 1133 736 1131 745 1133 816 1148 817 1148 819 1148 846 1135 851 1133 862 1135 886 1142 887 1142 889 1142 916 1137 927 1135 931 1137 949 1149 950 1149 952 1149 954 1151 1033 1151 1033 1149 1035 1149 1037 1149 1037 1148 1046 1140 1049 1137 1053 1140 1064 1149 1065 1149 1067 1149 1069 1149 1071 1149 1087 1140 1089 1124 1087 1085 1049 1085 1046 1081 1037 1074 1037 1072 1035 1072 1033 1072 1031 1072 990 1078 956 1052 954 1052 952 1052 923 1052 922 1052 920 1052 918 1052 893 1076 891 1078 853 1083 744 1081 733 1070 733 1069 731 1069 729 1069 727 1069 726 1069 681 1081 670 1072 668 1072 666 1072 665 1072 663 1072 643 1079 629 1063 620 1056 620 1054 618 1054 616 1054 614 1054 612 1054 598 1060 589 1051 589 1049 587 1049 585 1049 584 1049 582 1049 555 1060 512 1078 467 1069 465 1069 463 1069 442 1078 424 1060 424 1058 422 1058 420 1058 418 1058 372 1060 350 1051 337 1045 336 1045 334 1045 287 1047 233 1051 134 1042 134 1112"/></Shape>
	    <String CONTENT="بر زبان مبارک حضرت رسول دارد شده که مفر مايد ربتا ولا تحملنا"
                    HPOS="133"
                    VPOS="1042"
                    WIDTH="956"
                    HEIGHT="109"
                    WC="0.8803965151309967"></String>
          </TextLine>

          
          
          <TextLine ID="eSc_line_db5ae7f9"
                    TAGREFS="LT4834"
                    BASELINE="141 1212 1094 1218" 
                    HPOS="140"
                    VPOS="1146"
                    WIDTH="954"
                    HEIGHT="99">
            <Shape><Polygon POINTS="141 1212 140 1223 176 1237 177 1237 179 1237 181 1237 231 1225 248 1239 249 1239 251 1239 253 1239 359 1225 368 1225 449 1225 449 1227 461 1239 461 1241 463 1241 465 1241 467 1243 539 1243 539 1241 541 1241 542 1241 555 1230 632 1241 634 1241 636 1241 638 1241 652 1230 656 1227 661 1230 682 1239 684 1239 686 1239 731 1230 754 1227 780 1232 801 1236 803 1236 824 1232 848 1228 853 1232 864 1241 864 1243 866 1243 868 1243 869 1245 947 1245 947 1243 949 1243 977 1236 1002 1228 1090 1236 1094 1218 1094 1171 1033 1149 1031 1149 950 1149 949 1149 947 1149 945 1149 945 1151 925 1171 923 1173 887 1173 886 1171 846 1151 844 1151 842 1151 841 1151 839 1151 839 1153 819 1169 817 1171 754 1171 753 1169 726 1148 724 1148 722 1148 688 1148 686 1148 684 1148 682 1148 652 1167 621 1148 620 1148 618 1148 591 1148 589 1148 587 1148 585 1148 566 1164 546 1148 544 1148 542 1148 541 1148 539 1148 537 1148 506 1166 499 1169 425 1169 422 1166 397 1146 395 1146 393 1146 391 1146 274 1148 273 1148 271 1148 271 1149 255 1164 253 1167 246 1164 231 1157 230 1157 228 1157 226 1157 224 1157 224 1158 219 1164 213 1169 177 1169 172 1164 159 1153 159 1151 158 1151 156 1151 154 1151 152 1151 150 1151 141 1157 141 1212"/></Shape>
	    <String CONTENT="طاقة لنا به وأعف عنا واغفر لنا وارحمنا أنت مولانا"
                    HPOS="140"
                    VPOS="1146"
                    WIDTH="954"
                    HEIGHT="99"
                    WC="0.9469406090530694"></String>
          </TextLine>

          
          
          <TextLine ID="eSc_line_fd812120"
                    TAGREFS="LT4834"
                    BASELINE="136 1309 1094 1315" 
                    HPOS="134"
                    VPOS="1232"
                    WIDTH="960"
                    HEIGHT="115">
            <Shape><Polygon POINTS="134 1324 186 1342 188 1342 190 1343 301 1343 301 1342 303 1342 355 1325 454 1343 456 1343 519 1334 541 1343 542 1343 544 1343 546 1343 548 1343 566 1333 589 1340 591 1340 593 1340 594 1340 596 1340 596 1338 609 1327 654 1343 656 1343 657 1343 659 1343 661 1343 681 1327 736 1327 772 1345 774 1345 776 1345 808 1343 810 1343 812 1343 812 1342 826 1329 868 1343 869 1343 871 1343 934 1329 950 1343 950 1345 952 1345 954 1345 956 1347 979 1347 979 1345 981 1345 983 1345 983 1343 999 1329 1092 1329 1094 1315 1092 1237 1044 1248 1022 1237 1020 1237 1019 1237 1017 1237 1015 1237 1013 1237 1013 1239 979 1268 949 1243 947 1243 945 1243 943 1243 941 1243 940 1243 920 1257 904 1243 904 1241 902 1241 900 1241 898 1241 896 1241 873 1252 837 1241 832 1239 830 1239 828 1239 817 1241 769 1252 753 1243 749 1239 747 1239 745 1239 744 1239 742 1239 735 1243 675 1270 530 1270 506 1246 496 1236 496 1234 494 1234 492 1234 490 1234 436 1246 424 1250 420 1246 406 1234 406 1232 404 1232 402 1232 309 1232 307 1232 305 1232 303 1232 282 1250 257 1268 176 1268 138 1252 136 1309 134 1324"/></Shape>
	    <String CONTENT="فانصرنا على القوم الکافرين ودرجای ديکر فرموده قل لن يصيبنا"
                    HPOS="134"
                    VPOS="1232"
                    WIDTH="960"
                    HEIGHT="115"
                    WC="0.8891747460283083"></String>
          </TextLine>

          
          
          <TextLine ID="eSc_line_55e91ce7"
                    TAGREFS="LT4834"
                    BASELINE="136 1412 1087 1417" 
                    HPOS="134"
                    VPOS="1336"
                    WIDTH="953"
                    HEIGHT="103">
            <Shape><Polygon POINTS="136 1412 134 1421 163 1435 165 1435 167 1435 327 1422 345 1435 346 1435 348 1435 350 1435 463 1424 532 1437 533 1437 670 1428 679 1435 679 1437 681 1437 682 1437 684 1437 686 1437 718 1430 769 1439 771 1439 772 1439 803 1426 936 1439 938 1439 940 1439 975 1426 1047 1437 1049 1437 1051 1437 1085 1424 1087 1417 1087 1365 1020 1340 1019 1340 959 1340 957 1340 956 1340 923 1356 889 1340 887 1340 792 1340 790 1340 789 1340 745 1358 706 1343 704 1343 702 1343 700 1343 699 1343 677 1360 654 1340 654 1338 652 1338 650 1338 621 1338 620 1338 618 1338 616 1338 616 1340 591 1365 587 1369 488 1369 485 1365 456 1338 456 1336 454 1336 452 1336 451 1336 449 1336 413 1351 375 1336 373 1336 372 1336 370 1336 368 1336 337 1354 301 1351 300 1351 298 1351 269 1365 267 1367 230 1367 228 1365 212 1349 212 1347 210 1347 208 1347 206 1347 204 1347 203 1347 203 1349 186 1365 185 1365 136 1365 136 1412"/></Shape>
	    <String CONTENT="إلا ما كتب الله لنا هو مولانا جأي دير فرموو ذلك بأن الله مولى"
                    HPOS="134"
                    VPOS="1336"
                    WIDTH="953"
                    HEIGHT="103"
                    WC="0.9109061895869672"></String>
          </TextLine>

          
          
          <TextLine ID="eSc_line_f75ef03e"
                    TAGREFS="LT4834"
                    BASELINE="413 1516 1087 1516" 
                    HPOS="413"
                    VPOS="1437"
                    WIDTH="674"
                    HEIGHT="106">
            <Shape><Polygon POINTS="413 1516 413 1539 443 1541 445 1541 447 1541 449 1541 449 1539 451 1539 465 1525 496 1525 508 1537 512 1539 512 1541 514 1541 515 1541 517 1541 519 1541 535 1537 580 1525 620 1536 645 1541 647 1541 648 1543 693 1543 693 1541 695 1541 715 1532 735 1525 816 1525 824 1530 832 1536 833 1536 835 1536 837 1536 839 1536 857 1528 862 1527 864 1528 875 1537 875 1539 877 1539 878 1539 880 1539 882 1539 904 1528 911 1525 947 1525 952 1527 970 1539 972 1539 974 1539 1047 1541 1049 1541 1051 1541 1087 1523 1087 1516 1087 1451 1074 1439 1074 1437 1073 1437 1071 1437 1069 1437 1067 1437 1033 1453 947 1439 945 1439 943 1439 941 1439 941 1440 927 1455 868 1455 850 1439 850 1437 848 1437 846 1437 798 1437 796 1437 794 1437 792 1437 780 1449 654 1453 625 1439 623 1439 621 1439 620 1439 593 1446 578 1437 576 1437 575 1437 573 1437 571 1437 569 1437 546 1451 512 1437 510 1437 449 1437 447 1437 445 1437 413 1453 413 1516"/></Shape>
	    <String CONTENT="الذين آمنوا وأن الكافرين لا مولى لهم"
                    HPOS="413"
                    VPOS="1437"
                    WIDTH="674"
                    HEIGHT="106"
                    WC="0.9544240283338647"></String>
          </TextLine>

          
          
          <TextLine ID="eSc_line_1a9c4d71"
                    TAGREFS="LT4834"
                    BASELINE="138 1608 954 1602" 
                    HPOS="136"
                    VPOS="1536"
                    WIDTH="818"
                    HEIGHT="88">
            <Shape><Polygon POINTS="138 1608 138 1615 390 1624 391 1624 393 1624 424 1615 434 1613 460 1615 532 1622 533 1624 656 1624 656 1622 657 1622 674 1615 681 1611 695 1615 718 1620 720 1620 722 1620 724 1620 747 1615 763 1611 790 1615 839 1620 841 1620 954 1613 954 1602 950 1546 855 1539 853 1539 851 1539 850 1539 835 1548 824 1555 814 1548 796 1536 794 1536 792 1536 715 1536 713 1536 711 1536 709 1536 688 1550 677 1557 654 1552 616 1543 614 1543 612 1543 611 1543 600 1552 593 1557 573 1554 537 1546 535 1546 533 1546 506 1554 497 1557 488 1555 452 1543 451 1543 449 1543 447 1543 445 1543 445 1545 431 1555 429 1559 366 1559 364 1557 355 1550 355 1548 354 1548 352 1548 350 1548 318 1555 298 1539 296 1539 294 1539 253 1539 251 1539 249 1539 248 1539 248 1541 235 1552 204 1541 203 1541 201 1541 199 1541 136 1561 138 1608"/></Shape>
	    <String CONTENT="در قرآن آياتيکه نام مولانا دراوست بسياراست که باز بايد"
                    HPOS="136"
                    VPOS="1536"
                    WIDTH="818"
                    HEIGHT="88"
                    WC="0.8559443136411053"></String>
          </TextLine>

          
        </TextBlock>
        
        <TextBlock HPOS="560"
                   VPOS="179"
                   WIDTH="106"
                   HEIGHT="70"
                   ID="eSc_textblock_415b2cdf"
                   TAGREFS="BT16059">
          <Shape><Polygon POINTS="596 179 666 194 666 235 575 249 560 222 596 179"/></Shape>
          
          
          <TextLine ID="eSc_line_6cc57f3a"
                    TAGREFS="LT4834"
                    BASELINE="591 220 627 220" 
                    HPOS="591"
                    VPOS="185"
                    WIDTH="36"
                    HEIGHT="53">
            <Shape><Polygon POINTS="591 220 591 238 627 237 627 220 627 185 591 185 591 220"/></Shape>
	    <String CONTENT=""
                    HPOS="591"
                    VPOS="185"
                    WIDTH="36"
                    HEIGHT="53"></String>
          </TextLine>

          
        </TextBlock>
        
        <TextBlock HPOS="1148"
                   VPOS="380"
                   WIDTH="70"
                   HEIGHT="92"
                   ID="eSc_textblock_2f7f3b65"
                   TAGREFS="BT16062">
          <Shape><Polygon POINTS="1171 380 1218 416 1204 472 1148 465 1171 380"/></Shape>
          
          
          <TextLine ID="eSc_line_c03ffe9d"
                    TAGREFS="LT4834"
                    BASELINE="1144 443 1198 438" 
                    HPOS="1139"
                    VPOS="384"
                    WIDTH="61"
                    HEIGHT="90">
            <Shape><Polygon POINTS="1177 386 1171 386 1159 418 1153 384 1139 384 1144 443 1146 474 1200 468 1198 438 1189 397 1177 386"/></Shape>
	    <String CONTENT=""
                    HPOS="1139"
                    VPOS="384"
                    WIDTH="61"
                    HEIGHT="90"></String>
          </TextLine>

          
        </TextBlock>
        
        <TextBlock HPOS="64"
                   VPOS="1638"
                   WIDTH="1097"
                   HEIGHT="300"
                   ID="eSc_textblock_711227d3"
                   TAGREFS="BT16058">
          <Shape><Polygon POINTS="165 1638 1132 1645 1161 1660 1125 1839 1139 1909 1082 1931 674 1938 129 1924 64 1710 86 1645 165 1638"/></Shape>
          
          
          <TextLine ID="eSc_line_a726d948"
                    TAGREFS="LT4834"
                    BASELINE="145 1697 1085 1697" 
                    HPOS="145"
                    VPOS="1647"
                    WIDTH="940"
                    HEIGHT="79">
            <Shape><Polygon POINTS="145 1697 145 1712 248 1724 249 1726 330 1726 330 1724 332 1724 334 1724 346 1714 454 1724 456 1724 553 1714 663 1724 665 1724 666 1724 709 1714 774 1724 776 1724 941 1714 970 1724 972 1724 974 1724 975 1724 997 1714 1029 1724 1031 1724 1033 1724 1085 1712 1085 1697 1085 1647 1040 1647 1038 1647 1037 1647 1035 1647 1035 1649 1020 1661 977 1661 966 1651 966 1649 965 1649 963 1649 961 1649 959 1649 957 1649 940 1660 859 1649 846 1649 844 1649 842 1649 837 1651 808 1660 799 1651 798 1649 796 1649 794 1649 702 1647 700 1647 699 1647 697 1647 691 1652 681 1661 564 1661 558 1654 551 1649 551 1647 549 1647 548 1647 514 1647 512 1647 510 1647 508 1647 499 1656 496 1660 416 1660 402 1656 357 1647 355 1647 354 1647 319 1658 312 1661 194 1661 192 1660 177 1651 176 1651 174 1651 172 1651 170 1651 145 1660 145 1697"/></Shape>
	    <String CONTENT="آيه س از سوره آل عمران اين عبارت در قرآن موجود مست انهم در فرآن بمست"
                    HPOS="145"
                    VPOS="1647"
                    WIDTH="940"
                    HEIGHT="79"
                    WC="0.8239447342024909"></String>
          </TextLine>

          
          
          <TextLine ID="eSc_line_eb3f5264"
                    TAGREFS="LT4834"
                    BASELINE="258 1807 1089 1794" 
                    HPOS="257"
                    VPOS="1739"
                    WIDTH="832"
                    HEIGHT="90">
            <Shape><Polygon POINTS="258 1807 258 1829 492 1818 505 1827 506 1827 508 1827 510 1827 512 1827 551 1818 587 1827 593 1827 594 1827 596 1827 598 1827 616 1816 636 1825 638 1825 639 1825 819 1823 821 1823 823 1823 837 1814 1013 1820 1037 1820 1038 1820 1040 1820 1042 1820 1053 1811 1087 1818 1089 1794 1085 1740 999 1739 997 1739 995 1739 986 1742 965 1753 895 1746 873 1744 871 1744 869 1744 864 1748 844 1758 808 1758 798 1749 790 1742 789 1742 787 1742 785 1742 783 1742 769 1749 756 1757 702 1753 612 1744 611 1744 609 1744 584 1757 575 1760 553 1757 514 1751 512 1751 510 1751 508 1751 496 1758 490 1762 476 1760 411 1748 409 1748 408 1748 406 1748 406 1749 391 1762 388 1762 285 1757 283 1757 282 1757 257 1766 258 1807"/></Shape>
	    <String CONTENT="خر أزسورة بقرة لمتع إياه أزسورة التوبه ا"
                    HPOS="257"
                    VPOS="1739"
                    WIDTH="832"
                    HEIGHT="90"
                    WC="0.7649095612902974"></String>
          </TextLine>

          
          
          <TextLine ID="eSc_line_5f8070cc"
                    TAGREFS="LT4834"
                    BASELINE="602 1900 1083 1895" 
                    HPOS="600"
                    VPOS="1839"
                    WIDTH="483"
                    HEIGHT="99">
            <Shape><Polygon POINTS="602 1900 603 1938 641 1918 682 1935 686 1935 688 1935 758 1938 760 1938 819 1926 868 1917 884 1924 916 1936 918 1936 920 1936 922 1936 961 1918 972 1926 974 1926 975 1926 977 1926 1083 1911 1083 1895 1080 1846 1017 1839 1015 1839 1013 1839 984 1848 952 1857 940 1848 931 1841 929 1841 927 1841 925 1841 923 1841 909 1848 900 1854 887 1850 864 1841 862 1841 860 1841 859 1841 857 1841 857 1843 848 1850 839 1861 767 1861 711 1854 623 1843 621 1843 620 1843 600 1852 602 1900"/></Shape>
	    <String CONTENT="آيا ازسورة محمد ذا الأمالاها "
                    HPOS="600"
                    VPOS="1839"
                    WIDTH="483"
                    HEIGHT="99"
                    WC="0.757549348858095"></String>
          </TextLine>

          
        </TextBlock>
        
        <TextBlock HPOS="1148"
                   VPOS="1581"
                   WIDTH="27"
                   HEIGHT="27"
                   ID="eSc_textblock_24183eec"
                   TAGREFS="BT16061">
          <Shape><Polygon POINTS="1155 1581 1175 1581 1175 1608 1148 1593 1155 1581"/></Shape>
          
        </TextBlock>
        
        <TextBlock HPOS="1126"
                   VPOS="1523"
                   WIDTH="99"
                   HEIGHT="113"
                   ID="eSc_textblock_c4b2d696"
                   TAGREFS="BT16062">
          <Shape><Polygon POINTS="1150 1523 1225 1537 1197 1636 1126 1608 1150 1523"/></Shape>
          
        </TextBlock>
        

        
      </PrintSpace>
    </Page>
  </Layout>
</alto>
