<?xml version="1.0" encoding="UTF-8"?>
<alto xmlns:xsi="http://www.w3.org/2001/XMLSchema-instance"
      xmlns="http://www.loc.gov/standards/alto/ns-v4#"
      xsi:schemaLocation="http://www.loc.gov/standards/alto/ns-v4# http://www.loc.gov/standards/alto/v4/alto-4-2.xsd">
  <Description>
    <MeasurementUnit>pixel</MeasurementUnit>
    <sourceImageInformation>
      <fileName>TwoIsmailiTreatises036.jpg</fileName>
      
    </sourceImageInformation>
  </Description>
  
  <Tags>
    <OtherTag ID="BT16074" LABEL="MarginTextZone:commentary" DESCRIPTION="block type MarginTextZone:commentary"/><OtherTag ID="BT16073" LABEL="MarginTextZone:note#1" DESCRIPTION="block type MarginTextZone:note#1"/><OtherTag ID="BT16072" LABEL="MainZone:column#2" DESCRIPTION="block type MainZone:column#2"/><OtherTag ID="BT16071" LABEL="MainZone:column#3" DESCRIPTION="block type MainZone:column#3"/><OtherTag ID="BT16070" LABEL="GraphicZone:illustration" DESCRIPTION="block type GraphicZone:illustration"/><OtherTag ID="BT16069" LABEL="MainZone:column#1" DESCRIPTION="block type MainZone:column#1"/><OtherTag ID="BT16068" LABEL="MarginTextZone:note#2" DESCRIPTION="block type MarginTextZone:note#2"/><OtherTag ID="BT16067" LABEL="CustomZone:publication" DESCRIPTION="block type CustomZone:publication"/><OtherTag ID="BT16066" LABEL="RunningTitleZone" DESCRIPTION="block type RunningTitleZone"/><OtherTag ID="BT16065" LABEL="NumberingZone" DESCRIPTION="block type NumberingZone"/><OtherTag ID="BT16064" LABEL="default" DESCRIPTION="block type default"/><OtherTag ID="BT16063" LABEL="TitlePageZone" DESCRIPTION="block type TitlePageZone"/><OtherTag ID="BT16062" LABEL="NumberingZone:other" DESCRIPTION="block type NumberingZone:other"/><OtherTag ID="BT16061" LABEL="QuireMarksZone:catchwords" DESCRIPTION="block type QuireMarksZone:catchwords"/><OtherTag ID="BT16060" LABEL="MainZone" DESCRIPTION="block type MainZone"/><OtherTag ID="BT16059" LABEL="NumberingZone:page" DESCRIPTION="block type NumberingZone:page"/><OtherTag ID="BT16058" LABEL="MarginTextZone:note" DESCRIPTION="block type MarginTextZone:note"/><OtherTag ID="BT16057" LABEL="DigitizationArtefactZone" DESCRIPTION="block type DigitizationArtefactZone"/><OtherTag ID="BT4" LABEL="Illustration" DESCRIPTION="block type Illustration"/><OtherTag ID="BT3" LABEL="Commentary" DESCRIPTION="block type Commentary"/><OtherTag ID="BT2" LABEL="Main" DESCRIPTION="block type Main"/><OtherTag ID="BT1" LABEL="Title" DESCRIPTION="block type Title"/>
    <OtherTag ID="LT4834" LABEL="DefaultLine" DESCRIPTION="line type DefaultLine"/><OtherTag ID="LT4835" LABEL="HeadingLine:title" DESCRIPTION="line type HeadingLine:title"/>
  </Tags>
  
  <Layout>
    <Page WIDTH="1579"
          HEIGHT="2308"
          PHYSICAL_IMG_NR="32"
          ID="eSc_dummypage_">
      <PrintSpace HPOS="0"
                  VPOS="0"
                  WIDTH="1579"
                  HEIGHT="2308">
        
        <TextBlock HPOS="377"
                   VPOS="292"
                   WIDTH="1130"
                   HEIGHT="1775"
                   ID="eSc_textblock_c531ad80"
                   TAGREFS="BT16060">
          <Shape><Polygon POINTS="654 292 1469 330 1507 584 1484 1038 1500 1875 1453 2059 446 2067 385 2044 408 1921 377 1275 392 330 439 300 654 292"/></Shape>
          
          
          <TextLine ID="eSc_line_513e5cdd"
                    TAGREFS="LT4834"
                    BASELINE="394 392 1286 384" 
                    HPOS="392"
                    VPOS="315"
                    WIDTH="894"
                    HEIGHT="117">
            <Shape><Polygon POINTS="394 392 394 403 419 415 421 415 423 415 498 405 523 428 523 430 525 430 527 430 529 432 581 432 581 430 583 430 585 430 595 421 602 426 602 428 604 428 606 428 608 430 710 430 710 428 712 428 714 428 714 426 741 403 777 403 797 421 797 423 799 423 801 423 802 423 804 423 806 423 831 405 854 425 854 426 856 426 858 426 860 428 960 428 960 426 962 426 964 426 964 425 974 415 1001 426 1003 426 1005 426 1007 426 1009 426 1037 403 1041 401 1061 401 1061 403 1082 423 1082 425 1084 425 1086 425 1087 425 1089 425 1141 403 1149 400 1284 401 1286 384 1282 348 1139 340 1122 323 1122 321 1120 321 1118 321 1116 321 1114 321 1095 328 1066 315 1064 315 1062 315 939 317 937 317 935 317 920 330 889 323 887 323 885 323 883 323 854 338 826 319 824 319 822 319 789 319 787 319 785 319 783 319 783 321 750 350 695 350 664 323 662 323 660 323 658 323 656 323 654 323 621 350 595 351 514 330 512 330 510 330 508 330 506 330 477 353 392 353 394 392"/></Shape>
	    <String CONTENT="باز از اول مطلب بگويم تا موششين به فيص برسند"
                    HPOS="392"
                    VPOS="315"
                    WIDTH="894"
                    HEIGHT="117"
                    WC="0.929986444386569"></String>
          </TextLine>

          
          
          <TextLine ID="eSc_line_2c41ab1e"
                    TAGREFS="LT4834"
                    BASELINE="402 494 1459 494" 
                    HPOS="402"
                    VPOS="430"
                    WIDTH="1057"
                    HEIGHT="100">
            <Shape><Polygon POINTS="402 494 402 507 444 521 446 521 448 521 525 509 544 526 544 528 546 528 548 528 550 530 621 530 621 528 623 528 689 509 733 528 735 528 737 530 795 530 795 528 797 528 799 528 799 526 818 509 878 528 880 528 881 528 883 528 924 517 955 526 957 526 958 526 960 526 1007 509 1041 519 1043 519 1045 519 1151 509 1172 526 1174 526 1176 526 1178 526 1180 526 1203 517 1220 525 1222 525 1224 525 1226 525 1228 525 1228 523 1242 511 1299 523 1301 523 1303 523 1342 511 1363 528 1365 528 1367 528 1369 530 1419 530 1419 528 1421 528 1459 507 1459 494 1453 430 1409 459 1344 455 1315 434 1313 434 1311 434 1309 434 1307 434 1305 434 1272 461 1178 461 1163 448 1161 448 1159 448 1157 448 1087 459 1049 430 1047 430 1045 430 1043 430 1039 430 945 444 905 430 903 430 901 430 899 430 897 430 874 451 849 434 847 434 845 434 843 434 797 440 758 430 756 430 754 430 752 430 691 459 625 446 623 446 621 446 571 459 535 450 533 450 531 450 529 450 500 457 473 432 473 430 471 430 469 430 402 430 402 494"/></Shape>
	    <String CONTENT="کرده بضاد و ترهب را چون مرگ حسمانی ايشان برسدد از ان"
                    HPOS="402"
                    VPOS="430"
                    WIDTH="1057"
                    HEIGHT="100"
                    WC="0.8791993260383606"></String>
          </TextLine>

          
          
          <TextLine ID="eSc_line_5de14ab6"
                    TAGREFS="LT4834"
                    BASELINE="388 603 1453 607" 
                    HPOS="387"
                    VPOS="542"
                    WIDTH="1066"
                    HEIGHT="96">
            <Shape><Polygon POINTS="388 603 387 623 415 634 417 634 419 634 421 634 448 623 467 636 469 636 471 636 473 638 543 638 543 636 544 636 575 621 577 621 689 621 741 621 774 636 776 636 777 636 999 623 1014 636 1014 638 1016 638 1018 638 1020 638 1099 623 1143 638 1145 638 1147 638 1215 625 1243 638 1245 638 1247 638 1249 638 1251 638 1251 636 1268 623 1421 634 1423 634 1424 634 1451 621 1453 607 1453 571 1409 555 1407 555 1405 555 1403 555 1401 555 1384 571 1347 571 1211 571 1211 569 1186 546 1186 544 1184 544 1182 544 1118 544 1116 544 1114 544 1061 561 1028 544 1026 544 962 544 960 544 958 544 957 544 939 557 876 546 874 546 872 546 870 546 870 548 847 567 847 569 829 569 829 567 804 544 804 542 802 542 801 542 700 542 698 542 697 542 648 565 623 548 621 548 620 548 618 548 616 548 614 548 581 567 525 542 523 542 521 542 519 542 471 567 469 567 388 567 388 603"/></Shape>
	    <String CONTENT="دارد ميا بروند هالک باشند يينی از خداد خداوندی بفتند"
                    HPOS="387"
                    VPOS="542"
                    WIDTH="1066"
                    HEIGHT="96"
                    WC="0.8404381223596059"></String>
          </TextLine>

          
          
          <TextLine ID="eSc_line_84dff24c"
                    TAGREFS="LT4834"
                    BASELINE="400 707 1455 713" 
                    HPOS="398"
                    VPOS="652"
                    WIDTH="1057"
                    HEIGHT="98">
            <Shape><Polygon POINTS="400 707 398 728 425 744 427 744 429 744 431 744 433 744 469 730 535 730 566 746 568 746 569 748 627 748 627 746 629 746 683 728 704 738 706 738 708 738 783 734 797 746 797 748 799 748 801 748 802 748 1043 730 1118 746 1201 750 1203 750 1205 750 1207 750 1232 732 1376 750 1378 750 1380 750 1382 750 1409 732 1453 732 1455 713 1455 677 1436 665 1434 665 1432 665 1430 665 1428 665 1426 665 1426 667 1413 680 1349 680 1317 655 1315 655 1313 655 1311 655 1309 655 1268 678 1238 655 1236 655 1234 655 1180 655 1178 655 1176 655 1174 655 1147 678 1145 680 1120 680 1120 678 1097 655 1097 653 1095 653 1093 653 1091 653 1089 653 1055 673 1022 653 1020 653 1018 653 943 653 941 653 939 653 885 677 874 677 816 675 793 659 791 659 789 659 787 659 785 659 783 659 760 677 758 677 693 652 691 652 689 652 687 652 685 652 662 671 643 655 641 655 639 655 606 655 604 655 602 655 600 655 600 657 581 675 548 665 546 665 544 665 508 673 483 659 481 659 479 659 477 659 450 675 448 675 400 675 400 707"/></Shape>
	    <String CONTENT="بعدم جاددانی خود رسند که دوزخ است و ابل و حدث به"
                    HPOS="398"
                    VPOS="652"
                    WIDTH="1057"
                    HEIGHT="98"
                    WC="0.9341388319929441"></String>
          </TextLine>

          
          
          <TextLine ID="eSc_line_a6dca4cd"
                    TAGREFS="LT4834"
                    BASELINE="404 811 1448 807" 
                    HPOS="402"
                    VPOS="759"
                    WIDTH="1046"
                    HEIGHT="91">
            <Shape><Polygon POINTS="404 811 404 830 464 830 465 830 483 846 483 848 485 848 487 848 489 848 579 832 774 850 776 850 777 850 837 830 914 844 916 844 918 844 949 830 1028 848 1030 850 1116 850 1116 848 1118 848 1163 830 1180 846 1180 848 1182 848 1184 848 1186 850 1242 850 1242 848 1243 848 1245 848 1270 828 1294 840 1295 840 1297 840 1446 827 1448 807 1440 763 1380 780 1265 780 1240 767 1226 759 1224 759 1222 759 1220 759 1218 759 1218 761 1211 767 1201 778 1184 767 1178 765 1176 765 1174 765 1172 765 1166 767 1145 778 1128 769 1113 759 1111 759 1109 759 1107 759 1105 759 1103 759 1103 761 1093 769 1084 778 1053 771 1034 765 1032 765 1030 765 1028 765 1009 771 982 778 970 771 953 761 951 761 949 761 947 761 945 761 943 761 930 773 918 782 870 782 862 773 851 763 851 761 849 761 847 761 845 761 843 761 818 775 797 761 795 761 793 761 791 761 789 761 760 775 750 780 741 777 729 771 727 771 725 771 693 777 675 780 672 777 656 763 656 761 654 761 652 761 650 761 648 761 596 777 579 761 577 761 575 761 573 761 465 773 437 761 435 761 433 761 431 761 429 761 402 777 404 811"/></Shape>
	    <String CONTENT="حفيقت ناجی انديعنی باخداد خداوندی خود رسند که بشت"
                    HPOS="402"
                    VPOS="759"
                    WIDTH="1046"
                    HEIGHT="91"
                    WC="0.8963104097210631"></String>
          </TextLine>

          
          
          <TextLine ID="eSc_line_58d3c2be"
                    TAGREFS="LT4834"
                    BASELINE="398 921 1449 921" 
                    HPOS="398"
                    VPOS="857"
                    WIDTH="1051"
                    HEIGHT="100">
            <Shape><Polygon POINTS="398 921 398 946 452 955 454 955 456 955 458 955 471 946 483 938 589 944 600 944 602 944 608 944 660 934 670 944 683 953 683 955 685 955 687 955 689 957 714 957 714 955 716 955 747 942 766 934 787 942 828 955 829 955 831 957 1049 957 1049 955 1051 955 1053 955 1053 953 1064 942 1086 952 1087 952 1089 952 1091 952 1093 952 1093 950 1109 938 1113 934 1274 934 1278 934 1309 955 1311 955 1313 955 1315 955 1317 955 1349 938 1388 955 1390 955 1392 955 1394 955 1449 932 1449 921 1449 886 1386 884 1359 859 1357 859 1355 859 1353 859 1351 859 1349 859 1349 861 1330 878 1299 867 1297 867 1295 867 1294 867 1251 882 1245 886 1182 886 1178 882 1155 859 1155 857 1153 857 1151 857 1116 857 1114 857 1113 857 1111 857 1080 880 1053 863 1051 863 1049 863 1047 863 1045 863 1043 863 1026 880 1018 884 991 884 987 878 970 865 970 863 968 863 966 863 964 863 962 863 960 863 960 865 945 878 937 884 864 877 829 875 828 875 826 875 820 877 799 884 777 877 731 857 729 857 727 857 725 857 724 857 710 867 666 857 664 857 662 857 660 857 637 875 621 884 595 873 550 857 548 857 546 857 544 857 543 857 527 871 504 857 502 857 421 857 419 857 417 857 415 857 398 867 398 921"/></Shape>
	    <String CONTENT="سرمدی است بدليل قول حضرت رسول مليه السلام که"
                    HPOS="398"
                    VPOS="857"
                    WIDTH="1051"
                    HEIGHT="100"
                    WC="0.9652776934883811"></String>
          </TextLine>

          
          
          <TextLine ID="eSc_line_64aed0d1"
                    TAGREFS="LT4834"
                    BASELINE="404 1023 1448 1028" 
                    HPOS="402"
                    VPOS="955"
                    WIDTH="1046"
                    HEIGHT="104">
            <Shape><Polygon POINTS="404 1023 402 1036 450 1052 452 1052 454 1052 569 1050 571 1050 573 1050 589 1038 591 1038 668 1038 698 1052 700 1052 702 1052 704 1052 706 1052 706 1050 718 1038 758 1055 760 1055 762 1055 908 1042 1012 1055 1014 1055 1203 1053 1205 1053 1243 1042 1292 1057 1294 1057 1295 1059 1376 1059 1376 1057 1378 1057 1380 1057 1380 1055 1397 1042 1446 1042 1448 1028 1444 982 1365 988 1353 982 1346 977 1344 977 1342 977 1340 977 1338 977 1319 982 1295 988 1284 982 1257 967 1255 967 1253 967 1251 967 1220 982 1209 988 1197 982 1157 959 1155 959 1028 957 1026 957 914 969 912 969 910 969 910 971 897 982 893 988 833 988 826 982 774 957 772 957 683 955 681 955 679 955 623 982 620 984 618 982 596 975 595 975 593 975 591 975 569 982 554 969 554 967 552 967 550 967 548 967 546 967 544 967 525 982 521 986 481 986 479 982 452 959 450 959 448 959 446 959 444 959 442 959 442 961 419 984 417 984 404 984 404 1023"/></Shape>
	    <String CONTENT="ميفر يايد ما بعد الدنيا دار الحثة ونارا ومولانا على"
                    HPOS="402"
                    VPOS="955"
                    WIDTH="1046"
                    HEIGHT="104"
                    WC="0.9203529515687157"></String>
          </TextLine>

          
          
          <TextLine ID="eSc_line_9da17237"
                    TAGREFS="LT4834"
                    BASELINE="410 1134 1459 1134" 
                    HPOS="410"
                    VPOS="1065"
                    WIDTH="1049"
                    HEIGHT="106">
            <Shape><Polygon POINTS="410 1134 410 1146 439 1159 440 1159 442 1159 525 1146 529 1146 552 1167 552 1169 554 1169 556 1169 558 1171 587 1171 587 1169 589 1169 631 1146 666 1146 698 1146 700 1146 731 1169 733 1169 735 1169 737 1171 835 1171 835 1169 837 1169 839 1169 864 1146 910 1161 912 1161 914 1161 916 1161 953 1146 1018 1146 1076 1169 1078 1169 1080 1169 1082 1169 1109 1155 1120 1167 1120 1169 1122 1169 1124 1169 1126 1171 1232 1171 1232 1169 1234 1169 1236 1169 1236 1167 1255 1148 1338 1146 1388 1163 1390 1163 1392 1163 1394 1163 1459 1144 1459 1134 1459 1065 1411 1065 1409 1065 1407 1065 1405 1065 1405 1067 1376 1092 1336 1067 1334 1067 1332 1067 1330 1067 1328 1067 1326 1067 1326 1069 1299 1096 1220 1096 1205 1080 1205 1078 1203 1078 1201 1078 1199 1078 1197 1078 1195 1078 1176 1096 1132 1096 1107 1073 1097 1065 1095 1065 1093 1065 1061 1065 1059 1065 1057 1065 1037 1075 999 1094 910 1088 897 1078 880 1065 878 1065 876 1065 874 1065 783 1075 770 1065 768 1065 766 1065 764 1065 762 1065 760 1065 739 1082 727 1092 716 1082 706 1075 704 1075 702 1075 672 1075 670 1075 668 1075 666 1075 650 1084 635 1096 562 1096 548 1088 533 1077 531 1077 529 1077 527 1077 525 1077 498 1086 456 1067 454 1067 452 1067 450 1067 448 1067 448 1069 425 1090 423 1092 410 1092 410 1134"/></Shape>
	    <String CONTENT="ذکره الشلام میفر مايد به قيامت هرک بخدا رسيد جاودانی"
                    HPOS="410"
                    VPOS="1065"
                    WIDTH="1049"
                    HEIGHT="106"
                    WC="0.8344528789703662"></String>
          </TextLine>

          
          
          <TextLine ID="eSc_line_8ae13230"
                    TAGREFS="LT4834"
                    BASELINE="415 1227 1455 1230" 
                    HPOS="414"
                    VPOS="1163"
                    WIDTH="1041"
                    HEIGHT="96">
            <Shape><Polygon POINTS="415 1227 414 1240 439 1255 440 1255 442 1255 444 1257 535 1257 535 1255 537 1255 539 1255 539 1254 556 1240 620 1255 621 1255 874 1240 906 1250 908 1250 910 1250 1128 1242 1141 1254 1143 1254 1145 1254 1147 1254 1149 1254 1176 1244 1197 1257 1199 1257 1201 1257 1203 1259 1270 1259 1270 1257 1272 1257 1274 1257 1297 1242 1313 1255 1313 1257 1315 1257 1317 1257 1319 1259 1361 1259 1361 1257 1363 1257 1365 1257 1365 1255 1378 1244 1409 1254 1411 1254 1413 1254 1415 1254 1453 1240 1455 1230 1451 1179 1328 1192 1299 1175 1286 1167 1284 1167 1282 1167 1224 1167 1222 1167 1220 1167 1218 1167 1218 1169 1211 1175 1191 1194 1111 1194 1076 1173 1076 1171 1074 1171 1072 1171 1070 1171 1068 1171 1066 1171 1066 1173 1043 1194 1010 1194 995 1180 995 1179 993 1179 991 1179 989 1179 987 1179 955 1192 931 1173 930 1173 928 1173 905 1169 889 1169 887 1169 885 1169 883 1169 883 1171 864 1190 810 1190 799 1179 799 1177 797 1177 795 1177 793 1177 791 1177 754 1190 708 1167 706 1167 704 1167 702 1167 700 1167 677 1186 670 1180 670 1179 668 1179 666 1179 664 1179 598 1180 583 1167 583 1165 581 1165 579 1165 577 1165 575 1165 512 1182 489 1165 487 1165 485 1165 415 1163 415 1227"/></Shape>
	    <String CONTENT="رسيدد هر که از خداوند افتاد عارانی افتاد چون خدا"
                    HPOS="414"
                    VPOS="1163"
                    WIDTH="1041"
                    HEIGHT="96"
                    WC="0.8464638342459997"></String>
          </TextLine>

          
          
          <TextLine ID="eSc_line_e0139959"
                    TAGREFS="LT4834"
                    BASELINE="425 1334 1448 1338" 
                    HPOS="423"
                    VPOS="1271"
                    WIDTH="1025"
                    HEIGHT="94">
            <Shape><Polygon POINTS="425 1334 423 1346 440 1355 442 1355 444 1355 446 1355 448 1355 467 1346 485 1361 487 1361 489 1361 491 1361 492 1361 552 1346 633 1355 635 1355 637 1355 660 1346 662 1346 675 1359 675 1361 677 1361 679 1361 681 1361 779 1350 808 1346 814 1350 831 1361 833 1361 835 1361 837 1361 885 1352 912 1346 924 1352 931 1357 933 1357 935 1357 937 1357 939 1357 958 1352 976 1348 983 1354 997 1363 999 1363 1001 1363 1003 1363 1074 1359 1076 1359 1078 1359 1078 1357 1082 1355 1087 1348 1105 1355 1122 1363 1124 1363 1126 1365 1174 1365 1174 1363 1176 1363 1178 1363 1186 1357 1201 1348 1313 1348 1322 1355 1322 1357 1324 1357 1326 1357 1328 1357 1330 1357 1369 1348 1382 1359 1384 1359 1386 1359 1444 1361 1448 1338 1444 1288 1380 1296 1363 1288 1340 1277 1338 1277 1336 1277 1224 1284 1213 1275 1213 1273 1211 1273 1209 1273 1136 1273 1134 1273 1132 1273 1097 1290 1084 1296 1055 1290 1028 1284 1026 1284 1024 1284 1012 1290 1003 1296 991 1290 983 1284 982 1284 980 1284 978 1284 976 1284 958 1290 943 1296 937 1290 933 1284 931 1284 931 1282 930 1282 928 1282 926 1282 924 1282 922 1282 922 1284 914 1290 910 1294 864 1294 860 1290 843 1275 841 1275 839 1275 837 1275 835 1275 833 1275 810 1290 808 1292 808 1290 770 1271 768 1271 766 1271 764 1271 762 1271 739 1292 737 1294 731 1292 706 1282 704 1282 702 1282 652 1286 641 1277 641 1275 639 1275 637 1275 583 1275 581 1275 579 1275 577 1275 556 1292 531 1279 529 1279 527 1279 525 1279 496 1292 494 1294 492 1292 479 1282 477 1282 475 1282 473 1282 425 1292 425 1334"/></Shape>
	    <String CONTENT="اوست و هر كه از همه افتاده باشد چه بماند چون از"
                    HPOS="423"
                    VPOS="1271"
                    WIDTH="1025"
                    HEIGHT="94"
                    WC="0.9165749042592151"></String>
          </TextLine>

          
          
          <TextLine ID="eSc_line_01464f07"
                    TAGREFS="LT4834"
                    BASELINE="412 1440 1455 1436" 
                    HPOS="410"
                    VPOS="1371"
                    WIDTH="1045"
                    HEIGHT="100">
            <Shape><Polygon POINTS="412 1440 412 1452 450 1467 452 1467 454 1467 456 1467 458 1467 458 1465 473 1452 475 1450 596 1450 602 1450 660 1469 662 1469 664 1469 666 1469 698 1454 735 1469 737 1469 739 1469 741 1469 785 1450 824 1469 826 1469 828 1471 903 1471 903 1469 905 1469 906 1469 939 1450 964 1461 966 1461 968 1461 1103 1448 1193 1467 1195 1467 1197 1467 1199 1467 1230 1448 1265 1467 1267 1467 1268 1467 1324 1455 1413 1467 1415 1467 1417 1467 1455 1444 1455 1436 1451 1398 1407 1398 1405 1396 1378 1379 1376 1379 1374 1379 1372 1379 1371 1379 1369 1379 1344 1396 1307 1371 1305 1371 1303 1371 1301 1371 1299 1371 1209 1396 1205 1398 1128 1398 1124 1396 1089 1377 1087 1377 1086 1377 1084 1377 1082 1377 1057 1396 1055 1396 1053 1396 1018 1382 1016 1382 1014 1382 1012 1382 989 1394 985 1398 864 1398 856 1394 841 1382 839 1382 837 1382 835 1382 791 1392 772 1375 772 1373 770 1373 768 1373 618 1373 616 1373 614 1373 612 1373 581 1392 577 1394 575 1392 556 1377 556 1375 554 1375 552 1375 550 1375 548 1375 498 1392 479 1375 479 1373 477 1373 475 1373 448 1373 446 1373 444 1373 410 1388 412 1440"/></Shape>
	    <String CONTENT="دنيا برفتی همين خدا است و عدم جاودانى هر گراخداو خدانى"
                    HPOS="410"
                    VPOS="1371"
                    WIDTH="1045"
                    HEIGHT="100"
                    WC="0.9369247566770624"></String>
          </TextLine>

          
          
          <TextLine ID="eSc_line_99755f58"
                    TAGREFS="LT4834"
                    BASELINE="406 1538 1451 1527" 
                    HPOS="404"
                    VPOS="1467"
                    WIDTH="1047"
                    HEIGHT="104">
            <Shape><Polygon POINTS="406 1538 406 1552 423 1569 423 1571 425 1571 427 1571 429 1571 431 1571 473 1559 498 1569 500 1569 502 1569 504 1569 506 1569 525 1554 552 1569 554 1569 556 1569 558 1569 595 1550 620 1557 621 1557 623 1557 625 1557 654 1548 750 1569 752 1569 754 1569 756 1569 789 1546 812 1546 843 1546 872 1567 874 1567 876 1567 878 1569 926 1569 926 1567 928 1567 968 1555 1082 1565 1084 1565 1086 1565 1087 1565 1087 1563 1105 1546 1136 1544 1193 1563 1195 1563 1197 1563 1199 1563 1201 1563 1201 1561 1224 1542 1282 1554 1284 1554 1286 1554 1288 1554 1288 1552 1299 1540 1301 1540 1303 1540 1384 1561 1386 1561 1388 1561 1390 1561 1392 1561 1392 1559 1413 1540 1449 1540 1451 1527 1446 1484 1342 1494 1326 1486 1292 1467 1290 1467 1288 1467 1286 1467 1284 1467 1284 1469 1267 1486 1259 1496 1205 1496 1197 1488 1190 1482 1190 1480 1188 1480 1186 1480 1184 1480 1182 1480 1180 1480 1180 1482 1172 1488 1166 1496 1151 1490 1141 1486 1139 1486 1138 1486 1103 1490 1051 1498 1041 1492 1032 1484 1030 1484 1028 1484 1026 1484 991 1488 974 1473 974 1471 972 1471 970 1471 968 1471 881 1473 880 1473 878 1473 878 1475 870 1482 860 1475 860 1473 858 1473 856 1473 812 1473 810 1473 808 1473 720 1498 708 1502 704 1500 672 1475 670 1475 668 1475 666 1475 664 1475 621 1492 577 1475 575 1475 573 1475 535 1477 533 1477 531 1477 531 1479 514 1494 450 1484 448 1484 446 1484 404 1502 406 1538"/></Shape>
	    <String CONTENT="ميباشد مباركش باد و هر گرا ستى جاددانی می پايد"
                    HPOS="404"
                    VPOS="1467"
                    WIDTH="1047"
                    HEIGHT="104"
                    WC="0.9024622006260831"></String>
          </TextLine>

          
          
          <TextLine ID="eSc_line_8da01b8e"
                    TAGREFS="LT4834"
                    BASELINE="425 1636 1451 1640" 
                    HPOS="423"
                    VPOS="1561"
                    WIDTH="1028"
                    HEIGHT="110">
            <Shape><Polygon POINTS="425 1636 423 1648 464 1661 465 1661 467 1661 558 1650 610 1667 612 1667 614 1667 698 1665 700 1665 727 1652 731 1650 735 1652 768 1667 770 1667 772 1669 868 1669 868 1667 870 1667 872 1667 872 1665 885 1654 889 1652 933 1652 937 1655 951 1667 951 1669 953 1669 955 1669 957 1669 958 1669 993 1655 1007 1652 1016 1657 1035 1669 1037 1669 1039 1669 1041 1671 1070 1671 1070 1669 1072 1669 1074 1669 1087 1657 1097 1652 1178 1652 1195 1659 1215 1669 1216 1669 1218 1671 1247 1671 1247 1669 1249 1669 1251 1669 1261 1661 1274 1652 1346 1652 1361 1663 1369 1669 1371 1669 1372 1669 1374 1669 1449 1663 1451 1640 1448 1588 1411 1596 1399 1588 1372 1563 1371 1563 1369 1563 1326 1563 1324 1563 1322 1563 1320 1563 1320 1565 1297 1588 1288 1598 1242 1598 1232 1588 1209 1565 1209 1563 1207 1563 1205 1563 1168 1563 1166 1563 1164 1563 1116 1588 1097 1596 1064 1588 1003 1571 1001 1571 999 1571 997 1571 966 1586 949 1596 870 1596 862 1586 860 1586 860 1584 858 1584 856 1584 854 1584 837 1586 802 1594 793 1586 785 1580 783 1580 781 1580 779 1580 777 1580 776 1580 766 1586 756 1594 749 1586 720 1561 718 1561 716 1561 648 1561 647 1561 645 1561 643 1561 643 1563 618 1586 610 1596 589 1596 577 1586 544 1561 543 1561 541 1561 539 1561 537 1561 489 1573 460 1561 458 1561 456 1561 454 1561 452 1561 425 1580 425 1636"/></Shape>
	    <String CONTENT="م مبارکش باد که حضرت يمر میفرنايد و يل لمن آفاق"
                    HPOS="423"
                    VPOS="1561"
                    WIDTH="1028"
                    HEIGHT="110"
                    WC="0.8892133099337419"></String>
          </TextLine>

          
          
          <TextLine ID="eSc_line_2bd65ecd"
                    TAGREFS="LT4834"
                    BASELINE="427 1732 1461 1727" 
                    HPOS="425"
                    VPOS="1655"
                    WIDTH="1036"
                    HEIGHT="106">
            <Shape><Polygon POINTS="427 1732 427 1742 473 1759 475 1759 477 1759 479 1759 512 1750 560 1759 562 1759 564 1759 566 1759 593 1744 625 1744 641 1757 641 1759 643 1759 645 1759 647 1761 720 1761 720 1759 722 1759 770 1742 781 1752 783 1752 785 1752 787 1752 789 1752 824 1742 841 1756 841 1757 843 1757 845 1757 847 1757 922 1742 943 1757 945 1757 947 1757 949 1759 1045 1759 1045 1757 1047 1757 1049 1757 1068 1742 1111 1757 1113 1757 1114 1757 1116 1757 1141 1746 1176 1756 1178 1756 1180 1756 1182 1756 1184 1756 1184 1754 1199 1740 1215 1740 1240 1740 1253 1754 1253 1756 1255 1756 1257 1756 1259 1757 1320 1757 1320 1756 1322 1756 1324 1756 1347 1740 1349 1740 1461 1740 1461 1727 1457 1667 1297 1655 1295 1655 1294 1655 1292 1655 1270 1669 1259 1677 1251 1669 1243 1663 1243 1661 1242 1661 1240 1661 1238 1661 1236 1661 1201 1671 1170 1679 1161 1671 1147 1657 1147 1655 1145 1655 1143 1655 1114 1655 1113 1655 1111 1655 1082 1667 1062 1659 1061 1659 1059 1659 1057 1659 1055 1659 1041 1673 1030 1682 943 1682 920 1675 864 1657 862 1657 860 1657 858 1657 856 1657 856 1659 839 1675 833 1680 808 1677 787 1673 785 1673 783 1673 781 1673 776 1677 766 1682 752 1677 724 1665 722 1665 720 1665 718 1665 716 1665 716 1667 704 1677 698 1684 652 1684 645 1679 620 1659 618 1659 616 1659 577 1659 575 1659 573 1659 571 1659 571 1661 552 1680 550 1682 502 1682 496 1680 448 1659 446 1659 444 1659 442 1659 440 1659 440 1661 425 1675 427 1732"/></Shape>
	    <String CONTENT="بعد الموت يعنى هر كه پيش از مرگ جسمانى بيدار نگردد بعدا"
                    HPOS="425"
                    VPOS="1655"
                    WIDTH="1036"
                    HEIGHT="106"
                    WC="0.8981005549430847"></String>
          </TextLine>

          
          
          <TextLine ID="eSc_line_876445af"
                    TAGREFS="LT4834"
                    BASELINE="429 1829 1455 1829" 
                    HPOS="429"
                    VPOS="1763"
                    WIDTH="1026"
                    HEIGHT="96">
            <Shape><Polygon POINTS="429 1829 429 1838 465 1857 467 1857 469 1857 602 1842 637 1838 693 1840 695 1844 708 1856 708 1857 710 1857 712 1857 714 1859 774 1859 774 1857 776 1857 777 1857 797 1844 810 1838 989 1838 1007 1848 1018 1857 1020 1857 1022 1857 1024 1857 1076 1852 1078 1852 1080 1852 1080 1850 1082 1850 1093 1838 1138 1852 1163 1857 1164 1857 1166 1857 1168 1857 1186 1852 1226 1838 1294 1838 1313 1854 1317 1857 1319 1857 1320 1857 1322 1857 1340 1854 1372 1848 1453 1856 1455 1829 1455 1763 1415 1763 1413 1763 1411 1763 1409 1763 1409 1765 1384 1790 1357 1790 1336 1773 1334 1773 1332 1773 1330 1773 1249 1781 1234 1767 1232 1765 1232 1763 1230 1763 1228 1763 1226 1763 1118 1769 1089 1771 1087 1771 1049 1788 1005 1771 989 1765 987 1765 985 1765 983 1765 982 1765 974 1771 953 1786 903 1788 802 1779 801 1779 706 1788 683 1777 660 1765 658 1765 656 1765 654 1765 652 1765 637 1777 621 1790 583 1790 568 1779 552 1765 550 1765 548 1765 489 1765 487 1765 485 1765 483 1765 469 1777 450 1767 448 1767 446 1767 444 1767 442 1767 429 1775 429 1829"/></Shape>
	    <String CONTENT="مرگ چه سود و چگونه ببدار شود در عدم اما محقان خلق را"
                    HPOS="429"
                    VPOS="1763"
                    WIDTH="1026"
                    HEIGHT="96"
                    WC="0.9271231500002054"></String>
          </TextLine>

          
          
          <TextLine ID="eSc_line_f6933011"
                    TAGREFS="LT4834"
                    BASELINE="431 1929 1043 1923 1451 1932" 
                    HPOS="429"
                    VPOS="1857"
                    WIDTH="1022"
                    HEIGHT="100">
            <Shape><Polygon POINTS="431 1929 429 1936 456 1956 458 1956 460 1956 462 1957 512 1957 512 1956 514 1956 546 1940 577 1956 579 1956 581 1956 583 1956 585 1956 608 1934 635 1950 637 1950 639 1950 768 1936 787 1952 787 1954 789 1954 791 1954 793 1954 795 1954 829 1938 885 1944 887 1944 889 1944 891 1944 899 1936 903 1934 972 1934 980 1938 993 1948 995 1948 997 1948 999 1948 1001 1948 1020 1938 1030 1934 1080 1934 1091 1938 1120 1956 1122 1956 1124 1956 1126 1956 1159 1940 1166 1936 1172 1940 1195 1956 1197 1956 1199 1956 1201 1957 1245 1957 1245 1956 1247 1956 1249 1956 1272 1940 1276 1938 1292 1942 1359 1956 1361 1956 1449 1942 1451 1932 1451 1884 1386 1865 1384 1865 1382 1865 1380 1865 1378 1865 1359 1882 1357 1882 1351 1882 1243 1865 1242 1865 1240 1865 1238 1865 1226 1877 1209 1867 1207 1867 1205 1867 1164 1873 1128 1857 1126 1857 1124 1857 1122 1857 1120 1857 1099 1873 1053 1857 1051 1857 1049 1857 1047 1857 1045 1857 1014 1877 1009 1881 1001 1877 974 1857 972 1857 970 1857 968 1857 966 1857 916 1873 901 1859 901 1857 899 1857 897 1857 895 1857 893 1857 891 1857 872 1873 870 1877 862 1873 824 1859 822 1859 820 1859 818 1859 816 1859 801 1873 785 1884 621 1884 595 1869 573 1857 571 1857 569 1857 431 1865 431 1929"/></Shape>
	    <String CONTENT="دانچه در عالم جسمانى عذاب سخت نمايد در آخرت کم خو"
                    HPOS="429"
                    VPOS="1857"
                    WIDTH="1022"
                    HEIGHT="100"
                    WC="0.9261116325855255"></String>
          </TextLine>

          
          
          <TextLine ID="eSc_line_4a609c6f"
                    TAGREFS="LT4834"
                    BASELINE="439 2025 1453 2025" 
                    HPOS="439"
                    VPOS="1946"
                    WIDTH="1014"
                    HEIGHT="111">
            <Shape><Polygon POINTS="439 2025 439 2040 500 2056 502 2057 552 2057 552 2056 554 2056 556 2056 571 2042 573 2042 575 2042 591 2056 593 2056 595 2056 596 2057 743 2057 743 2056 789 2046 828 2038 849 2048 868 2056 870 2056 872 2056 874 2056 899 2048 928 2038 943 2048 953 2056 955 2056 957 2056 958 2056 960 2056 978 2050 1007 2038 1164 2038 1186 2052 1190 2056 1191 2056 1193 2056 1195 2056 1197 2056 1199 2056 1199 2054 1201 2052 1213 2040 1372 2038 1451 2056 1453 2025 1453 1977 1359 1977 1332 1952 1330 1952 1328 1952 1284 1946 1282 1946 1190 1965 1170 1948 1170 1946 1168 1946 1166 1946 1164 1946 1105 1956 1095 1948 1095 1946 1093 1946 1091 1946 955 1946 953 1946 951 1946 949 1946 912 1977 908 1981 795 1981 791 1977 774 1961 772 1961 770 1961 768 1961 697 1977 683 1979 673 1977 587 1946 585 1946 583 1946 581 1946 579 1946 579 1948 550 1977 546 1979 537 1977 500 1967 498 1967 496 1967 494 1967 492 1967 492 1969 485 1977 483 1977 471 1967 469 1967 467 1967 465 1967 464 1967 439 1975 439 2025"/></Shape>
	    <String CONTENT="بود مشلاکفته اند که شما گناه کشيد خدای تعالی شما را"
                    HPOS="439"
                    VPOS="1946"
                    WIDTH="1014"
                    HEIGHT="111"
                    WC="0.8732769816529518"></String>
          </TextLine>

          
        </TextBlock>
        
        <TextBlock HPOS="816"
                   VPOS="184"
                   WIDTH="167"
                   HEIGHT="106"
                   ID="eSc_textblock_b2e70c6f"
                   TAGREFS="BT16059">
          <Shape><Polygon POINTS="847 184 960 192 983 251 922 290 839 282 816 223 847 184"/></Shape>
          
          
          <TextLine ID="eSc_line_f4090bcd"
                    TAGREFS="LT4834"
                    BASELINE="856 242 943 236" 
                    HPOS="853"
                    VPOS="200"
                    WIDTH="90"
                    HEIGHT="80">
            <Shape><Polygon POINTS="856 242 856 269 881 280 883 280 885 280 887 280 943 261 943 236 937 200 853 207 856 242"/></Shape>
	    <String CONTENT=""
                    HPOS="853"
                    VPOS="200"
                    WIDTH="90"
                    HEIGHT="80"></String>
          </TextLine>

          
        </TextBlock>
        
        <TextBlock HPOS="269"
                   VPOS="823"
                   WIDTH="98"
                   HEIGHT="121"
                   ID="eSc_textblock_3a05ccfc"
                   TAGREFS="BT16062">
          <Shape><Polygon POINTS="308 823 367 853 360 944 269 882 308 823"/></Shape>
          
          
          <TextLine ID="eSc_line_a683f4d8"
                    TAGREFS="LT4834"
                    BASELINE="292 900 348 894" 
                    HPOS="292"
                    VPOS="844"
                    WIDTH="62"
                    HEIGHT="127">
            <Shape><Polygon POINTS="292 884 292 900 298 971 354 963 348 894 340 844 298 853 292 884"/></Shape>
	    <String CONTENT=""
                    HPOS="292"
                    VPOS="844"
                    WIDTH="62"
                    HEIGHT="127"></String>
          </TextLine>

          
        </TextBlock>
        
        <TextBlock HPOS="901"
                   VPOS="2077"
                   WIDTH="67"
                   HEIGHT="44"
                   ID="eSc_textblock_8d7a7528"
                   TAGREFS="BT16061">
          <Shape><Polygon POINTS="908 2077 953 2077 968 2121 901 2121 908 2077"/></Shape>
          
          
          <TextLine ID="eSc_line_b8e69370"
                    TAGREFS="LT4834"
                    BASELINE="918 2109 958 2106" 
                    HPOS="914"
                    VPOS="2077"
                    WIDTH="44"
                    HEIGHT="48">
            <Shape><Polygon POINTS="955 2092 933 2077 920 2077 914 2079 918 2109 918 2125 958 2121 958 2106 957 2100 955 2092"/></Shape>
	    <String CONTENT=""
                    HPOS="914"
                    VPOS="2077"
                    WIDTH="44"
                    HEIGHT="48"></String>
          </TextLine>

          
        </TextBlock>
        

        
      </PrintSpace>
    </Page>
  </Layout>
</alto>
