<?xml version="1.0" encoding="UTF-8"?>
<alto xmlns:xsi="http://www.w3.org/2001/XMLSchema-instance"
      xmlns="http://www.loc.gov/standards/alto/ns-v4#"
      xsi:schemaLocation="http://www.loc.gov/standards/alto/ns-v4# http://www.loc.gov/standards/alto/v4/alto-4-2.xsd">
  <Description>
    <MeasurementUnit>pixel</MeasurementUnit>
    <sourceImageInformation>
      <fileName>TwoIsmailiTreatises020.jpg</fileName>
      
    </sourceImageInformation>
  </Description>
  
  <Tags>
    <OtherTag ID="BT16074" LABEL="MarginTextZone:commentary" DESCRIPTION="block type MarginTextZone:commentary"/><OtherTag ID="BT16073" LABEL="MarginTextZone:note#1" DESCRIPTION="block type MarginTextZone:note#1"/><OtherTag ID="BT16072" LABEL="MainZone:column#2" DESCRIPTION="block type MainZone:column#2"/><OtherTag ID="BT16071" LABEL="MainZone:column#3" DESCRIPTION="block type MainZone:column#3"/><OtherTag ID="BT16070" LABEL="GraphicZone:illustration" DESCRIPTION="block type GraphicZone:illustration"/><OtherTag ID="BT16069" LABEL="MainZone:column#1" DESCRIPTION="block type MainZone:column#1"/><OtherTag ID="BT16068" LABEL="MarginTextZone:note#2" DESCRIPTION="block type MarginTextZone:note#2"/><OtherTag ID="BT16067" LABEL="CustomZone:publication" DESCRIPTION="block type CustomZone:publication"/><OtherTag ID="BT16066" LABEL="RunningTitleZone" DESCRIPTION="block type RunningTitleZone"/><OtherTag ID="BT16065" LABEL="NumberingZone" DESCRIPTION="block type NumberingZone"/><OtherTag ID="BT16064" LABEL="default" DESCRIPTION="block type default"/><OtherTag ID="BT16063" LABEL="TitlePageZone" DESCRIPTION="block type TitlePageZone"/><OtherTag ID="BT16062" LABEL="NumberingZone:other" DESCRIPTION="block type NumberingZone:other"/><OtherTag ID="BT16061" LABEL="QuireMarksZone:catchwords" DESCRIPTION="block type QuireMarksZone:catchwords"/><OtherTag ID="BT16060" LABEL="MainZone" DESCRIPTION="block type MainZone"/><OtherTag ID="BT16059" LABEL="NumberingZone:page" DESCRIPTION="block type NumberingZone:page"/><OtherTag ID="BT16058" LABEL="MarginTextZone:note" DESCRIPTION="block type MarginTextZone:note"/><OtherTag ID="BT16057" LABEL="DigitizationArtefactZone" DESCRIPTION="block type DigitizationArtefactZone"/><OtherTag ID="BT4" LABEL="Illustration" DESCRIPTION="block type Illustration"/><OtherTag ID="BT3" LABEL="Commentary" DESCRIPTION="block type Commentary"/><OtherTag ID="BT2" LABEL="Main" DESCRIPTION="block type Main"/><OtherTag ID="BT1" LABEL="Title" DESCRIPTION="block type Title"/>
    <OtherTag ID="LT4834" LABEL="DefaultLine" DESCRIPTION="line type DefaultLine"/><OtherTag ID="LT4835" LABEL="HeadingLine:title" DESCRIPTION="line type HeadingLine:title"/>
  </Tags>
  
  <Layout>
    <Page WIDTH="1446"
          HEIGHT="2183"
          PHYSICAL_IMG_NR="16"
          ID="eSc_dummypage_">
      <PrintSpace HPOS="0"
                  VPOS="0"
                  WIDTH="1446"
                  HEIGHT="2183">
        
        <TextBlock HPOS="349"
                   VPOS="247"
                   WIDTH="1053"
                   HEIGHT="1686"
                   ID="eSc_textblock_4cf75eb9"
                   TAGREFS="BT16060">
          <Shape><Polygon POINTS="422 247 972 247 1387 283 1380 1126 1402 1149 1402 1373 1380 1715 1402 1773 1373 1919 371 1933 349 1911 356 523 378 291 422 247"/></Shape>
          
          
          <TextLine ID="eSc_line_aaae2110"
                    TAGREFS="LT4834"
                    BASELINE="382 318 1211 334" 
                    HPOS="380"
                    VPOS="267"
                    WIDTH="831"
                    HEIGHT="98">
            <Shape><Polygon POINTS="382 285 382 318 380 338 402 351 404 351 406 351 407 351 471 338 493 338 604 340 604 342 617 351 619 351 621 351 622 351 624 351 642 343 701 356 702 356 704 356 743 345 748 343 750 345 764 358 766 358 768 358 896 360 897 360 899 360 901 360 914 351 917 349 919 351 932 360 932 362 934 362 936 362 937 362 996 352 1021 349 1054 354 1118 365 1120 365 1121 365 1138 356 1145 352 1152 358 1163 365 1165 365 1167 365 1169 365 1209 358 1211 334 1211 296 1178 281 1176 281 1174 281 1038 294 1028 294 1025 294 970 276 968 276 967 276 965 276 963 276 945 291 912 281 910 281 908 281 906 281 883 291 823 272 821 272 819 272 817 272 766 289 763 289 759 289 704 274 702 274 701 274 699 274 661 287 657 287 651 287 566 267 564 267 509 269 508 269 506 269 488 283 462 269 460 269 458 269 457 269 431 281 384 281 382 285"/></Shape>
	    <String CONTENT="و بالای همه امامان مولانا علی است و ادست که اد راميد"
                    HPOS="380"
                    VPOS="267"
                    WIDTH="831"
                    HEIGHT="98"
                    WC="0.86370117102678"></String>
          </TextLine>

          
          
          <TextLine ID="eSc_line_aeadd63b"
                    TAGREFS="LT4834"
                    BASELINE="384 423 1358 429" 
                    HPOS="382"
                    VPOS="371"
                    WIDTH="976"
                    HEIGHT="87">
            <Shape><Polygon POINTS="384 423 382 445 387 451 389 451 389 452 391 452 393 452 395 452 397 452 433 438 451 452 453 452 455 452 457 454 504 454 504 452 506 452 508 452 524 438 528 436 549 440 595 445 597 445 628 440 651 436 657 442 668 451 668 452 670 452 672 452 673 452 719 442 737 438 770 438 775 442 783 449 783 451 784 451 786 451 788 451 896 445 905 452 905 454 906 454 908 454 910 456 979 456 979 454 981 454 983 454 996 445 1001 443 1014 447 1036 451 1038 451 1039 451 1041 451 1047 447 1056 440 1076 447 1101 456 1103 456 1105 458 1134 458 1134 456 1136 456 1138 456 1138 454 1145 449 1152 442 1171 449 1187 454 1189 454 1191 454 1192 454 1194 454 1194 452 1200 449 1211 440 1242 440 1252 451 1256 452 1256 454 1258 454 1260 454 1262 454 1282 451 1311 443 1322 451 1327 456 1329 456 1331 456 1333 456 1356 451 1358 429 1354 385 1311 392 1294 385 1289 383 1287 383 1285 383 1283 383 1282 383 1280 385 1271 392 1263 385 1251 376 1249 376 1247 376 1245 376 1243 376 1225 385 1196 402 1105 402 1089 387 1087 387 1085 387 1083 387 1081 387 1078 387 1032 400 977 400 963 389 947 376 945 376 943 376 941 376 939 376 937 376 921 389 910 400 852 400 837 391 828 383 826 383 824 383 823 383 821 383 819 383 812 391 801 400 755 400 733 392 670 371 668 371 564 371 562 371 560 371 559 371 539 387 522 372 520 372 519 372 453 371 451 371 449 371 384 394 384 423"/></Shape>
	    <String CONTENT="و معاد نيست و هايت و به دايت ندارد اما با ضافه سلق گاهى"
                    HPOS="382"
                    VPOS="371"
                    WIDTH="976"
                    HEIGHT="87"
                    WC="0.915088199485432"></String>
          </TextLine>

          
          
          <TextLine ID="eSc_line_822b4f61"
                    TAGREFS="LT4834"
                    BASELINE="380 525 1344 522" 
                    HPOS="378"
                    VPOS="460"
                    WIDTH="966"
                    HEIGHT="102">
            <Shape><Polygon POINTS="380 525 382 558 438 543 477 556 486 560 488 560 489 560 491 560 504 556 548 543 588 554 610 560 611 560 613 562 668 562 668 560 670 560 672 560 672 558 679 553 681 549 690 553 710 560 712 560 713 562 823 562 823 560 824 560 859 549 861 549 890 558 892 558 894 558 896 558 897 558 912 547 926 540 972 540 979 547 990 556 990 558 992 558 994 558 996 558 1112 543 1145 540 1149 543 1163 556 1163 558 1165 558 1167 558 1169 558 1171 558 1205 542 1225 542 1263 540 1265 540 1278 551 1280 551 1282 551 1283 551 1285 551 1287 551 1287 549 1298 540 1342 540 1344 522 1334 471 1314 487 1282 474 1280 474 1278 474 1276 474 1274 474 1245 492 1171 492 1116 472 1079 460 1078 460 1076 460 1074 460 1050 472 1027 485 996 474 994 474 992 474 919 491 888 474 863 460 861 460 859 460 857 460 855 460 832 474 799 494 710 494 670 474 664 472 662 472 661 472 659 472 650 474 622 483 602 474 570 462 568 462 566 462 564 462 537 474 517 462 515 462 513 462 511 462 509 462 486 471 478 463 478 462 477 462 475 462 387 462 386 462 384 462 382 462 382 463 380 463 378 463 380 525"/></Shape>
	    <String CONTENT="سر منمايند و کاهی بسيره و کای پيرو وفتی جوان و وفتی در شکم"
                    HPOS="378"
                    VPOS="460"
                    WIDTH="966"
                    HEIGHT="102"
                    WC="0.8699287412495449"></String>
          </TextLine>

          
          
          <TextLine ID="eSc_line_7c0fcd71"
                    TAGREFS="LT4834"
                    BASELINE="369 623 1353 629" 
                    HPOS="367"
                    VPOS="562"
                    WIDTH="986"
                    HEIGHT="96">
            <Shape><Polygon POINTS="369 623 367 642 417 654 418 654 420 654 422 654 422 653 435 642 438 640 462 640 468 642 493 654 495 654 497 654 498 654 540 642 546 642 549 642 593 654 595 654 597 654 599 654 600 654 617 642 619 642 648 654 650 654 651 654 653 654 688 642 697 640 706 642 753 656 755 656 757 658 819 658 819 656 821 656 846 642 848 642 865 642 1025 656 1027 656 1028 656 1070 643 1081 653 1081 654 1083 654 1085 654 1087 654 1089 654 1103 647 1141 658 1143 658 1145 658 1351 642 1353 629 1353 593 1316 593 1314 591 1265 563 1263 563 1161 563 1160 563 1158 563 1156 563 1156 565 1129 591 1127 593 1072 593 1070 591 1058 578 1058 576 1056 576 1054 576 1052 576 1050 576 1048 576 1030 591 1028 591 997 591 996 589 945 562 943 562 941 562 939 562 901 571 863 562 861 562 859 562 857 562 855 562 835 576 784 562 783 562 781 562 779 562 777 562 777 563 752 587 739 578 737 578 735 578 733 578 732 578 710 589 708 589 706 589 662 562 661 562 659 562 657 562 655 562 653 562 641 569 635 565 635 563 633 563 631 563 630 563 628 563 626 563 599 587 482 562 480 562 478 562 477 562 442 587 440 587 369 587 369 623"/></Shape>
	    <String CONTENT="با در و وقتی کودک و دفتی پادشاه و گای گداد وفتی غنی دوقتی ققير"
                    HPOS="367"
                    VPOS="562"
                    WIDTH="986"
                    HEIGHT="96"
                    WC="0.8623280799196612"></String>
          </TextLine>

          
          
          <TextLine ID="eSc_line_6460d79f"
                    TAGREFS="LT4834"
                    BASELINE="369 727 1063 725 1356 733" 
                    HPOS="367"
                    VPOS="665"
                    WIDTH="989"
                    HEIGHT="91">
            <Shape><Polygon POINTS="369 727 367 747 378 754 380 754 382 754 384 756 435 756 435 754 437 754 438 754 438 753 449 744 526 754 528 754 529 754 531 754 548 744 580 754 582 754 584 754 586 754 626 744 657 744 739 744 750 753 750 754 752 754 753 754 755 756 881 756 881 754 883 754 885 754 885 753 894 744 896 744 903 744 992 754 994 754 1078 745 1094 744 1103 745 1132 753 1134 753 1136 753 1138 753 1158 745 1161 744 1163 745 1172 753 1172 754 1174 754 1176 754 1178 754 1220 745 1231 744 1234 745 1245 754 1247 754 1249 754 1251 754 1354 745 1356 733 1351 665 1283 689 1223 676 1221 676 1220 676 1218 676 1218 678 1205 691 1074 691 1047 673 1038 667 1036 667 1034 667 1032 667 1030 667 1028 667 1019 674 1001 687 977 687 957 676 937 665 936 665 934 665 932 665 930 665 914 676 896 689 823 689 804 680 777 667 775 667 773 667 706 684 679 689 666 684 631 667 630 667 628 667 582 674 549 665 548 665 546 665 544 665 542 665 508 689 480 665 478 665 477 665 391 665 389 665 387 665 386 665 386 667 369 684 369 727"/></Shape>
	    <String CONTENT="و گای مالدار و وقتی درويش و وقتی مقهور و وقتی غفور دوفتی"
                    HPOS="367"
                    VPOS="665"
                    WIDTH="989"
                    HEIGHT="91"
                    WC="0.9235595310372966"></String>
          </TextLine>

          
          
          <TextLine ID="eSc_line_04554118"
                    TAGREFS="LT4834"
                    BASELINE="376 818 872 818 1349 829" 
                    HPOS="375"
                    VPOS="760"
                    WIDTH="974"
                    HEIGHT="98">
            <Shape><Polygon POINTS="376 818 375 851 418 851 418 849 420 849 422 849 422 847 446 827 508 827 528 840 529 840 531 840 533 840 535 840 571 829 588 844 588 845 590 845 591 845 593 845 595 845 633 829 677 849 686 853 688 853 690 853 692 853 693 853 697 849 719 831 773 831 797 849 801 853 803 853 804 853 806 855 846 855 846 853 848 853 859 847 892 833 937 833 961 847 967 853 968 853 970 853 972 853 974 853 985 847 1005 836 1014 847 1021 855 1021 856 1023 856 1025 856 1027 858 1143 858 1143 856 1145 856 1161 847 1180 836 1196 847 1207 855 1209 855 1211 855 1212 855 1214 855 1232 847 1240 844 1243 847 1254 856 1256 856 1258 856 1260 856 1347 845 1349 829 1345 785 1280 787 1271 784 1227 767 1225 767 1223 767 1221 767 1220 767 1220 769 1203 784 1198 787 1141 787 1136 784 1107 765 1105 765 1103 765 1041 765 1039 765 1038 765 1036 765 1036 767 1021 778 1014 773 1012 773 1010 773 1008 773 1007 773 990 782 956 764 954 764 952 764 950 764 914 782 910 785 857 785 852 782 815 762 814 762 761 762 759 762 757 762 755 762 741 774 728 764 728 762 726 762 724 762 723 762 677 771 648 760 646 760 644 760 642 760 621 771 602 764 600 764 599 764 597 764 595 764 579 776 557 760 555 760 553 760 551 760 471 780 376 780 376 818"/></Shape>
	    <String CONTENT="اين همه به چشم خلق چسن سنمايد تا خلق را وجودی نماند و"
                    HPOS="375"
                    VPOS="760"
                    WIDTH="974"
                    HEIGHT="98"
                    WC="0.9304921334644534"></String>
          </TextLine>

          
          
          <TextLine ID="eSc_line_3d796c21"
                    TAGREFS="LT4834"
                    BASELINE="371 913 1349 924" 
                    HPOS="369"
                    VPOS="860"
                    WIDTH="980"
                    HEIGHT="96">
            <Shape><Polygon POINTS="371 913 369 924 427 940 429 940 431 940 433 940 446 933 458 944 458 945 460 945 462 945 560 947 562 947 564 947 566 947 566 945 586 929 631 929 668 947 670 947 735 949 737 949 739 949 741 949 764 933 783 949 784 949 786 949 859 951 861 951 863 951 930 933 1005 933 1028 953 1030 953 1032 953 1034 953 1036 953 1038 953 1061 936 1138 945 1140 945 1141 945 1172 935 1189 951 1189 953 1191 953 1192 953 1194 953 1196 953 1234 938 1254 955 1256 955 1258 955 1260 956 1302 956 1302 955 1303 955 1347 935 1349 924 1349 884 1320 875 1318 875 1316 875 1314 875 1313 875 1313 876 1303 884 1050 884 1043 880 1014 867 1012 867 1010 867 965 878 956 880 952 878 939 867 939 865 937 865 936 865 883 865 881 865 879 865 877 865 863 876 859 878 846 875 801 864 799 864 797 864 741 873 710 878 668 878 662 873 653 864 653 862 651 862 650 862 648 862 646 862 626 871 615 876 610 871 599 862 597 862 595 862 593 862 531 869 502 873 480 869 442 860 440 860 371 865 371 913"/></Shape>
	    <String CONTENT="امام زمان امروزد فردا نمايد و پيش از اين بهر ارسال چين مردی"
                    HPOS="369"
                    VPOS="860"
                    WIDTH="980"
                    HEIGHT="96"
                    WC="0.8554315122507387"></String>
          </TextLine>

          
          
          <TextLine ID="eSc_line_52473ff6"
                    TAGREFS="LT4834"
                    BASELINE="380 1015 1347 1020" 
                    HPOS="378"
                    VPOS="953"
                    WIDTH="969"
                    HEIGHT="100">
            <Shape><Polygon POINTS="380 1015 378 1046 415 1047 417 1047 418 1047 420 1047 420 1046 422 1046 440 1026 471 1042 473 1042 475 1042 477 1042 478 1042 493 1031 509 1044 511 1047 513 1047 515 1047 517 1047 559 1046 560 1046 566 1044 604 1026 639 1042 646 1046 648 1046 650 1046 670 1042 739 1027 750 1036 750 1038 752 1038 753 1038 755 1038 983 1027 996 1036 1008 1047 1010 1047 1012 1047 1014 1047 1016 1047 1043 1038 1061 1051 1063 1051 1065 1051 1067 1053 1150 1053 1150 1051 1152 1051 1154 1051 1154 1049 1167 1038 1218 1046 1220 1046 1221 1046 1223 1046 1223 1044 1234 1033 1240 1029 1344 1031 1347 1020 1344 978 1303 982 1298 978 1274 958 1274 956 1272 956 1271 956 1249 956 1247 956 1245 956 1187 978 1183 978 1178 978 1154 973 1152 973 1150 973 1138 978 1127 982 1121 978 1112 969 1110 969 1109 969 1107 969 1052 978 1027 982 1014 978 952 955 950 955 948 955 947 955 945 955 908 978 905 980 901 978 870 965 868 965 866 965 865 965 863 965 843 978 837 982 759 982 752 978 715 965 713 965 712 965 710 965 673 978 661 967 661 965 659 965 657 965 655 965 653 965 635 971 595 958 593 958 591 958 590 958 549 969 528 953 526 953 524 953 413 953 411 953 409 953 407 953 380 973 380 1015"/></Shape>
	    <String CONTENT="بوده اکنون هم بايد او باشد و هست و خواهد بود و اين همه حکم"
                    HPOS="378"
                    VPOS="953"
                    WIDTH="969"
                    HEIGHT="100"
                    WC="0.9069932144263695"></String>
          </TextLine>

          
          
          <TextLine ID="eSc_line_f36d64f1"
                    TAGREFS="LT4834"
                    BASELINE="375 1100 1344 1115" 
                    HPOS="373"
                    VPOS="1042"
                    WIDTH="971"
                    HEIGHT="104">
            <Shape><Polygon POINTS="375 1100 373 1113 415 1129 417 1129 418 1129 491 1115 529 1135 531 1135 533 1135 535 1135 575 1116 664 1131 666 1131 668 1131 670 1131 690 1118 735 1118 784 1138 786 1138 788 1138 830 1131 863 1140 865 1140 866 1142 961 1142 961 1140 963 1140 965 1140 965 1138 979 1124 1021 1140 1023 1140 1025 1140 1027 1140 1083 1124 1114 1144 1116 1144 1118 1144 1120 1146 1149 1146 1149 1144 1150 1144 1152 1144 1152 1142 1171 1126 1211 1126 1227 1142 1227 1144 1229 1144 1231 1144 1232 1144 1234 1144 1236 1144 1249 1135 1298 1142 1300 1142 1302 1142 1342 1126 1344 1115 1342 1080 1291 1069 1276 1055 1276 1053 1274 1053 1272 1053 1271 1053 1269 1053 1216 1073 1189 1066 1187 1066 1185 1066 1112 1076 1101 1076 1087 1075 1076 1075 1052 1051 1052 1049 1050 1049 1048 1049 979 1047 936 1047 934 1047 932 1047 868 1073 866 1073 863 1073 841 1062 839 1062 837 1062 835 1062 806 1071 779 1047 779 1046 777 1046 775 1046 773 1046 772 1046 770 1046 728 1069 728 1071 631 1071 630 1069 606 1044 606 1042 604 1042 602 1042 559 1042 557 1042 555 1042 553 1042 522 1066 497 1051 495 1051 493 1051 491 1051 462 1066 375 1066 375 1100"/></Shape>
	    <String CONTENT="زمان چسن نمايد و بحکم مکان دفتی در مشرق و وقتی در مغرب"
                    HPOS="373"
                    VPOS="1042"
                    WIDTH="971"
                    HEIGHT="104"
                    WC="0.8941721463644946"></String>
          </TextLine>

          
          
          <TextLine ID="eSc_line_e0d87779"
                    TAGREFS="LT4834"
                    BASELINE="367 1202 1351 1215" 
                    HPOS="366"
                    VPOS="1142"
                    WIDTH="985"
                    HEIGHT="100">
            <Shape><Polygon POINTS="367 1202 366 1218 464 1218 477 1229 477 1231 478 1231 480 1231 482 1231 484 1231 508 1220 573 1231 575 1231 622 1224 653 1235 655 1235 657 1235 659 1235 681 1227 899 1237 901 1237 903 1237 928 1224 932 1224 1025 1238 1027 1238 1099 1229 1110 1238 1110 1240 1112 1240 1114 1240 1116 1240 1205 1227 1247 1242 1249 1242 1251 1242 1349 1227 1351 1215 1344 1169 1333 1177 1320 1169 1287 1153 1285 1153 1283 1153 1282 1153 1280 1153 1260 1169 1252 1175 1234 1169 1218 1164 1216 1164 1214 1164 1212 1164 1211 1164 1203 1169 1191 1177 1105 1177 1096 1167 1076 1151 1076 1149 1074 1149 1072 1149 1023 1149 1021 1149 1019 1149 983 1167 972 1173 943 1173 939 1167 921 1149 921 1147 919 1147 917 1147 881 1147 879 1147 877 1147 835 1167 824 1171 784 1171 781 1167 772 1158 772 1156 770 1156 768 1156 766 1156 764 1156 739 1166 730 1171 653 1171 646 1166 606 1144 604 1144 506 1142 480 1142 478 1142 477 1142 475 1142 440 1166 437 1166 367 1166 367 1202"/></Shape>
	    <String CONTENT="و وقتی در جنوب و وقتی در شمالگای درين شهرو وفتی در آن شهر"
                    HPOS="366"
                    VPOS="1142"
                    WIDTH="985"
                    HEIGHT="100"
                    WC="0.8642507873732468"></String>
          </TextLine>

          
          
          <TextLine ID="eSc_line_ee4adfa9"
                    TAGREFS="LT4834"
                    BASELINE="378 1300 1349 1315" 
                    HPOS="376"
                    VPOS="1235"
                    WIDTH="973"
                    HEIGHT="107">
            <Shape><Polygon POINTS="378 1300 376 1315 395 1313 400 1318 411 1327 411 1329 413 1329 415 1329 417 1331 442 1331 442 1329 444 1329 446 1329 462 1318 473 1313 500 1320 522 1326 524 1326 526 1326 528 1326 529 1326 535 1320 540 1318 544 1320 553 1329 553 1331 555 1331 557 1331 559 1331 626 1322 666 1318 695 1324 741 1335 743 1337 832 1337 832 1335 834 1335 846 1327 861 1320 961 1329 963 1329 1030 1322 1058 1333 1063 1335 1065 1335 1067 1335 1069 1335 1072 1333 1092 1322 1198 1337 1209 1337 1211 1337 1212 1337 1214 1337 1240 1327 1251 1337 1256 1342 1258 1342 1260 1342 1262 1342 1347 1338 1349 1315 1349 1273 1267 1262 1265 1262 1263 1262 1234 1271 1232 1271 1231 1271 1209 1247 1209 1246 1207 1246 1205 1246 1203 1246 1201 1246 1123 1269 1118 1269 1107 1269 1043 1260 1041 1260 1039 1260 1014 1267 1012 1267 976 1242 974 1242 972 1242 908 1242 906 1242 905 1242 903 1242 903 1244 881 1262 850 1242 848 1242 846 1242 845 1242 750 1264 744 1264 743 1264 708 1244 706 1244 621 1237 619 1237 617 1237 615 1237 582 1260 577 1260 526 1258 497 1235 495 1235 493 1235 491 1235 378 1257 378 1300"/></Shape>
	    <String CONTENT="اين همه يک مرد است كه خلق مىبيند اكنون مولانا على در"
                    HPOS="376"
                    VPOS="1235"
                    WIDTH="973"
                    HEIGHT="107"
                    WC="0.9048367784573481"></String>
          </TextLine>

          
          
          <TextLine ID="eSc_line_689557b7"
                    TAGREFS="LT4834"
                    BASELINE="378 1397 1342 1404" 
                    HPOS="376"
                    VPOS="1335"
                    WIDTH="966"
                    HEIGHT="103">
            <Shape><Polygon POINTS="378 1397 376 1420 398 1433 400 1433 402 1433 404 1433 406 1433 406 1431 420 1418 424 1413 437 1418 449 1424 451 1424 453 1424 515 1418 535 1417 539 1418 559 1433 560 1433 562 1433 630 1435 631 1435 633 1435 635 1435 653 1418 655 1417 657 1418 673 1433 673 1435 675 1435 677 1435 679 1437 712 1437 712 1435 713 1435 746 1418 752 1415 757 1418 783 1435 784 1435 786 1435 788 1437 846 1437 846 1435 848 1435 850 1435 850 1433 868 1418 868 1417 901 1417 905 1418 943 1437 945 1437 947 1437 948 1437 990 1418 994 1417 1007 1418 1141 1438 1143 1438 1251 1418 1276 1438 1278 1438 1280 1438 1282 1438 1283 1438 1285 1438 1285 1437 1307 1418 1340 1418 1342 1404 1338 1340 1296 1344 1294 1344 1293 1344 1272 1360 1227 1355 1225 1355 1223 1355 1221 1355 1221 1357 1209 1369 1140 1369 1109 1344 1103 1338 1101 1338 1099 1338 1072 1338 1070 1338 1069 1338 1067 1338 1059 1344 1028 1366 985 1357 983 1357 981 1357 961 1366 947 1351 947 1349 945 1349 943 1349 941 1349 939 1349 906 1366 786 1366 764 1351 744 1337 743 1337 741 1337 739 1337 737 1337 701 1346 637 1337 635 1337 633 1337 631 1337 606 1353 591 1362 562 1360 555 1355 528 1335 526 1335 524 1335 522 1335 378 1357 378 1397"/></Shape>
	    <String CONTENT="خطبه میفرمايد که در مصر منبرهم و دمشق را بگيرم و خورد گردانم"
                    HPOS="376"
                    VPOS="1335"
                    WIDTH="966"
                    HEIGHT="103"
                    WC="0.907581286629041"></String>
          </TextLine>

          
          
          <TextLine ID="eSc_line_1b88852b"
                    TAGREFS="LT4834"
                    BASELINE="375 1497 1338 1513" 
                    HPOS="373"
                    VPOS="1428"
                    WIDTH="965"
                    HEIGHT="109">
            <Shape><Polygon POINTS="375 1497 373 1509 389 1522 391 1522 393 1522 395 1522 438 1515 478 1524 480 1524 482 1524 544 1511 559 1524 560 1524 562 1524 604 1526 606 1526 668 1513 741 1526 743 1526 799 1517 841 1529 843 1529 845 1531 892 1531 892 1529 894 1529 896 1529 896 1528 908 1517 930 1528 932 1528 934 1528 1028 1520 1045 1531 1047 1531 1048 1531 1050 1531 1052 1531 1081 1520 1185 1533 1187 1533 1189 1533 1211 1524 1262 1537 1263 1537 1265 1537 1336 1524 1338 1513 1338 1455 1314 1442 1313 1442 1311 1442 1272 1442 1271 1442 1269 1442 1267 1442 1245 1457 1231 1466 1220 1455 1203 1442 1203 1440 1201 1440 1200 1440 1176 1440 1174 1440 1172 1440 1171 1440 1171 1442 1158 1453 1154 1455 1127 1453 1092 1449 1090 1449 1089 1449 1087 1449 1085 1451 1076 1458 1067 1451 1056 1440 1056 1438 1054 1438 1052 1438 1014 1437 1012 1437 1010 1437 1008 1437 994 1449 983 1458 965 1449 963 1449 961 1449 959 1449 957 1449 945 1460 919 1446 917 1446 916 1446 914 1446 912 1446 910 1446 892 1458 839 1449 837 1449 739 1457 712 1440 697 1431 695 1431 693 1431 692 1431 690 1431 673 1438 639 1455 582 1437 577 1435 575 1435 573 1435 571 1435 566 1437 502 1453 464 1453 442 1433 438 1429 438 1428 437 1428 435 1428 433 1428 375 1429 375 1497"/></Shape>
	    <String CONTENT="يعنى كردن كشان را كردن بزنم بعد از آن بغزاى ديار ديلمان"
                    HPOS="373"
                    VPOS="1428"
                    WIDTH="965"
                    HEIGHT="109"
                    WC="0.9288795409458024"></String>
          </TextLine>

          
          
          <TextLine ID="eSc_line_8ad9201e"
                    TAGREFS="LT4834"
                    BASELINE="373 1582 1334 1600" 
                    HPOS="371"
                    VPOS="1522"
                    WIDTH="963"
                    HEIGHT="111">
            <Shape><Polygon POINTS="373 1582 371 1593 413 1611 415 1611 417 1611 418 1611 420 1611 448 1595 513 1595 562 1620 564 1620 566 1620 673 1600 704 1622 706 1622 708 1622 710 1622 712 1622 757 1600 808 1624 810 1624 865 1626 866 1626 868 1626 941 1604 963 1622 965 1622 967 1622 968 1622 970 1622 1021 1606 1056 1622 1058 1622 1059 1622 1061 1622 1083 1613 1114 1620 1116 1620 1118 1620 1120 1620 1121 1620 1141 1608 1211 1631 1212 1631 1267 1633 1269 1633 1271 1633 1272 1633 1272 1631 1291 1615 1333 1609 1334 1600 1334 1560 1251 1560 1247 1559 1201 1540 1200 1540 1198 1540 1196 1540 1194 1540 1194 1542 1178 1557 1176 1559 1145 1559 1141 1557 1120 1540 1118 1540 1116 1540 1045 1531 1043 1531 1041 1531 1001 1549 957 1533 956 1533 954 1533 952 1533 950 1533 921 1551 919 1553 886 1553 885 1551 857 1528 855 1528 854 1528 852 1528 850 1528 848 1528 812 1549 810 1549 721 1526 719 1526 717 1526 715 1526 684 1540 664 1524 662 1524 661 1524 619 1524 617 1524 615 1524 613 1524 580 1546 579 1546 544 1522 542 1522 540 1522 539 1522 469 1539 451 1528 449 1528 448 1528 446 1528 444 1528 442 1528 442 1529 431 1540 373 1540 373 1582"/></Shape>
	    <String CONTENT="روم چون بهنواحی آن برسم گوههار ا يست کنم و درختان از"
                    HPOS="371"
                    VPOS="1522"
                    WIDTH="963"
                    HEIGHT="111"
                    WC="0.8863186004026881"></String>
          </TextLine>

          
          
          <TextLine ID="eSc_line_e978fa28"
                    TAGREFS="LT4834"
                    BASELINE="367 1690 1323 1704" 
                    HPOS="366"
                    VPOS="1626"
                    WIDTH="957"
                    HEIGHT="104">
            <Shape><Polygon POINTS="367 1690 366 1700 424 1711 426 1711 427 1711 457 1702 458 1702 502 1717 504 1717 506 1717 584 1704 604 1700 615 1704 661 1719 662 1719 724 1720 726 1720 728 1720 757 1706 761 1704 832 1704 837 1706 868 1719 870 1719 872 1719 874 1719 875 1719 894 1706 897 1706 959 1706 972 1708 1083 1726 1085 1728 1167 1728 1167 1726 1169 1726 1225 1711 1247 1728 1249 1728 1251 1728 1252 1730 1302 1730 1302 1728 1303 1728 1305 1728 1322 1711 1323 1704 1323 1646 1243 1639 1242 1639 1240 1639 1238 1639 1238 1640 1232 1646 1220 1657 1152 1646 1150 1646 1149 1646 1123 1655 1107 1646 1107 1644 1105 1644 1103 1644 1101 1644 1099 1644 1094 1646 1069 1653 1058 1646 1045 1635 1043 1635 1041 1635 1039 1635 1038 1635 1007 1646 985 1651 963 1646 952 1642 950 1642 948 1642 914 1646 852 1651 824 1646 804 1640 803 1640 801 1640 799 1640 788 1646 781 1649 775 1646 764 1635 763 1635 761 1635 759 1635 668 1646 644 1648 641 1646 628 1635 628 1633 626 1633 624 1633 622 1633 621 1633 597 1646 595 1646 566 1631 564 1631 562 1631 560 1631 559 1631 559 1633 553 1639 531 1628 529 1628 528 1628 526 1628 502 1635 415 1626 413 1626 411 1626 367 1642 367 1690"/></Shape>
	    <String CONTENT="يخ بر کنم و اين خواست عر و علا در اين بوده است يعنی در آن"
                    HPOS="366"
                    VPOS="1626"
                    WIDTH="957"
                    HEIGHT="104"
                    WC="0.860178224485496"></String>
          </TextLine>

          
          
          <TextLine ID="eSc_line_a4d51dd5"
                    TAGREFS="LT4834"
                    BASELINE="369 1786 1338 1800" 
                    HPOS="367"
                    VPOS="1724"
                    WIDTH="971"
                    HEIGHT="113">
            <Shape><Polygon POINTS="369 1786 367 1795 411 1808 413 1808 415 1808 460 1799 544 1822 546 1822 548 1822 549 1822 551 1822 582 1800 595 1811 597 1811 599 1811 600 1811 602 1811 626 1802 668 1828 670 1828 672 1828 673 1830 704 1830 704 1828 706 1828 708 1828 724 1813 757 1830 759 1830 761 1831 848 1831 848 1830 850 1830 852 1830 881 1806 910 1806 990 1831 992 1831 994 1831 996 1831 1058 1813 1092 1835 1094 1835 1096 1835 1098 1837 1125 1837 1125 1835 1127 1835 1129 1835 1161 1810 1198 1830 1200 1830 1201 1830 1203 1830 1258 1811 1294 1835 1296 1835 1298 1835 1300 1835 1302 1835 1303 1835 1336 1810 1338 1800 1338 1759 1220 1735 1218 1735 1216 1735 1154 1753 1096 1733 1094 1733 1092 1733 1090 1733 1047 1753 1047 1755 999 1755 997 1753 981 1740 979 1740 977 1740 976 1740 974 1740 954 1751 928 1733 926 1733 925 1733 923 1733 921 1733 877 1751 857 1731 857 1730 855 1730 854 1730 852 1730 746 1750 743 1750 741 1750 715 1728 713 1728 712 1728 710 1728 622 1748 617 1748 615 1748 591 1730 590 1730 588 1730 586 1730 511 1739 482 1724 480 1724 478 1724 453 1726 451 1726 449 1726 449 1728 431 1744 369 1744 369 1786"/></Shape>
	    <String CONTENT="ديار ظهور کنم و آن ديار را مسلم کنم و مردم آن نواحی را به طاعت"
                    HPOS="367"
                    VPOS="1724"
                    WIDTH="971"
                    HEIGHT="113"
                    WC="0.8990003606304526"></String>
          </TextLine>

          
          
          <TextLine ID="eSc_line_19128c4b"
                    TAGREFS="LT4834"
                    BASELINE="369 1886 1334 1897" 
                    HPOS="367"
                    VPOS="1828"
                    WIDTH="967"
                    HEIGHT="103">
            <Shape><Polygon POINTS="369 1886 367 1915 442 1922 444 1922 446 1922 460 1915 480 1906 509 1915 535 1924 537 1924 539 1924 540 1924 542 1924 553 1915 562 1910 570 1915 575 1919 575 1921 577 1921 579 1921 580 1921 582 1921 604 1915 622 1911 648 1915 713 1926 715 1926 717 1926 719 1926 730 1915 732 1913 821 1910 828 1915 837 1922 839 1922 841 1922 843 1922 845 1922 866 1915 875 1911 883 1915 908 1928 910 1928 912 1928 1003 1919 1019 1930 1021 1930 1023 1930 1025 1931 1079 1931 1079 1930 1081 1930 1083 1930 1101 1915 1105 1913 1171 1913 1238 1913 1243 1913 1278 1930 1280 1930 1282 1930 1283 1930 1333 1913 1334 1897 1334 1855 1172 1835 1112 1835 1110 1835 1109 1835 1107 1835 1107 1837 1090 1851 1090 1853 1016 1853 1012 1851 992 1840 990 1840 988 1840 926 1850 923 1850 921 1850 883 1833 881 1833 879 1833 877 1833 875 1833 854 1850 852 1850 815 1831 814 1831 770 1831 768 1831 766 1831 764 1831 741 1848 735 1848 624 1831 622 1831 621 1831 593 1842 582 1831 582 1830 580 1830 579 1830 577 1830 575 1830 539 1846 537 1846 520 1830 520 1828 519 1828 517 1828 515 1828 513 1828 449 1844 448 1844 413 1833 411 1833 409 1833 407 1833 369 1842 369 1886"/></Shape>
	    <String CONTENT="و عبادت خويش در آورم و از انجا بغزای ديار هندوستان روم"
                    HPOS="367"
                    VPOS="1828"
                    WIDTH="967"
                    HEIGHT="103"
                    WC="0.9320680087262934"></String>
          </TextLine>

          
        </TextBlock>
        
        <TextBlock HPOS="799"
                   VPOS="160"
                   WIDTH="129"
                   HEIGHT="78"
                   ID="eSc_textblock_912bb112"
                   TAGREFS="BT16059">
          <Shape><Polygon POINTS="821 160 921 167 928 223 814 238 799 181 821 160"/></Shape>
          
          
          <TextLine ID="eSc_line_ed4b226c"
                    TAGREFS="LT4834"
                    BASELINE="826 209 883 205" 
                    HPOS="823"
                    VPOS="171"
                    WIDTH="60"
                    HEIGHT="67">
            <Shape><Polygon POINTS="826 209 826 229 881 238 883 205 879 172 823 171 826 209"/></Shape>
	    <String CONTENT=""
                    HPOS="823"
                    VPOS="171"
                    WIDTH="60"
                    HEIGHT="67"></String>
          </TextLine>

          
        </TextBlock>
        
        <TextBlock HPOS="777"
                   VPOS="1950"
                   WIDTH="115"
                   HEIGHT="56"
                   ID="eSc_textblock_97a29c1c"
                   TAGREFS="BT16061">
          <Shape><Polygon POINTS="821 1950 885 1957 892 2006 784 1999 777 1971 821 1950"/></Shape>
          
          
          <TextLine ID="eSc_line_f11eb203"
                    TAGREFS="LT4834"
                    BASELINE="812 1988 881 1988" 
                    HPOS="812"
                    VPOS="1951"
                    WIDTH="69"
                    HEIGHT="77">
            <Shape><Polygon POINTS="866 1953 852 1951 812 1957 812 1988 812 2028 881 2024 881 1988 879 1953 866 1953"/></Shape>
	    <String CONTENT="و در"
                    HPOS="812"
                    VPOS="1951"
                    WIDTH="69"
                    HEIGHT="77"
                    WC="0.8754464089870453"></String>
          </TextLine>

          
        </TextBlock>
        
        <TextBlock HPOS="313"
                   VPOS="458"
                   WIDTH="34"
                   HEIGHT="85"
                   ID="eSc_textblock_095b0bf4"
                   TAGREFS="BT16062">
          <Shape><Polygon POINTS="313 458 347 509 333 543 313 529 313 458"/></Shape>
          
        </TextBlock>
        

        
      </PrintSpace>
    </Page>
  </Layout>
</alto>
