<?xml version="1.0" encoding="UTF-8"?>
<alto xmlns:xsi="http://www.w3.org/2001/XMLSchema-instance"
      xmlns="http://www.loc.gov/standards/alto/ns-v4#"
      xsi:schemaLocation="http://www.loc.gov/standards/alto/ns-v4# http://www.loc.gov/standards/alto/v4/alto-4-2.xsd">
  <Description>
    <MeasurementUnit>pixel</MeasurementUnit>
    <sourceImageInformation>
      <fileName>TwoIsmailiTreatises032.jpg</fileName>
      
    </sourceImageInformation>
  </Description>
  
  <Tags>
    <OtherTag ID="BT16074" LABEL="MarginTextZone:commentary" DESCRIPTION="block type MarginTextZone:commentary"/><OtherTag ID="BT16073" LABEL="MarginTextZone:note#1" DESCRIPTION="block type MarginTextZone:note#1"/><OtherTag ID="BT16072" LABEL="MainZone:column#2" DESCRIPTION="block type MainZone:column#2"/><OtherTag ID="BT16071" LABEL="MainZone:column#3" DESCRIPTION="block type MainZone:column#3"/><OtherTag ID="BT16070" LABEL="GraphicZone:illustration" DESCRIPTION="block type GraphicZone:illustration"/><OtherTag ID="BT16069" LABEL="MainZone:column#1" DESCRIPTION="block type MainZone:column#1"/><OtherTag ID="BT16068" LABEL="MarginTextZone:note#2" DESCRIPTION="block type MarginTextZone:note#2"/><OtherTag ID="BT16067" LABEL="CustomZone:publication" DESCRIPTION="block type CustomZone:publication"/><OtherTag ID="BT16066" LABEL="RunningTitleZone" DESCRIPTION="block type RunningTitleZone"/><OtherTag ID="BT16065" LABEL="NumberingZone" DESCRIPTION="block type NumberingZone"/><OtherTag ID="BT16064" LABEL="default" DESCRIPTION="block type default"/><OtherTag ID="BT16063" LABEL="TitlePageZone" DESCRIPTION="block type TitlePageZone"/><OtherTag ID="BT16062" LABEL="NumberingZone:other" DESCRIPTION="block type NumberingZone:other"/><OtherTag ID="BT16061" LABEL="QuireMarksZone:catchwords" DESCRIPTION="block type QuireMarksZone:catchwords"/><OtherTag ID="BT16060" LABEL="MainZone" DESCRIPTION="block type MainZone"/><OtherTag ID="BT16059" LABEL="NumberingZone:page" DESCRIPTION="block type NumberingZone:page"/><OtherTag ID="BT16058" LABEL="MarginTextZone:note" DESCRIPTION="block type MarginTextZone:note"/><OtherTag ID="BT16057" LABEL="DigitizationArtefactZone" DESCRIPTION="block type DigitizationArtefactZone"/><OtherTag ID="BT4" LABEL="Illustration" DESCRIPTION="block type Illustration"/><OtherTag ID="BT3" LABEL="Commentary" DESCRIPTION="block type Commentary"/><OtherTag ID="BT2" LABEL="Main" DESCRIPTION="block type Main"/><OtherTag ID="BT1" LABEL="Title" DESCRIPTION="block type Title"/>
    <OtherTag ID="LT4834" LABEL="DefaultLine" DESCRIPTION="line type DefaultLine"/><OtherTag ID="LT4835" LABEL="HeadingLine:title" DESCRIPTION="line type HeadingLine:title"/>
  </Tags>
  
  <Layout>
    <Page WIDTH="1276"
          HEIGHT="2102"
          PHYSICAL_IMG_NR="28"
          ID="eSc_dummypage_">
      <PrintSpace HPOS="0"
                  VPOS="0"
                  WIDTH="1276"
                  HEIGHT="2102">
        
        <TextBlock HPOS="217"
                   VPOS="252"
                   WIDTH="959"
                   HEIGHT="1546"
                   ID="eSc_textblock_5ecf7dcb"
                   TAGREFS="BT16060">
          <Shape><Polygon POINTS="259 252 1162 273 1155 1210 1176 1455 1155 1798 224 1791 217 399 224 294 259 252"/></Shape>
          
          
          <TextLine ID="eSc_line_959db666"
                    TAGREFS="LT4834"
                    BASELINE="231 343 1146 336" 
                    HPOS="229"
                    VPOS="273"
                    WIDTH="917"
                    HEIGHT="110">
            <Shape><Polygon POINTS="231 343 231 383 290 383 290 381 292 381 294 381 294 380 324 357 432 366 434 366 503 355 548 373 567 380 569 380 571 380 573 380 574 380 585 371 608 355 634 369 636 369 638 369 639 369 687 359 702 367 716 376 718 376 720 376 722 376 723 376 725 376 736 367 751 353 792 353 815 364 832 373 834 373 836 373 837 373 865 362 872 360 878 362 911 378 913 378 914 378 916 378 974 359 992 353 997 359 1014 374 1014 376 1016 376 1018 376 1020 378 1076 378 1076 376 1077 376 1079 376 1109 355 1146 353 1146 336 1144 287 1123 273 1121 273 1120 273 1077 273 1076 273 1074 273 1072 273 1048 290 1030 301 923 292 885 290 883 290 881 290 874 294 853 303 839 294 834 290 832 290 830 290 829 290 827 290 811 294 783 303 771 296 760 289 758 289 757 289 755 289 753 289 730 296 709 303 702 296 680 276 678 276 676 276 601 276 599 276 597 276 595 276 571 299 562 306 445 306 422 301 396 294 394 294 392 294 390 294 375 301 366 306 359 303 313 278 311 278 250 278 248 278 247 278 245 278 245 280 243 280 229 296 231 343"/></Shape>
	    <String CONTENT="بحکم اضافه در اين صورت خاص خويشتن درآورده است تا به کلم "
                    HPOS="229"
                    VPOS="273"
                    WIDTH="917"
                    HEIGHT="110"
                    WC="0.919358634112174"></String>
          </TextLine>

          
          
          <TextLine ID="eSc_line_6dbacfd2"
                    TAGREFS="LT4834"
                    BASELINE="222 439 1135 427" 
                    HPOS="220"
                    VPOS="366"
                    WIDTH="915"
                    HEIGHT="105">
            <Shape><Polygon POINTS="222 439 222 460 247 471 248 471 250 471 315 458 322 458 333 458 439 469 441 469 443 469 445 469 445 467 455 458 469 469 471 469 473 469 474 469 595 467 597 467 599 467 615 453 629 453 704 453 737 465 739 465 741 465 743 465 793 451 799 450 804 451 844 464 846 464 848 464 850 464 851 464 851 462 864 451 883 460 885 460 886 460 986 448 990 448 992 448 1023 460 1025 460 1027 460 1028 460 1063 446 1065 446 1134 446 1135 427 1132 392 1070 381 1069 381 1067 381 1065 381 1049 392 1046 395 995 395 990 394 958 381 957 381 955 381 953 381 921 392 878 366 876 366 874 366 846 366 844 366 843 366 841 366 841 367 816 390 774 397 771 399 704 399 702 399 692 388 692 387 690 387 688 387 687 387 685 387 683 387 683 388 669 399 669 401 629 401 594 401 559 369 557 369 555 369 487 369 485 369 483 369 482 369 482 371 480 371 473 380 453 371 452 371 450 371 448 371 446 371 431 383 418 373 418 371 417 371 415 371 350 371 348 371 287 373 285 373 283 373 245 404 220 406 222 439"/></Shape>
	    <String CONTENT="حفيقت با ذات خويشتن رساند و عرض للی آنکه از آفريش"
                    HPOS="220"
                    VPOS="366"
                    WIDTH="915"
                    HEIGHT="105"
                    WC="0.8095216558260077"></String>
          </TextLine>

          
          
          <TextLine ID="eSc_line_c8245e32"
                    TAGREFS="LT4834"
                    BASELINE="806 536 1139 530" 
                    HPOS="804"
                    VPOS="490"
                    WIDTH="335"
                    HEIGHT="82">
            <Shape><Polygon POINTS="806 536 806 548 909 572 911 572 913 572 914 572 953 548 1065 569 1067 569 1069 569 1139 543 1139 530 1135 499 971 490 969 490 967 490 946 500 921 490 920 490 918 490 916 490 914 490 893 506 892 507 804 507 806 536"/></Shape>
	    <String CONTENT="مردم حاصل نشوند"
                    HPOS="804"
                    VPOS="490"
                    WIDTH="335"
                    HEIGHT="82"
                    WC="0.9590832869211833"></String>
          </TextLine>

          
          
          <TextLine ID="eSc_line_ca191ca4"
                    TAGREFS="LT4834"
                    BASELINE="236 630 1000 627" 
                    HPOS="234"
                    VPOS="567"
                    WIDTH="766"
                    HEIGHT="98">
            <Shape><Polygon POINTS="236 630 236 646 294 663 296 663 297 663 299 663 355 648 362 646 387 646 390 648 408 663 410 663 411 663 413 665 462 665 462 663 464 663 489 651 531 663 532 663 534 663 536 663 538 663 560 648 566 646 611 648 638 649 650 662 652 662 653 662 655 663 701 663 701 662 702 662 704 662 704 660 716 649 722 644 741 649 767 655 769 655 795 649 820 644 830 649 855 662 857 662 858 663 906 663 906 662 907 662 909 662 909 660 920 649 925 644 937 649 951 656 953 656 955 656 999 649 1000 627 997 586 942 576 941 576 939 576 937 576 927 585 916 592 869 592 862 583 846 569 846 567 844 567 843 567 793 567 792 567 790 567 788 567 788 569 774 581 769 586 755 581 746 578 744 578 743 578 725 579 697 585 692 579 680 569 680 567 678 567 676 567 646 567 645 567 643 567 641 567 627 578 608 592 557 581 555 581 553 581 552 581 538 593 494 593 467 579 466 579 464 579 462 579 432 592 394 576 392 576 390 576 389 576 387 576 387 578 369 593 336 593 292 571 287 569 285 569 283 569 234 569 236 630"/></Shape>
	    <String CONTENT="در فضل مبارک میفر مايد که خدای تعالی همه حيز را ب"
                    HPOS="234"
                    VPOS="567"
                    WIDTH="766"
                    HEIGHT="98"
                    WC="0.9219117590359279"></String>
          </TextLine>

          
          
          <TextLine ID="eSc_line_5f888c93"
                    TAGREFS="LT4834"
                    BASELINE="227 725 1139 728" 
                    HPOS="226"
                    VPOS="672"
                    WIDTH="913"
                    HEIGHT="88">
            <Shape><Polygon POINTS="227 725 226 733 294 735 319 758 320 758 322 758 324 758 446 744 473 758 474 758 476 758 478 758 538 737 559 756 559 758 560 758 562 758 564 760 638 760 638 758 639 758 641 758 655 746 681 760 683 760 685 760 687 760 688 760 716 739 746 753 748 753 750 753 751 753 778 739 793 749 795 749 797 749 799 749 839 742 871 751 872 751 874 751 876 751 900 739 967 739 988 756 990 756 992 756 993 756 995 756 997 756 1014 742 1032 758 1032 760 1034 760 1035 760 1037 760 1039 760 1076 747 1088 758 1090 758 1091 758 1093 758 1095 758 1097 758 1097 756 1118 739 1137 739 1139 728 1139 697 1077 681 1076 681 1074 681 1072 681 1049 695 1048 697 962 697 960 695 918 679 916 679 914 679 913 679 911 679 911 681 895 695 874 681 872 681 871 681 869 681 867 681 865 681 850 693 829 676 829 674 827 674 825 674 823 674 592 693 564 672 562 672 560 672 559 672 557 672 515 690 504 679 504 677 503 677 501 677 499 677 497 677 452 690 431 672 429 672 427 672 403 672 401 672 399 672 348 693 347 693 310 672 308 672 306 672 304 672 303 672 278 693 276 693 227 693 227 725"/></Shape>
	    <String CONTENT="مردم آفريده است و آنکه بهعضی مردم را به سوی خود آ فريده است"
                    HPOS="226"
                    VPOS="672"
                    WIDTH="913"
                    HEIGHT="88"
                    WC="0.9250294864177704"></String>
          </TextLine>

          
          
          <TextLine ID="eSc_line_e088da74"
                    TAGREFS="LT4834"
                    BASELINE="236 823 1142 819" 
                    HPOS="234"
                    VPOS="754"
                    WIDTH="908"
                    HEIGHT="97">
            <Shape><Polygon POINTS="236 823 236 839 331 851 333 851 334 851 336 851 354 839 357 837 362 839 396 851 397 851 399 851 401 851 427 839 431 837 504 837 506 839 520 849 520 851 522 851 524 851 525 851 573 842 657 851 659 851 660 851 694 839 736 846 737 846 739 846 741 846 753 837 755 835 869 835 874 835 932 849 934 849 935 849 979 835 997 849 999 849 1000 849 1002 851 1055 851 1055 849 1142 833 1142 819 1139 781 1105 781 1065 754 1063 754 1062 754 1060 754 1058 754 1028 767 972 754 971 754 969 754 967 754 932 779 899 754 897 754 895 754 858 754 857 754 855 754 804 779 755 754 753 754 715 754 713 754 711 754 709 754 678 781 634 768 632 768 630 768 536 781 522 770 522 768 520 768 518 768 517 768 515 768 513 768 513 770 499 781 418 770 417 770 415 770 382 781 368 768 368 767 366 767 364 767 362 767 361 767 359 767 348 774 311 756 310 756 273 756 271 756 269 756 268 756 234 779 236 823"/></Shape>
	    <String CONTENT="واز مرگز خاک تا فلک الافلاک همه چسمانيها وروجاينها را بايد که"
                    HPOS="234"
                    VPOS="754"
                    WIDTH="908"
                    HEIGHT="97"
                    WC="0.8427275541375895"></String>
          </TextLine>

          
          
          <TextLine ID="eSc_line_ae184276"
                    TAGREFS="LT4834"
                    BASELINE="234 912 1135 917" 
                    HPOS="233"
                    VPOS="863"
                    WIDTH="902"
                    HEIGHT="86">
            <Shape><Polygon POINTS="234 912 233 924 261 937 262 937 264 937 266 937 290 930 310 947 311 947 313 947 315 949 383 949 383 947 385 947 387 947 410 930 453 926 482 947 483 947 485 947 534 949 536 949 538 949 583 937 622 949 623 949 625 949 627 949 629 949 662 928 701 942 702 942 704 942 767 928 865 940 867 940 946 930 974 949 976 949 978 949 979 949 981 949 1032 930 1060 942 1062 942 1063 942 1134 928 1135 917 1134 872 1077 867 1076 867 1074 867 1072 867 1072 868 1067 872 1055 884 1006 884 979 872 965 867 964 867 962 867 960 867 958 867 948 874 927 886 844 886 823 874 818 872 816 872 815 872 801 875 771 881 739 875 683 865 681 865 680 865 678 865 664 875 653 884 559 884 522 881 520 877 504 865 504 863 503 863 501 863 408 863 406 863 404 863 403 863 380 879 376 882 331 882 326 879 273 863 271 863 269 863 268 863 234 879 234 912"/></Shape>
	    <String CONTENT="به عاد خود برسند و با معاد رسيدن هم بواسطه مردم است"
                    HPOS="233"
                    VPOS="863"
                    WIDTH="902"
                    HEIGHT="86"
                    WC="0.8971180518468221"></String>
          </TextLine>

          
          
          <TextLine ID="eSc_line_c664d0d3"
                    TAGREFS="LT4834"
                    BASELINE="231 1014 992 1014" 
                    HPOS="231"
                    VPOS="947"
                    WIDTH="761"
                    HEIGHT="93">
            <Shape><Polygon POINTS="231 1014 231 1026 245 1036 247 1036 248 1036 250 1036 252 1036 276 1024 382 1033 383 1033 385 1033 408 1024 422 1036 422 1038 424 1038 425 1038 427 1038 503 1026 515 1024 525 1026 557 1033 559 1033 638 1028 685 1024 694 1028 713 1038 715 1038 716 1038 779 1029 781 1029 795 1038 797 1038 799 1038 801 1040 904 1040 904 1038 906 1038 907 1038 907 1036 914 1031 920 1024 934 1031 949 1038 951 1038 953 1038 992 1031 992 1014 988 959 967 966 957 959 941 947 939 947 937 947 935 947 934 947 932 947 932 949 920 959 909 972 858 975 843 961 829 949 829 947 827 947 825 947 753 947 751 947 750 947 748 947 748 949 734 961 720 975 674 966 673 966 671 966 669 966 669 968 660 977 567 977 557 966 557 965 555 965 553 965 552 965 524 968 518 965 499 947 497 947 496 947 446 947 445 947 443 947 373 965 334 975 308 966 257 947 255 947 254 947 252 947 250 947 231 961 231 1014"/></Shape>
	    <String CONTENT="اجمله مردی که نيک باشد و در بندگی خداوند زمانی "
                    HPOS="231"
                    VPOS="947"
                    WIDTH="761"
                    HEIGHT="93"
                    WC="0.8497338542278777"></String>
          </TextLine>

          
          
          <TextLine ID="eSc_line_20d3a9ba"
                    TAGREFS="LT4834"
                    BASELINE="236 1103 1134 1096" 
                    HPOS="234"
                    VPOS="1040"
                    WIDTH="900"
                    HEIGHT="89">
            <Shape><Polygon POINTS="236 1103 236 1114 297 1129 299 1129 301 1129 357 1115 380 1129 382 1129 383 1129 385 1129 387 1129 408 1119 429 1129 431 1129 432 1129 434 1129 474 1114 662 1129 664 1129 666 1129 711 1112 767 1112 813 1128 815 1128 816 1129 907 1129 907 1128 909 1128 953 1114 1006 1122 1007 1122 1009 1122 1011 1122 1023 1114 1053 1126 1055 1126 1056 1126 1058 1126 1060 1126 1083 1108 1134 1107 1134 1096 1128 1056 1100 1061 1093 1056 1074 1040 1072 1040 1070 1040 1046 1040 1044 1040 1042 1040 1041 1040 1041 1042 1023 1058 1016 1063 895 1063 892 1059 878 1047 876 1047 874 1047 872 1047 871 1047 839 1059 836 1061 832 1061 801 1052 799 1052 797 1052 795 1052 793 1052 779 1061 774 1065 765 1061 715 1042 713 1042 711 1042 645 1043 643 1043 601 1061 571 1043 569 1043 567 1043 471 1043 469 1043 467 1043 418 1061 392 1052 390 1052 389 1052 387 1052 385 1052 366 1068 366 1070 234 1070 236 1103"/></Shape>
	    <String CONTENT="تقصير نکند و با ابل و حدت نزديک باشد ايشان را فرشته"
                    HPOS="234"
                    VPOS="1040"
                    WIDTH="900"
                    HEIGHT="89"
                    WC="0.8711677964995889"></String>
          </TextLine>

          
          
          <TextLine ID="eSc_line_f64c6941"
                    TAGREFS="LT4834"
                    BASELINE="224 1196 1132 1199" 
                    HPOS="222"
                    VPOS="1131"
                    WIDTH="910"
                    HEIGHT="98">
            <Shape><Polygon POINTS="224 1196 222 1208 257 1220 259 1220 261 1220 262 1220 290 1212 322 1222 324 1222 326 1222 369 1219 378 1226 378 1227 380 1227 382 1227 383 1227 485 1219 529 1227 531 1227 532 1227 564 1213 602 1227 604 1227 606 1227 694 1212 809 1224 811 1224 813 1224 815 1224 830 1212 850 1226 851 1226 853 1226 953 1229 955 1229 957 1229 981 1217 1002 1224 1004 1224 1006 1224 1007 1224 1009 1224 1009 1222 1023 1212 1130 1212 1132 1199 1132 1136 1060 1133 1058 1133 1056 1133 1055 1133 1049 1136 1030 1152 1007 1138 1000 1133 999 1133 997 1133 995 1133 993 1133 992 1133 985 1138 949 1161 722 1161 697 1143 680 1131 678 1131 676 1131 674 1131 673 1131 671 1131 653 1145 632 1161 552 1161 525 1147 490 1131 489 1131 487 1131 380 1140 359 1131 357 1131 355 1131 354 1131 352 1131 343 1138 334 1131 333 1131 331 1131 252 1131 250 1131 248 1131 247 1131 224 1147 224 1196"/></Shape>
	    <String CONTENT="چنانکه در کلام دارد شده است که قوله تعالی و لوجعلناه ملکا"
                    HPOS="222"
                    VPOS="1131"
                    WIDTH="910"
                    HEIGHT="98"
                    WC="0.8810354638517949"></String>
          </TextLine>

          
          
          <TextLine ID="eSc_line_2b8a1733"
                    TAGREFS="LT4834"
                    BASELINE="306 1303 1134 1296" 
                    HPOS="304"
                    VPOS="1227"
                    WIDTH="830"
                    HEIGHT="107">
            <Shape><Polygon POINTS="306 1303 308 1334 394 1313 494 1313 531 1327 541 1331 543 1331 545 1331 546 1331 555 1326 578 1313 592 1326 599 1331 601 1331 602 1331 604 1333 718 1333 718 1331 762 1327 764 1327 765 1327 778 1319 792 1310 811 1317 823 1322 825 1322 827 1322 892 1315 895 1315 921 1329 923 1329 925 1329 927 1329 928 1329 951 1315 967 1320 969 1320 971 1320 1013 1310 1025 1308 1028 1310 1044 1320 1046 1320 1048 1320 1049 1320 1051 1320 1077 1308 1079 1308 1102 1320 1104 1320 1105 1322 1105 1320 1107 1320 1134 1306 1134 1296 1128 1227 1097 1231 1095 1231 1093 1231 1093 1233 1070 1254 1023 1245 1021 1245 1020 1245 1018 1245 1018 1247 1004 1261 972 1261 939 1247 937 1247 935 1247 934 1247 932 1247 911 1262 871 1262 839 1241 822 1229 820 1229 818 1229 732 1229 730 1229 729 1229 727 1229 704 1247 699 1252 695 1248 673 1231 671 1231 669 1231 602 1231 601 1231 599 1231 532 1255 508 1266 473 1266 464 1259 425 1233 424 1233 422 1233 389 1233 387 1233 385 1233 383 1233 383 1234 352 1264 352 1266 304 1266 306 1303"/></Shape>
	    <String CONTENT="لجعلناه وللبسناه عليهم ما يلبسون ظم"
                    HPOS="304"
                    VPOS="1227"
                    WIDTH="830"
                    HEIGHT="107"
                    WC="0.9074345920767103"></String>
          </TextLine>

          
          
          <TextLine ID="eSc_line_b08f5651"
                    TAGREFS="LT4834"
                    BASELINE="229 1390 627 1387" 
                    HPOS="227"
                    VPOS="1329"
                    WIDTH="400"
                    HEIGHT="86">
            <Shape><Polygon POINTS="229 1390 229 1404 296 1401 299 1404 308 1411 308 1413 310 1413 311 1413 313 1415 376 1415 376 1413 420 1404 441 1399 471 1403 518 1410 520 1410 627 1401 627 1387 623 1334 571 1329 569 1329 567 1329 541 1338 503 1352 487 1341 469 1329 467 1329 466 1329 464 1329 462 1329 432 1345 415 1354 401 1347 371 1333 369 1333 326 1331 324 1331 322 1331 320 1331 296 1352 294 1354 290 1352 268 1347 266 1347 264 1347 262 1347 227 1355 229 1390"/></Shape>
	    <String CONTENT="ز مشک و ز غنبر سرشته"
                    HPOS="227"
                    VPOS="1329"
                    WIDTH="400"
                    HEIGHT="86"
                    WC="0.9503137052059174"></String>
          </TextLine>

          
          
          <TextLine ID="eSc_line_6862d570"
                    TAGREFS="LT4834"
                    BASELINE="715 1394 1139 1397" 
                    HPOS="713"
                    VPOS="1340"
                    WIDTH="426"
                    HEIGHT="82">
            <Shape><Polygon POINTS="715 1394 713 1406 751 1420 753 1420 755 1420 815 1408 865 1408 883 1420 885 1420 886 1420 888 1420 890 1420 918 1408 930 1420 930 1422 932 1422 934 1422 935 1422 988 1410 1021 1422 1023 1422 1025 1422 1137 1410 1139 1397 1139 1359 928 1340 893 1340 892 1340 890 1340 888 1340 864 1355 853 1361 715 1355 715 1394"/></Shape>
	    <String CONTENT="فريدون قرخ فرشته نبود"
                    HPOS="713"
                    VPOS="1340"
                    WIDTH="426"
                    HEIGHT="82"
                    WC="0.9275574542227245"></String>
          </TextLine>

          
          
          <TextLine ID="eSc_line_5a394d06"
                    TAGREFS="LT4834"
                    BASELINE="229 1492 681 1488" 
                    HPOS="227"
                    VPOS="1415"
                    WIDTH="454"
                    HEIGHT="100">
            <Shape><Polygon POINTS="229 1492 229 1511 438 1515 439 1515 441 1515 443 1515 443 1513 452 1506 459 1501 499 1504 550 1509 552 1509 553 1509 567 1502 573 1501 578 1502 604 1511 606 1511 608 1511 609 1511 611 1511 625 1501 629 1501 680 1501 681 1488 678 1453 608 1453 583 1439 581 1439 580 1439 578 1439 566 1446 518 1415 517 1415 515 1415 453 1415 452 1415 420 1417 418 1417 417 1417 417 1418 390 1445 354 1452 287 1418 285 1418 283 1418 282 1418 280 1418 227 1452 229 1492"/></Shape>
	    <String CONTENT="تو دادو دسش كن فريدون تولی"
                    HPOS="227"
                    VPOS="1415"
                    WIDTH="454"
                    HEIGHT="100"
                    WC="0.9039642856671259"></String>
          </TextLine>

          
          
          <TextLine ID="eSc_line_46b21e15"
                    TAGREFS="LT4834"
                    BASELINE="695 1490 1135 1485" 
                    HPOS="694"
                    VPOS="1418"
                    WIDTH="441"
                    HEIGHT="97">
            <Shape><Polygon POINTS="695 1490 695 1501 730 1515 732 1515 734 1515 736 1515 764 1506 839 1515 841 1515 843 1515 862 1504 869 1501 904 1506 958 1513 960 1513 962 1513 974 1508 988 1499 1134 1509 1135 1485 1134 1448 1042 1418 1041 1418 1039 1418 1037 1418 1035 1418 1007 1443 965 1450 958 1450 953 1450 783 1422 781 1422 779 1422 778 1422 730 1452 729 1453 694 1453 695 1490"/></Shape>
	    <String CONTENT="بهداد و داش يافت اين نيکويی"
                    HPOS="694"
                    VPOS="1418"
                    WIDTH="441"
                    HEIGHT="97"
                    WC="0.8550796762660697"></String>
          </TextLine>

          
          
          <TextLine ID="eSc_line_880665ed"
                    TAGREFS="LT4834"
                    BASELINE="231 1578 1139 1581" 
                    HPOS="229"
                    VPOS="1516"
                    WIDTH="910"
                    HEIGHT="90">
            <Shape><Polygon POINTS="231 1578 229 1588 271 1602 273 1602 275 1602 511 1592 522 1601 522 1602 524 1602 525 1602 685 1604 687 1606 774 1606 774 1604 776 1604 778 1604 793 1594 1039 1604 1041 1604 1137 1592 1139 1581 1139 1543 1100 1541 1065 1518 1063 1518 1062 1518 930 1518 928 1518 927 1518 925 1518 925 1520 911 1530 837 1520 836 1520 834 1520 771 1541 767 1541 764 1541 687 1516 685 1516 683 1516 681 1516 606 1539 597 1539 557 1539 532 1520 531 1520 529 1520 527 1520 525 1520 490 1539 489 1541 406 1541 404 1539 355 1518 354 1518 352 1518 350 1518 348 1518 331 1534 231 1537 231 1578"/></Shape>
	    <String CONTENT="ومردی که رونی از خداوند زمان گردانيده باشند و رو بسوی خود"
                    HPOS="229"
                    VPOS="1516"
                    WIDTH="910"
                    HEIGHT="90"
                    WC="0.8715951704142386"></String>
          </TextLine>

          
          
          <TextLine ID="eSc_line_6af65b9d"
                    TAGREFS="LT4834"
                    BASELINE="231 1676 1139 1671" 
                    HPOS="229"
                    VPOS="1604"
                    WIDTH="910"
                    HEIGHT="102">
            <Shape><Polygon POINTS="231 1676 231 1688 264 1697 266 1697 313 1688 315 1688 317 1688 331 1700 331 1702 333 1702 334 1702 336 1702 338 1702 340 1702 362 1688 364 1688 489 1688 508 1700 510 1700 511 1700 513 1700 599 1686 604 1686 606 1686 645 1704 646 1704 648 1706 834 1706 834 1704 902 1702 904 1702 948 1685 967 1685 985 1685 1020 1702 1021 1702 1023 1702 1137 1683 1139 1671 1132 1616 1086 1634 1023 1620 1021 1620 942 1634 925 1622 902 1604 900 1604 899 1604 864 1604 862 1604 860 1604 858 1604 827 1623 790 1606 788 1606 786 1606 743 1615 730 1606 729 1606 727 1606 620 1606 618 1606 616 1606 615 1606 615 1608 590 1630 585 1636 555 1632 531 1629 529 1629 499 1632 471 1637 464 1634 431 1613 429 1613 427 1613 425 1613 424 1613 422 1613 389 1636 385 1639 348 1639 345 1637 319 1620 317 1620 315 1620 313 1620 229 1639 231 1676"/></Shape>
	    <String CONTENT="آورده باشند و کسانی ديگر را مراه کنند انها را شيطان و"
                    HPOS="229"
                    VPOS="1604"
                    WIDTH="910"
                    HEIGHT="102"
                    WC="0.8374564338613439"></String>
          </TextLine>

          
          
          <TextLine ID="eSc_line_64138f61"
                    TAGREFS="LT4834"
                    BASELINE="236 1776 1134 1770" 
                    HPOS="234"
                    VPOS="1704"
                    WIDTH="900"
                    HEIGHT="101">
            <Shape><Polygon POINTS="236 1776 236 1804 343 1805 345 1805 347 1805 359 1802 394 1791 406 1802 410 1805 411 1805 413 1805 415 1805 417 1805 418 1805 425 1800 434 1795 480 1800 532 1805 534 1805 536 1805 562 1798 592 1790 643 1797 697 1804 699 1804 701 1804 736 1795 757 1788 857 1788 913 1791 1070 1802 1072 1802 1074 1802 1134 1786 1134 1770 1128 1723 1100 1725 1097 1723 1086 1713 1086 1711 1084 1711 1083 1711 1081 1711 1079 1711 1077 1711 1060 1723 1048 1732 843 1732 836 1727 815 1716 813 1716 811 1716 809 1716 808 1716 793 1728 786 1734 748 1734 743 1728 711 1704 709 1704 708 1704 706 1704 704 1704 657 1728 609 1704 608 1704 553 1704 552 1704 550 1704 548 1704 548 1706 522 1732 520 1735 504 1735 503 1732 474 1709 473 1709 471 1709 469 1709 467 1709 450 1718 438 1707 438 1706 436 1706 434 1706 347 1706 345 1706 343 1706 283 1734 255 1727 254 1727 252 1727 250 1727 234 1734 236 1776"/></Shape>
	    <String CONTENT="غول و ديو خوانند و مردمی که در سگى به درچه فرشتگى نرييده"
                    HPOS="234"
                    VPOS="1704"
                    WIDTH="900"
                    HEIGHT="101"
                    WC="0.9099511738334384"></String>
          </TextLine>

          
        </TextBlock>
        
        <TextBlock HPOS="602"
                   VPOS="161"
                   WIDTH="111"
                   HEIGHT="82"
                   ID="eSc_textblock_3458e880"
                   TAGREFS="BT16059">
          <Shape><Polygon POINTS="645 161 713 175 713 243 609 243 602 182 645 161"/></Shape>
          
          
          <TextLine ID="eSc_line_e5777e4b"
                    TAGREFS="LT4834"
                    BASELINE="630 217 692 220" 
                    HPOS="629"
                    VPOS="180"
                    WIDTH="63"
                    HEIGHT="68">
            <Shape><Polygon POINTS="630 217 629 238 639 246 641 246 643 246 645 248 690 248 692 220 692 180 630 180 630 217"/></Shape>
	    <String CONTENT=""
                    HPOS="629"
                    VPOS="180"
                    WIDTH="63"
                    HEIGHT="68"></String>
          </TextLine>

          
        </TextBlock>
        
        <TextBlock HPOS="126"
                   VPOS="1149"
                   WIDTH="75"
                   HEIGHT="68"
                   ID="eSc_textblock_7d644af8"
                   TAGREFS="BT16062">
          <Shape><Polygon POINTS="154 1149 201 1163 201 1217 126 1203 154 1149"/></Shape>
          
          
          <TextLine ID="eSc_line_9712ceee"
                    TAGREFS="LT4834"
                    BASELINE="133 1196 205 1194" 
                    HPOS="133"
                    VPOS="1147"
                    WIDTH="72"
                    HEIGHT="79">
            <Shape><Polygon POINTS="184 1157 166 1152 148 1156 133 1182 133 1196 133 1224 203 1226 205 1194 201 1152 182 1147 184 1157"/></Shape>
	    <String CONTENT=""
                    HPOS="133"
                    VPOS="1147"
                    WIDTH="72"
                    HEIGHT="79"></String>
          </TextLine>

          
        </TextBlock>
        
        <TextBlock HPOS="652"
                   VPOS="1814"
                   WIDTH="496"
                   HEIGHT="76"
                   ID="eSc_textblock_c9c7d4ce"
                   TAGREFS="BT16058">
          <Shape><Polygon POINTS="687 1814 1120 1821 1148 1848 1077 1890 680 1890 652 1876 652 1821 687 1814"/></Shape>
          
          
          <TextLine ID="eSc_line_3a91c479"
                    TAGREFS="LT4834"
                    BASELINE="708 1869 1130 1860" 
                    HPOS="706"
                    VPOS="1818"
                    WIDTH="424"
                    HEIGHT="87">
            <Shape><Polygon POINTS="1127 1858 1111 1826 1067 1819 1056 1819 1039 1819 1037 1819 1030 1828 976 1818 974 1818 972 1818 971 1818 955 1830 953 1830 883 1819 881 1819 879 1819 829 1832 737 1825 736 1825 734 1825 706 1833 708 1869 708 1886 764 1905 765 1905 767 1905 895 1897 897 1897 899 1897 911 1886 916 1884 937 1886 1002 1895 1004 1895 1006 1895 1030 1886 1046 1883 1128 1886 1130 1860 1128 1856 1127 1858"/></Shape>
	    <String CONTENT="أزسورة الإنعام الإما "
                    HPOS="706"
                    VPOS="1818"
                    WIDTH="424"
                    HEIGHT="87"
                    WC="0.7750473357737064"></String>
          </TextLine>

          
        </TextBlock>
        
        <TextBlock HPOS="609"
                   VPOS="1891"
                   WIDTH="132"
                   HEIGHT="111"
                   ID="eSc_textblock_95b3044a"
                   TAGREFS="BT16061">
          <Shape><Polygon POINTS="680 1891 741 1933 713 2002 638 1995 609 1967 680 1891"/></Shape>
          
          
          <TextLine ID="eSc_line_07da560b"
                    TAGREFS="LT4834"
                    BASELINE="622 1963 702 1954" 
                    HPOS="622"
                    VPOS="1904"
                    WIDTH="84"
                    HEIGHT="96">
            <Shape><Polygon POINTS="652 1919 636 1935 623 1947 622 1963 623 1986 646 1986 652 1989 664 2000 666 2000 667 2000 669 2000 706 1991 702 1954 695 1905 669 1904 667 1904 666 1904 652 1919"/></Shape>
	    <String CONTENT="شن"
                    HPOS="622"
                    VPOS="1904"
                    WIDTH="84"
                    HEIGHT="96"
                    WC="0.8749866187572479"></String>
          </TextLine>

          
        </TextBlock>
        

        
      </PrintSpace>
    </Page>
  </Layout>
</alto>
