<?xml version="1.0" encoding="UTF-8"?>
<alto xmlns:xsi="http://www.w3.org/2001/XMLSchema-instance"
      xmlns="http://www.loc.gov/standards/alto/ns-v4#"
      xsi:schemaLocation="http://www.loc.gov/standards/alto/ns-v4# http://www.loc.gov/standards/alto/v4/alto-4-2.xsd">
  <Description>
    <MeasurementUnit>pixel</MeasurementUnit>
    <sourceImageInformation>
      <fileName>TwoIsmailiTreatises058.jpg</fileName>
      
    </sourceImageInformation>
  </Description>
  
  <Tags>
    <OtherTag ID="BT16074" LABEL="MarginTextZone:commentary" DESCRIPTION="block type MarginTextZone:commentary"/><OtherTag ID="BT16073" LABEL="MarginTextZone:note#1" DESCRIPTION="block type MarginTextZone:note#1"/><OtherTag ID="BT16072" LABEL="MainZone:column#2" DESCRIPTION="block type MainZone:column#2"/><OtherTag ID="BT16071" LABEL="MainZone:column#3" DESCRIPTION="block type MainZone:column#3"/><OtherTag ID="BT16070" LABEL="GraphicZone:illustration" DESCRIPTION="block type GraphicZone:illustration"/><OtherTag ID="BT16069" LABEL="MainZone:column#1" DESCRIPTION="block type MainZone:column#1"/><OtherTag ID="BT16068" LABEL="MarginTextZone:note#2" DESCRIPTION="block type MarginTextZone:note#2"/><OtherTag ID="BT16067" LABEL="CustomZone:publication" DESCRIPTION="block type CustomZone:publication"/><OtherTag ID="BT16066" LABEL="RunningTitleZone" DESCRIPTION="block type RunningTitleZone"/><OtherTag ID="BT16065" LABEL="NumberingZone" DESCRIPTION="block type NumberingZone"/><OtherTag ID="BT16064" LABEL="default" DESCRIPTION="block type default"/><OtherTag ID="BT16063" LABEL="TitlePageZone" DESCRIPTION="block type TitlePageZone"/><OtherTag ID="BT16062" LABEL="NumberingZone:other" DESCRIPTION="block type NumberingZone:other"/><OtherTag ID="BT16061" LABEL="QuireMarksZone:catchwords" DESCRIPTION="block type QuireMarksZone:catchwords"/><OtherTag ID="BT16060" LABEL="MainZone" DESCRIPTION="block type MainZone"/><OtherTag ID="BT16059" LABEL="NumberingZone:page" DESCRIPTION="block type NumberingZone:page"/><OtherTag ID="BT16058" LABEL="MarginTextZone:note" DESCRIPTION="block type MarginTextZone:note"/><OtherTag ID="BT16057" LABEL="DigitizationArtefactZone" DESCRIPTION="block type DigitizationArtefactZone"/><OtherTag ID="BT4" LABEL="Illustration" DESCRIPTION="block type Illustration"/><OtherTag ID="BT3" LABEL="Commentary" DESCRIPTION="block type Commentary"/><OtherTag ID="BT2" LABEL="Main" DESCRIPTION="block type Main"/><OtherTag ID="BT1" LABEL="Title" DESCRIPTION="block type Title"/>
    <OtherTag ID="LT4834" LABEL="DefaultLine" DESCRIPTION="line type DefaultLine"/><OtherTag ID="LT4835" LABEL="HeadingLine:title" DESCRIPTION="line type HeadingLine:title"/>
  </Tags>
  
  <Layout>
    <Page WIDTH="1464"
          HEIGHT="2151"
          PHYSICAL_IMG_NR="54"
          ID="eSc_dummypage_">
      <PrintSpace HPOS="0"
                  VPOS="0"
                  WIDTH="1464"
                  HEIGHT="2151">
        
        <TextBlock HPOS="244"
                   VPOS="229"
                   WIDTH="1110"
                   HEIGHT="1074"
                   ID="eSc_textblock_d57d59c8"
                   TAGREFS="BT16060">
          <Shape><Polygon POINTS="355 229 1333 236 1354 487 1333 743 1311 822 1275 846 1211 1095 1139 1147 1146 1303 509 1303 473 1288 457 1209 409 1209 471 1181 358 1166 301 1052 301 960 244 951 301 908 279 781 308 772 330 708 355 229"/></Shape>
          
          
          <TextLine ID="eSc_line_47326c16"
                    TAGREFS="LT4834"
                    BASELINE="355 301 1313 306" 
                    HPOS="353"
                    VPOS="240"
                    WIDTH="960"
                    HEIGHT="93">
            <Shape><Polygon POINTS="355 301 353 319 566 315 608 320 660 328 662 328 663 328 683 320 694 317 703 320 728 329 730 329 732 329 733 329 767 320 780 317 794 320 841 329 843 329 845 329 873 319 879 317 882 319 891 328 891 329 893 329 895 329 897 331 954 331 954 329 956 329 958 329 958 328 967 320 1038 328 1040 328 1042 328 1044 328 1044 326 1051 320 1065 331 1067 331 1069 331 1071 333 1148 333 1148 331 1150 331 1151 331 1151 329 1164 319 1205 328 1207 328 1311 317 1313 306 1311 267 1259 267 1257 265 1228 245 1227 245 1225 245 1223 245 1221 245 1182 263 1178 265 1175 263 1139 243 1137 243 1098 243 1096 243 1094 243 1092 243 1092 245 1080 256 1067 247 1065 247 1063 247 1062 247 1060 247 1022 261 1008 265 983 265 976 259 952 241 950 241 949 241 897 241 895 241 893 241 891 241 891 243 875 258 870 265 726 265 706 254 676 240 674 240 672 240 671 240 629 250 593 241 592 241 590 241 588 241 586 241 570 252 543 241 541 241 540 241 538 241 536 241 523 250 516 256 509 250 491 240 489 240 488 240 486 240 484 240 482 240 470 250 457 261 430 249 410 241 409 241 407 241 355 247 355 301"/></Shape>
	    <String CONTENT="باشد و هر که خلاف اين کند نه مرد شريعت باشد و نه مرد"
                    HPOS="353"
                    VPOS="240"
                    WIDTH="960"
                    HEIGHT="93"
                    WC="0.8972938439020743"></String>
          </TextLine>

          
          
          <TextLine ID="eSc_line_ba612ced"
                    TAGREFS="LT4834"
                    BASELINE="351 396 1307 390" 
                    HPOS="349"
                    VPOS="333"
                    WIDTH="958"
                    HEIGHT="97">
            <Shape><Polygon POINTS="351 396 351 410 387 423 389 423 391 423 392 423 394 423 409 410 410 410 448 410 450 410 488 430 489 430 491 430 565 415 606 430 608 430 610 430 611 430 667 408 671 408 674 408 706 417 708 417 710 417 712 417 742 408 744 408 746 408 780 428 782 428 784 430 900 430 900 428 1010 406 1015 406 1017 406 1047 421 1049 421 1051 421 1123 406 1124 406 1164 426 1166 426 1167 426 1306 405 1307 390 1306 362 1259 336 1257 336 1255 336 1254 336 1191 360 1085 360 1031 333 1029 333 1002 333 1001 333 999 333 997 333 997 335 970 360 968 363 907 363 902 360 882 349 880 349 879 349 877 349 875 349 862 360 861 362 854 360 818 351 816 351 814 351 812 351 780 360 773 362 771 360 760 351 758 351 757 351 755 351 753 351 751 351 751 353 742 360 740 363 708 363 705 360 690 347 690 345 688 345 687 345 685 345 683 345 681 345 662 360 658 363 653 360 620 336 618 336 617 336 615 336 613 336 563 360 532 336 531 336 529 336 380 336 378 336 376 336 374 336 349 353 351 396"/></Shape>
	    <String CONTENT="حقيقت است لمحد و بی دين باشد و حق تعالى همگنان"
                    HPOS="349"
                    VPOS="333"
                    WIDTH="958"
                    HEIGHT="97"
                    WC="0.8943045942679696"></String>
          </TextLine>

          
          
          <TextLine ID="eSc_line_6c130efd"
                    TAGREFS="LT4834"
                    BASELINE="344 509 1313 503" 
                    HPOS="342"
                    VPOS="442"
                    WIDTH="971"
                    HEIGHT="95">
            <Shape><Polygon POINTS="344 509 344 523 360 534 362 534 364 534 366 534 367 534 369 534 387 521 418 532 419 532 421 532 581 519 586 519 601 530 601 532 602 532 604 532 606 532 688 518 696 518 697 518 721 537 723 537 724 537 726 537 758 535 760 535 762 535 762 534 776 523 793 537 794 537 796 537 798 537 800 537 823 528 855 537 857 537 859 537 861 537 927 518 968 530 970 530 972 530 974 530 1004 521 1019 532 1020 532 1022 532 1024 532 1078 519 1130 535 1132 535 1133 537 1223 537 1223 535 1225 535 1227 535 1227 534 1246 518 1275 535 1277 535 1279 535 1281 535 1282 535 1284 535 1313 514 1313 503 1309 451 1264 442 1263 442 1261 442 1259 442 1259 444 1250 451 1234 469 1144 469 1132 455 1128 453 1128 451 1126 451 1124 451 1123 451 1096 457 1054 464 1033 457 990 442 988 442 986 442 984 442 983 442 983 444 968 458 947 451 945 451 943 451 941 451 940 451 940 453 931 460 920 471 843 471 814 467 810 462 793 446 793 444 791 444 789 444 758 444 757 444 755 444 753 444 753 446 733 464 671 444 669 444 667 444 557 446 556 446 554 446 554 448 531 469 520 462 518 462 516 462 514 462 513 462 511 462 498 471 496 471 452 448 450 448 396 446 394 446 392 446 342 471 344 509"/></Shape>
	    <String CONTENT="ته فسیق طاعت ظاهر و باطن ارزانی دارد و بر ابرحق"
                    HPOS="342"
                    VPOS="442"
                    WIDTH="971"
                    HEIGHT="95"
                    WC="0.938267930390987"></String>
          </TextLine>

          
          
          <TextLine ID="eSc_line_86dbb3b5"
                    TAGREFS="LT4834"
                    BASELINE="357 591 1304 602" 
                    HPOS="355"
                    VPOS="535"
                    WIDTH="949"
                    HEIGHT="99">
            <Shape><Polygon POINTS="357 591 355 621 378 625 380 625 382 625 383 625 387 621 405 607 450 621 457 623 459 623 461 623 462 623 464 623 466 621 488 607 529 607 541 621 543 621 543 623 545 623 547 623 593 627 595 627 597 627 613 620 642 609 697 620 703 620 705 620 717 620 828 611 841 618 859 630 861 630 862 630 864 630 866 630 915 618 929 614 932 618 949 630 950 630 952 630 997 632 999 632 1001 632 1035 618 1037 616 1037 618 1049 627 1049 629 1051 629 1053 629 1132 632 1133 632 1135 632 1153 623 1225 634 1227 634 1228 634 1302 614 1304 602 1302 568 1261 568 1259 566 1236 546 1234 546 1232 546 1230 546 1228 546 1227 546 1207 564 1203 568 1148 568 1132 562 1103 555 1101 555 1099 555 1098 555 1085 562 1080 564 1062 561 1029 555 1028 555 979 559 934 562 920 557 895 548 893 548 891 548 889 548 870 557 854 562 803 562 794 555 775 539 773 539 771 539 769 539 767 539 766 539 746 553 742 553 672 537 588 537 586 537 584 537 583 537 566 548 556 555 540 548 507 535 505 535 504 535 502 535 500 535 500 537 489 546 486 550 471 546 421 535 419 535 357 543 357 591"/></Shape>
	    <String CONTENT="تعالی و فرمان امام زبان و منابعت قرآن داخبار حضرت"
                    HPOS="355"
                    VPOS="535"
                    WIDTH="949"
                    HEIGHT="99"
                    WC="0.9234987592697144"></String>
          </TextLine>

          
          
          <TextLine ID="eSc_line_9eaad2a0"
                    TAGREFS="LT4834"
                    BASELINE="348 700 1304 704" 
                    HPOS="346"
                    VPOS="643"
                    WIDTH="958"
                    HEIGHT="90">
            <Shape><Polygon POINTS="348 700 346 715 364 725 366 725 367 725 369 725 371 725 400 711 565 711 566 711 575 720 577 720 579 720 581 720 618 713 635 727 635 729 636 729 638 729 640 731 685 731 685 729 687 729 688 729 714 711 715 711 742 711 760 711 773 711 794 729 796 729 798 729 800 729 801 729 821 720 884 731 886 731 974 713 984 722 984 724 986 724 988 724 990 724 1103 713 1124 731 1126 731 1128 731 1130 733 1232 733 1232 731 1234 731 1236 731 1261 715 1272 722 1273 722 1275 722 1277 722 1279 722 1302 711 1304 704 1302 672 1264 670 1230 647 1228 647 1227 647 1225 647 1133 666 1110 647 1108 647 1106 647 1105 647 1103 647 1101 647 1101 648 1078 668 1076 670 1067 668 1008 659 1006 659 1004 659 974 668 968 670 965 668 945 650 945 648 943 648 941 648 940 648 938 648 936 648 915 666 911 672 841 672 834 666 814 654 812 654 810 654 809 654 807 654 805 654 785 666 782 668 767 666 710 656 708 656 665 665 638 643 636 643 635 643 633 643 631 643 575 663 522 643 520 643 398 643 396 643 394 643 392 643 392 645 373 663 369 665 348 663 348 700"/></Shape>
	    <String CONTENT="رسول عليه السلام بداردوتايت قدم دارد و از دسوش"
                    HPOS="346"
                    VPOS="643"
                    WIDTH="958"
                    HEIGHT="90"
                    WC="0.9174637962942538"></String>
          </TextLine>

          
          
          <TextLine ID="eSc_line_7cbaa2ca"
                    TAGREFS="LT4834"
                    BASELINE="342 788 1306 792" 
                    HPOS="340"
                    VPOS="736"
                    WIDTH="966"
                    HEIGHT="97">
            <Shape><Polygon POINTS="342 788 340 812 360 822 362 822 364 822 366 822 367 822 367 820 380 810 382 806 500 803 529 808 566 817 568 817 570 817 572 817 572 815 581 808 588 803 642 803 658 808 719 829 721 829 723 829 816 826 818 826 843 812 875 831 877 831 879 831 880 833 972 833 972 831 974 831 976 831 1002 815 1031 822 1033 822 1035 822 1037 822 1038 822 1058 806 1087 829 1089 829 1090 829 1092 829 1142 820 1157 831 1159 831 1160 831 1162 831 1164 831 1166 831 1198 806 1243 817 1245 817 1246 817 1304 803 1306 792 1306 752 1289 745 1288 745 1286 745 1284 745 1268 754 1259 760 1196 760 1191 754 1178 743 1176 743 1175 743 1142 743 1141 743 1139 743 1119 754 1110 760 1010 760 1004 754 990 740 990 738 988 738 986 738 906 738 904 738 793 752 767 756 762 752 735 736 733 736 732 736 730 736 728 736 726 736 706 751 678 736 676 736 674 736 672 736 671 736 671 738 654 752 651 756 644 752 595 736 593 736 592 736 590 736 550 749 538 738 538 736 536 736 534 736 505 736 504 736 502 736 500 736 482 752 479 756 455 756 452 752 435 738 435 736 434 736 432 736 378 736 376 736 374 736 342 751 342 788"/></Shape>
	    <String CONTENT="شيطان و خورد ظلم ظالمان و بلای ناکبان دنه ای"
                    HPOS="340"
                    VPOS="736"
                    WIDTH="966"
                    HEIGHT="97"
                    WC="0.9354205375367944"></String>
          </TextLine>

          
          
          <TextLine ID="eSc_line_580bc66f"
                    TAGREFS="LT4834"
                    BASELINE="391 889 862 889" 
                    HPOS="391"
                    VPOS="820"
                    WIDTH="471"
                    HEIGHT="95">
            <Shape><Polygon POINTS="391 889 391 901 401 912 401 914 403 914 405 914 407 915 477 915 477 914 479 914 504 901 507 899 559 899 568 903 588 914 590 914 592 914 593 914 620 905 642 899 861 914 862 889 862 855 832 855 828 851 805 835 803 835 801 835 800 835 798 835 773 847 764 853 758 847 749 838 749 837 748 837 746 837 690 837 688 837 687 837 685 837 679 842 672 847 653 840 640 835 638 835 636 835 635 835 633 835 629 838 611 855 586 855 561 833 554 826 552 826 550 826 549 826 547 826 529 831 489 842 473 828 466 820 464 820 462 820 461 820 391 820 391 889"/></Shape>
	    <String CONTENT="بدارد يا صاحب العصر و الزمان"
                    HPOS="391"
                    VPOS="820"
                    WIDTH="471"
                    HEIGHT="95"
                    WC="0.9309186711907387"></String>
          </TextLine>

          
          
          <TextLine ID="eSc_line_b58f539d"
                    TAGREFS="LT4834"
                    BASELINE="1105 892 1257 894" 
                    HPOS="1103"
                    VPOS="855"
                    WIDTH="154"
                    HEIGHT="71">
            <Shape><Polygon POINTS="1103 917 1180 926 1182 926 1184 926 1185 926 1185 924 1198 914 1200 912 1255 912 1257 894 1257 871 1203 860 1202 860 1187 862 1159 869 1106 855 1105 892 1103 917"/></Shape>
	    <String CONTENT="اخر رما"
                    HPOS="1103"
                    VPOS="855"
                    WIDTH="154"
                    HEIGHT="71"
                    WC="0.8517559170722961"></String>
          </TextLine>

          
          
          <TextLine ID="eSc_line_923c3960"
                    TAGREFS="LT4834"
                    BASELINE="434 978 943 984" 
                    HPOS="432"
                    VPOS="901"
                    WIDTH="511"
                    HEIGHT="113">
            <Shape><Polygon POINTS="434 978 432 989 484 1005 486 1005 488 1005 610 994 620 994 624 994 669 1012 671 1012 672 1012 762 1005 818 1014 819 1014 821 1014 823 1014 837 1002 839 1000 845 1002 864 1007 866 1007 868 1007 870 1007 886 1003 909 996 938 1003 943 984 943 930 898 924 897 924 895 924 893 924 893 926 891 926 879 941 857 941 827 924 819 921 818 921 816 921 814 921 812 921 812 923 810 923 793 939 678 939 654 917 640 905 640 903 638 903 636 903 541 901 540 901 538 901 518 912 514 914 511 910 498 901 496 901 495 901 493 901 434 907 434 978"/></Shape>
	    <String CONTENT="العالمين برحمتك يا أرسم"
                    HPOS="432"
                    VPOS="901"
                    WIDTH="511"
                    HEIGHT="113"
                    WC="0.9388799866040548"></String>
          </TextLine>

          
          
          <TextLine ID="eSc_line_79553479"
                    TAGREFS="LT4834"
                    BASELINE="1049 984 1205 987" 
                    HPOS="1047"
                    VPOS="944"
                    WIDTH="158"
                    HEIGHT="93">
            <Shape><Polygon POINTS="1049 984 1047 1027 1141 1037 1142 1037 1144 1037 1203 1016 1205 987 1203 958 1126 944 1124 944 1049 953 1049 984"/></Shape>
	    <String CONTENT="اصناي"
                    HPOS="1047"
                    VPOS="944"
                    WIDTH="158"
                    HEIGHT="93"
                    WC="0.9185322523117065"></String>
          </TextLine>

          
          
          <TextLine ID="eSc_line_e845c6b4"
                    TAGREFS="LT4834"
                    BASELINE="654 1073 923 1073" 
                    HPOS="654"
                    VPOS="1014"
                    WIDTH="269"
                    HEIGHT="99">
            <Shape><Polygon POINTS="654 1073 654 1091 703 1093 726 1111 728 1111 730 1111 732 1113 870 1113 870 1111 871 1111 873 1111 893 1093 923 1091 923 1073 923 1034 906 1016 906 1014 904 1014 902 1014 836 1014 834 1014 832 1014 830 1014 796 1039 793 1043 760 1043 757 1039 724 1023 723 1023 721 1023 719 1023 717 1023 687 1041 685 1043 654 1043 654 1073"/></Shape>
	    <String CONTENT="الراحمين"
                    HPOS="654"
                    VPOS="1014"
                    WIDTH="269"
                    HEIGHT="99"
                    WC="0.9692490175366402"></String>
          </TextLine>

          
          
          <TextLine ID="eSc_line_b91fe2dd"
                    TAGREFS="LT4834"
                    BASELINE="749 1181 850 1177" 
                    HPOS="748"
                    VPOS="1148"
                    WIDTH="102"
                    HEIGHT="79">
            <Shape><Polygon POINTS="749 1181 749 1202 771 1224 771 1226 773 1226 775 1226 776 1227 798 1227 798 1226 800 1226 801 1226 850 1195 850 1177 845 1148 748 1150 749 1181"/></Shape>
	    <String CONTENT="ممام شد"
                    HPOS="748"
                    VPOS="1148"
                    WIDTH="102"
                    HEIGHT="79"
                    WC="0.8636915172849383"></String>
          </TextLine>

          
          
          <TextLine ID="eSc_line_9c703a77"
                    TAGREFS="LT4834"
                    BASELINE="468 1279 1114 1283" 
                    HPOS="466"
                    VPOS="1220"
                    WIDTH="648"
                    HEIGHT="102">
            <Shape><Polygon POINTS="468 1278 468 1279 466 1301 532 1303 574 1321 575 1321 577 1322 753 1322 753 1321 755 1321 757 1321 771 1310 778 1304 1110 1317 1114 1283 1112 1247 1087 1247 1087 1245 1063 1224 1063 1222 1062 1222 1060 1222 1058 1222 1056 1222 1017 1233 986 1222 984 1222 983 1222 981 1222 979 1222 979 1224 958 1245 956 1247 923 1247 922 1245 895 1222 893 1222 891 1222 854 1222 852 1222 850 1222 805 1243 800 1245 692 1245 690 1243 669 1222 669 1220 667 1220 665 1220 663 1220 662 1220 627 1231 606 1220 604 1220 538 1220 536 1220 534 1220 532 1220 507 1240 470 1240 468 1278"/></Shape>
	    <String CONTENT="رساله مطلوب المرودمنشين به تا پريخ ار"
                    HPOS="466"
                    VPOS="1220"
                    WIDTH="648"
                    HEIGHT="102"
                    WC="0.9236420634630564"></String>
          </TextLine>

          
        </TextBlock>
        
        <TextBlock HPOS="746"
                   VPOS="129"
                   WIDTH="156"
                   HEIGHT="77"
                   ID="eSc_textblock_b9bccff9"
                   TAGREFS="BT16059">
          <Shape><Polygon POINTS="803 129 888 143 902 191 760 206 746 150 803 129"/></Shape>
          
          
          <TextLine ID="eSc_line_57947739"
                    TAGREFS="LT4834"
                    BASELINE="782 179 852 182" 
                    HPOS="780"
                    VPOS="143"
                    WIDTH="72"
                    HEIGHT="59">
            <Shape><Polygon POINTS="782 179 780 198 848 202 852 182 850 143 782 145 782 179"/></Shape>
	    <String CONTENT=""
                    HPOS="780"
                    VPOS="143"
                    WIDTH="72"
                    HEIGHT="59"></String>
          </TextLine>

          
        </TextBlock>
        
        <TextBlock HPOS="617"
                   VPOS="1326"
                   WIDTH="385"
                   HEIGHT="63"
                   ID="eSc_textblock_91cc6e21"
                   TAGREFS="BT16060">
          <Shape><Polygon POINTS="620 1326 967 1326 967 1374 1002 1389 617 1382 810 1374 631 1367 760 1340 620 1326"/></Shape>
          
          
          <TextLine ID="eSc_line_4545ca3a"
                    TAGREFS="LT4834"
                    BASELINE="620 1378 947 1374" 
                    HPOS="618"
                    VPOS="1330"
                    WIDTH="329"
                    HEIGHT="87">
            <Shape><Polygon POINTS="798 1374 780 1374 762 1374 744 1373 726 1373 708 1374 690 1374 672 1374 654 1376 636 1376 618 1376 620 1378 620 1399 665 1399 667 1399 706 1417 708 1417 710 1417 712 1417 746 1405 778 1417 780 1417 782 1417 784 1417 785 1417 800 1408 880 1416 882 1416 884 1416 886 1416 886 1414 900 1399 947 1394 947 1374 945 1344 925 1330 923 1330 922 1330 830 1330 828 1330 827 1330 825 1330 809 1342 798 1374"/></Shape>
	    <String CONTENT="صغر المطقر"
                    HPOS="618"
                    VPOS="1330"
                    WIDTH="329"
                    HEIGHT="87"
                    WC="0.9183397769927979"></String>
          </TextLine>

          
        </TextBlock>
        
        <TextBlock HPOS="559"
                   VPOS="1326"
                   WIDTH="27"
                   HEIGHT="12"
                   ID="eSc_textblock_efce2d68"
                   TAGREFS="BT16060">
          <Shape><Polygon POINTS="575 1326 586 1338 559 1338 559 1333 575 1326"/></Shape>
          
        </TextBlock>
        

        
        <TextBlock ID="eSc_dummyblock_">
          
          
          <TextLine ID="eSc_line_48c0ee2d"
                    TAGREFS="LT4834"
                    BASELINE="231 774 297 779" 
                    HPOS="229"
                    VPOS="695"
                    WIDTH="68"
                    HEIGHT="109">
            <Shape><Polygon POINTS="231 774 229 788 294 804 297 779 297 704 263 708 236 695 231 774"/></Shape>
	    <String CONTENT=""
                    HPOS="229"
                    VPOS="695"
                    WIDTH="68"
                    HEIGHT="109"></String>
          </TextLine>

          
        </TextBlock>
        
      </PrintSpace>
    </Page>
  </Layout>
</alto>
