<?xml version="1.0" encoding="UTF-8"?>
<alto xmlns:xsi="http://www.w3.org/2001/XMLSchema-instance"
      xmlns="http://www.loc.gov/standards/alto/ns-v4#"
      xsi:schemaLocation="http://www.loc.gov/standards/alto/ns-v4# http://www.loc.gov/standards/alto/v4/alto-4-2.xsd">
  <Description>
    <MeasurementUnit>pixel</MeasurementUnit>
    <sourceImageInformation>
      <fileName>TwoIsmailiTreatises028.jpg</fileName>
      
    </sourceImageInformation>
  </Description>
  
  <Tags>
    <OtherTag ID="BT16074" LABEL="MarginTextZone:commentary" DESCRIPTION="block type MarginTextZone:commentary"/><OtherTag ID="BT16073" LABEL="MarginTextZone:note#1" DESCRIPTION="block type MarginTextZone:note#1"/><OtherTag ID="BT16072" LABEL="MainZone:column#2" DESCRIPTION="block type MainZone:column#2"/><OtherTag ID="BT16071" LABEL="MainZone:column#3" DESCRIPTION="block type MainZone:column#3"/><OtherTag ID="BT16070" LABEL="GraphicZone:illustration" DESCRIPTION="block type GraphicZone:illustration"/><OtherTag ID="BT16069" LABEL="MainZone:column#1" DESCRIPTION="block type MainZone:column#1"/><OtherTag ID="BT16068" LABEL="MarginTextZone:note#2" DESCRIPTION="block type MarginTextZone:note#2"/><OtherTag ID="BT16067" LABEL="CustomZone:publication" DESCRIPTION="block type CustomZone:publication"/><OtherTag ID="BT16066" LABEL="RunningTitleZone" DESCRIPTION="block type RunningTitleZone"/><OtherTag ID="BT16065" LABEL="NumberingZone" DESCRIPTION="block type NumberingZone"/><OtherTag ID="BT16064" LABEL="default" DESCRIPTION="block type default"/><OtherTag ID="BT16063" LABEL="TitlePageZone" DESCRIPTION="block type TitlePageZone"/><OtherTag ID="BT16062" LABEL="NumberingZone:other" DESCRIPTION="block type NumberingZone:other"/><OtherTag ID="BT16061" LABEL="QuireMarksZone:catchwords" DESCRIPTION="block type QuireMarksZone:catchwords"/><OtherTag ID="BT16060" LABEL="MainZone" DESCRIPTION="block type MainZone"/><OtherTag ID="BT16059" LABEL="NumberingZone:page" DESCRIPTION="block type NumberingZone:page"/><OtherTag ID="BT16058" LABEL="MarginTextZone:note" DESCRIPTION="block type MarginTextZone:note"/><OtherTag ID="BT16057" LABEL="DigitizationArtefactZone" DESCRIPTION="block type DigitizationArtefactZone"/><OtherTag ID="BT4" LABEL="Illustration" DESCRIPTION="block type Illustration"/><OtherTag ID="BT3" LABEL="Commentary" DESCRIPTION="block type Commentary"/><OtherTag ID="BT2" LABEL="Main" DESCRIPTION="block type Main"/><OtherTag ID="BT1" LABEL="Title" DESCRIPTION="block type Title"/>
    <OtherTag ID="LT4834" LABEL="DefaultLine" DESCRIPTION="line type DefaultLine"/><OtherTag ID="LT4835" LABEL="HeadingLine:title" DESCRIPTION="line type HeadingLine:title"/>
  </Tags>
  
  <Layout>
    <Page WIDTH="1267"
          HEIGHT="2114"
          PHYSICAL_IMG_NR="24"
          ID="eSc_dummypage_">
      <PrintSpace HPOS="0"
                  VPOS="0"
                  WIDTH="1267"
                  HEIGHT="2114">
        
        <TextBlock HPOS="239"
                   VPOS="225"
                   WIDTH="971"
                   HEIGHT="1675"
                   ID="eSc_textblock_bc4bf6e5"
                   TAGREFS="BT16060">
          <Shape><Polygon POINTS="274 225 1196 246 1210 1400 1189 1865 1161 1893 669 1900 253 1872 239 443 246 288 274 225"/></Shape>
          
          
          <TextLine ID="eSc_line_a84b8783"
                    TAGREFS="LT4834"
                    BASELINE="255 317 1166 308" 
                    HPOS="253"
                    VPOS="248"
                    WIDTH="913"
                    HEIGHT="104">
            <Shape><Polygon POINTS="255 317 255 331 310 350 311 350 313 352 408 352 408 350 410 350 412 350 412 348 428 334 456 348 458 348 459 348 495 347 496 347 498 347 521 329 553 341 555 341 556 341 629 332 643 343 643 345 644 345 646 345 648 345 650 345 652 345 664 336 674 347 676 347 678 347 680 348 750 348 750 347 752 347 754 347 754 345 771 325 852 325 854 325 882 345 884 345 886 345 888 345 889 345 891 345 914 325 930 325 951 343 951 345 953 345 955 345 956 347 983 347 983 345 985 345 1039 324 1041 324 1044 324 1117 334 1118 334 1120 334 1166 322 1166 308 1164 273 1124 255 1122 255 1120 255 1118 255 1117 255 1089 273 948 273 928 258 926 258 925 258 923 258 921 258 919 258 900 274 866 274 842 250 842 248 840 248 838 248 817 248 815 248 814 248 812 248 789 264 667 250 666 250 664 250 662 250 627 274 590 269 572 253 572 251 570 251 569 251 523 251 521 251 519 251 518 251 518 253 505 262 493 253 491 253 489 253 488 253 486 253 463 264 437 251 435 251 433 251 431 251 401 266 387 258 385 258 384 258 253 280 255 317"/></Shape>
	    <String CONTENT="درآيد در اين باب دليل بايد گرفت و شعرها به تأويل بايد خوا"
                    HPOS="253"
                    VPOS="248"
                    WIDTH="913"
                    HEIGHT="104"
                    WC="0.8921687350434772"></String>
          </TextLine>

          
          
          <TextLine ID="eSc_line_4cda3787"
                    TAGREFS="LT4834"
                    BASELINE="251 415 1164 406" 
                    HPOS="250"
                    VPOS="352"
                    WIDTH="914"
                    HEIGHT="100">
            <Shape><Polygon POINTS="251 415 251 429 269 442 271 442 273 442 274 442 306 436 333 449 334 449 336 449 437 426 502 440 503 440 505 440 528 429 572 452 574 452 576 452 577 452 579 452 599 436 620 445 622 445 623 445 625 445 653 436 669 450 669 452 671 452 673 452 674 452 676 452 713 442 796 452 798 452 824 450 826 450 828 450 828 449 858 422 907 440 909 440 911 440 912 440 969 424 1002 435 1004 435 1006 435 1007 435 1037 426 1060 447 1060 449 1062 449 1064 449 1066 450 1083 450 1083 449 1085 449 1087 449 1087 447 1115 419 1164 417 1164 406 1161 375 1052 352 1050 352 1048 352 1046 352 1046 354 1030 369 953 375 928 359 926 359 925 359 923 359 921 359 919 359 919 361 902 376 865 376 831 354 829 354 828 354 798 354 796 354 757 355 755 355 754 355 727 375 701 362 699 362 697 362 646 373 595 357 593 357 592 357 590 357 588 357 588 359 569 378 544 364 542 364 540 364 539 364 537 364 518 380 470 380 444 357 442 357 440 357 438 357 437 357 435 357 405 382 373 382 350 361 350 359 348 359 347 359 296 359 294 359 292 359 290 359 290 361 269 382 250 382 251 415"/></Shape>
	    <String CONTENT="تا نظر رحمت خداوند عالم تو نسیق ارزانی دارد و نمسته و کرمه"
                    HPOS="250"
                    VPOS="352"
                    WIDTH="914"
                    HEIGHT="100"
                    WC="0.8838384197703724"></String>
          </TextLine>

          
          
          <TextLine ID="eSc_line_dbf2663c"
                    TAGREFS="LT4834"
                    BASELINE="592 514 1164 507" 
                    HPOS="590"
                    VPOS="449"
                    WIDTH="574"
                    HEIGHT="91">
            <Shape><Polygon POINTS="592 514 592 532 614 540 616 540 618 540 620 540 646 532 650 530 655 532 678 540 680 540 681 540 733 530 743 528 745 530 755 539 757 539 759 539 761 540 812 540 812 539 814 539 842 528 844 528 872 539 874 539 875 539 877 539 903 528 983 537 985 537 986 537 1016 526 1020 524 1023 526 1046 535 1048 535 1050 535 1163 523 1164 507 1161 477 1131 477 1117 463 1117 461 1115 461 1113 461 1111 461 1110 461 1108 461 1089 475 1044 466 1043 466 967 477 928 449 926 449 925 449 875 449 874 449 801 458 800 458 798 458 777 475 734 450 733 450 731 450 590 482 592 514"/></Shape>
	    <String CONTENT="وهو حسبنا مولانا والسلام"
                    HPOS="590"
                    VPOS="449"
                    WIDTH="574"
                    HEIGHT="91"
                    WC="0.9492448767026266"></String>
          </TextLine>

          
          
          <TextLine ID="eSc_line_c0e91d2e"
                    TAGREFS="LT4834"
                    BASELINE="255 604 743 613 1108 598" 
                    HPOS="253"
                    VPOS="532"
                    WIDTH="855"
                    HEIGHT="109">
            <Shape><Polygon POINTS="255 604 255 628 276 639 278 639 280 641 336 641 336 639 338 639 340 639 352 630 361 637 361 639 363 639 364 639 366 641 419 641 419 639 421 639 422 639 422 637 438 625 440 621 445 625 472 637 474 637 475 637 565 623 599 634 600 634 602 634 604 634 637 621 648 618 655 621 689 639 690 639 692 639 694 639 696 639 710 630 734 639 736 639 738 639 740 639 741 639 754 628 794 639 796 639 798 639 800 639 801 639 829 620 831 618 838 620 907 634 909 634 1106 614 1108 598 1106 553 1069 532 1067 532 1066 532 1064 532 1020 551 962 577 903 577 866 549 865 549 863 549 861 549 803 556 787 546 784 542 782 542 780 542 778 542 777 542 775 542 771 546 736 572 623 576 590 563 588 563 586 563 585 563 562 576 540 565 539 565 537 565 535 565 512 576 493 561 491 561 489 561 488 561 486 561 447 572 414 551 412 551 410 551 408 551 377 554 357 535 355 535 355 533 354 533 352 533 253 533 255 604"/></Shape>
	    <String CONTENT="با جهارم در باز نمودن عالم جبمانى و چرك"
                    HPOS="253"
                    VPOS="532"
                    WIDTH="855"
                    HEIGHT="109"
                    WC="0.9393747846285502"></String>
          </TextLine>

          
          
          <TextLine ID="eSc_line_84974fae"
                    TAGREFS="LT4834"
                    BASELINE="255 704 1168 704" 
                    HPOS="255"
                    VPOS="641"
                    WIDTH="913"
                    HEIGHT="97">
            <Shape><Polygon POINTS="255 704 255 716 347 731 348 731 350 731 396 718 459 727 461 727 463 727 481 720 511 736 512 736 514 736 516 736 569 718 657 736 659 736 660 736 662 736 689 718 731 736 733 736 734 736 736 736 784 722 798 734 798 736 800 736 801 736 803 738 944 738 944 736 946 736 976 722 1016 736 1018 736 1020 736 1022 736 1023 736 1023 734 1039 718 1071 736 1073 736 1074 736 1076 736 1078 736 1078 734 1092 722 1108 729 1110 729 1111 729 1113 729 1115 729 1127 718 1168 718 1168 704 1164 643 1120 662 1103 646 1103 644 1101 644 1099 644 1097 644 1094 644 1044 650 1029 646 1009 641 1007 641 1006 641 1004 641 1002 641 995 646 967 665 833 665 800 651 771 641 770 641 768 641 766 641 734 653 704 664 630 655 590 651 588 651 586 651 570 657 553 664 544 658 518 641 516 641 514 641 468 641 466 641 465 641 417 660 412 664 408 662 384 641 382 641 380 641 333 641 331 641 329 641 327 641 327 643 313 657 301 650 299 650 297 650 296 650 255 664 255 704"/></Shape>
	    <String CONTENT="آن چنين که اين عالم از مرگز خاک تا اوح فلک الا فلاک"
                    HPOS="255"
                    VPOS="641"
                    WIDTH="913"
                    HEIGHT="97"
                    WC="0.8913690344645426"></String>
          </TextLine>

          
          
          <TextLine ID="eSc_line_db9533b1"
                    TAGREFS="LT4834"
                    BASELINE="259 801 1164 794" 
                    HPOS="257"
                    VPOS="725"
                    WIDTH="907"
                    HEIGHT="106">
            <Shape><Polygon POINTS="259 801 260 831 304 813 391 812 444 826 445 826 447 826 537 810 555 826 555 827 556 827 558 827 560 827 745 826 747 826 748 826 752 822 771 808 810 808 912 820 923 820 925 820 926 820 930 820 969 806 981 819 986 822 986 824 988 824 990 824 992 826 1029 826 1029 824 1030 824 1032 824 1032 822 1037 819 1052 806 1111 810 1120 817 1131 824 1133 824 1134 824 1136 824 1138 824 1164 815 1164 794 1157 729 1113 743 1085 729 1076 725 1074 725 1073 725 1071 725 1069 725 1064 729 1025 753 992 741 990 741 988 741 986 741 932 762 905 762 875 732 872 729 872 727 870 727 868 727 866 727 865 727 863 727 858 732 824 755 787 761 710 752 708 752 706 752 687 759 660 734 655 731 655 729 653 729 652 729 597 729 595 729 593 729 592 729 592 731 586 734 563 759 539 762 488 743 486 743 484 743 482 743 481 743 481 745 459 766 438 766 412 745 410 745 408 745 407 745 405 745 403 745 382 759 354 738 345 731 343 731 341 731 340 731 257 738 259 801"/></Shape>
	    <String CONTENT="يک شخص است و هيک قرت نور آلهی استاده است اما"
                    HPOS="257"
                    VPOS="725"
                    WIDTH="907"
                    HEIGHT="106"
                    WC="0.9199602531062232"></String>
          </TextLine>

          
          
          <TextLine ID="eSc_line_863cee1f"
                    TAGREFS="LT4834"
                    BASELINE="257 893 1164 889" 
                    HPOS="255"
                    VPOS="836"
                    WIDTH="909"
                    HEIGHT="88">
            <Shape><Polygon POINTS="257 893 257 909 285 923 287 923 288 923 355 914 463 923 465 923 466 923 468 923 482 912 558 923 560 923 562 923 597 909 614 923 616 923 618 923 620 924 674 924 674 923 676 923 724 907 727 907 729 907 763 917 764 917 766 917 861 907 868 907 872 907 912 919 914 919 916 919 1163 905 1164 889 1163 850 1154 842 1154 840 1152 840 1150 840 1148 840 1147 840 1118 850 1103 857 1094 850 1085 843 1083 843 1081 843 995 838 993 838 992 838 990 838 972 849 960 857 935 849 912 842 911 842 909 842 907 842 889 849 863 857 817 847 810 847 808 847 807 847 805 847 784 857 761 847 754 843 752 843 750 843 748 843 747 843 743 847 729 857 680 847 678 847 622 859 607 845 599 838 599 836 597 836 595 836 555 836 553 836 551 836 549 836 540 843 525 859 512 850 511 850 509 850 507 850 505 850 503 850 491 861 403 861 378 842 371 836 370 836 368 836 366 836 255 840 257 893"/></Shape>
	    <String CONTENT="صورت متفادت است و مینمايد مثلا همان قوت که دراهما"
                    HPOS="255"
                    VPOS="836"
                    WIDTH="909"
                    HEIGHT="88"
                    WC="0.9402227413897611"></String>
          </TextLine>

          
          
          <TextLine ID="eSc_line_0a40e69c"
                    TAGREFS="LT4834"
                    BASELINE="253 995 1163 986" 
                    HPOS="251"
                    VPOS="919"
                    WIDTH="912"
                    HEIGHT="104">
            <Shape><Polygon POINTS="253 995 253 1007 273 1021 274 1021 276 1021 278 1021 280 1021 315 1007 347 1021 348 1021 350 1023 410 1023 410 1021 412 1021 452 1004 634 1007 644 1018 646 1018 648 1018 650 1020 718 1020 718 1018 720 1018 722 1018 722 1016 736 1005 796 1018 798 1018 939 1004 979 1011 981 1011 983 1011 985 1011 1002 998 1094 998 1124 1014 1126 1014 1127 1014 1129 1014 1163 995 1163 986 1157 919 1101 928 1039 923 1002 921 1000 921 999 921 997 921 997 923 993 926 965 953 925 953 903 933 902 933 900 933 898 933 896 933 837 949 785 944 784 944 782 944 752 953 733 944 731 944 729 944 643 953 625 940 622 938 620 938 618 938 616 938 614 938 613 938 613 940 611 940 611 942 602 953 556 953 546 944 523 926 521 926 519 926 431 926 429 926 428 926 426 926 394 949 380 942 378 942 377 942 375 942 373 942 373 944 364 953 363 954 331 954 324 954 296 938 294 938 292 938 290 938 288 938 288 940 271 956 269 958 251 958 253 995"/></Shape>
	    <String CONTENT="حرکت می کند در زيين هم همان قوت است که سا کن می مسايد"
                    HPOS="251"
                    VPOS="919"
                    WIDTH="912"
                    HEIGHT="104"
                    WC="0.8971484922013193"></String>
          </TextLine>

          
          
          <TextLine ID="eSc_line_d8023f91"
                    TAGREFS="LT4834"
                    BASELINE="260 1085 1168 1085" 
                    HPOS="260"
                    VPOS="1014"
                    WIDTH="908"
                    HEIGHT="97">
            <Shape><Polygon POINTS="260 1085 260 1102 828 1111 829 1111 831 1111 833 1111 833 1109 842 1101 844 1101 942 1101 944 1101 962 1109 963 1109 965 1109 1015 1101 1027 1111 1029 1111 1030 1111 1032 1111 1034 1111 1036 1111 1036 1109 1046 1101 1089 1101 1104 1111 1106 1111 1108 1111 1110 1111 1111 1111 1113 1111 1113 1109 1124 1101 1168 1101 1168 1085 1168 1025 1150 1014 1148 1014 1147 1014 1052 1014 1050 1014 1048 1014 1046 1014 1027 1028 997 1048 969 1048 940 1028 923 1014 921 1014 919 1014 918 1014 916 1014 914 1014 903 1023 863 1021 861 1021 859 1021 858 1021 851 1028 822 1048 666 1048 637 1032 636 1032 634 1032 632 1032 630 1032 611 1048 509 1048 486 1027 481 1023 481 1021 479 1021 477 1021 417 1014 415 1014 414 1014 384 1023 274 1014 273 1014 271 1014 269 1014 260 1020 260 1085"/></Shape>
	    <String CONTENT="اما به حکم صورت که تقدير آسمان نهادهاند و در آفرينش آسمان"
                    HPOS="260"
                    VPOS="1014"
                    WIDTH="908"
                    HEIGHT="97"
                    WC="0.8876651232441266"></String>
          </TextLine>

          
          
          <TextLine ID="eSc_line_210f7beb"
                    TAGREFS="LT4834"
                    BASELINE="257 1178 1159 1175" 
                    HPOS="255"
                    VPOS="1116"
                    WIDTH="904"
                    HEIGHT="94">
            <Shape><Polygon POINTS="257 1178 257 1194 401 1194 405 1194 429 1208 431 1208 433 1210 511 1210 511 1208 512 1208 544 1196 570 1208 572 1208 574 1208 576 1208 597 1199 678 1208 680 1208 681 1208 708 1199 785 1206 787 1206 789 1206 791 1206 791 1204 803 1192 805 1192 817 1192 944 1203 946 1203 948 1203 969 1196 983 1206 985 1206 986 1206 988 1206 1157 1190 1159 1175 1157 1132 1115 1120 1113 1120 1111 1120 1110 1120 1081 1130 1071 1120 1069 1120 1067 1120 1066 1120 1064 1120 1030 1134 1020 1138 1015 1134 990 1116 988 1116 986 1116 985 1116 983 1116 981 1116 951 1134 942 1139 919 1136 893 1130 891 1130 889 1130 888 1130 882 1136 877 1141 759 1141 755 1138 733 1116 731 1116 729 1116 706 1116 704 1116 676 1120 674 1120 673 1120 673 1122 655 1139 652 1143 565 1143 563 1139 553 1130 553 1129 551 1129 549 1129 548 1129 498 1136 438 1118 437 1118 435 1118 377 1127 324 1118 322 1118 320 1118 255 1141 257 1178"/></Shape>
	    <String CONTENT="صورت حرکت دارد و زمين ساکن است و يمان قوت که در"
                    HPOS="255"
                    VPOS="1116"
                    WIDTH="904"
                    HEIGHT="94"
                    WC="0.91355588334672"></String>
          </TextLine>

          
          
          <TextLine ID="eSc_line_c7f3fba3"
                    TAGREFS="LT4834"
                    BASELINE="257 1271 1163 1275" 
                    HPOS="255"
                    VPOS="1215"
                    WIDTH="908"
                    HEIGHT="88">
            <Shape><Polygon POINTS="257 1271 255 1282 329 1287 341 1300 341 1301 343 1301 345 1301 347 1301 472 1289 530 1301 532 1301 533 1301 555 1294 711 1303 713 1303 775 1289 828 1303 829 1303 831 1303 833 1303 835 1303 854 1287 879 1303 881 1303 882 1303 884 1303 886 1303 926 1287 1161 1287 1163 1275 1161 1241 1110 1238 1097 1226 1097 1224 1096 1224 1094 1224 1092 1224 1090 1224 1060 1240 1052 1245 1018 1245 1009 1240 946 1217 944 1217 844 1217 842 1217 840 1217 838 1217 838 1219 815 1240 814 1241 808 1240 785 1226 784 1226 782 1226 780 1226 778 1226 745 1240 731 1245 625 1245 613 1240 577 1227 576 1227 574 1227 572 1227 570 1227 555 1240 553 1241 542 1240 500 1231 498 1231 496 1231 477 1240 470 1243 466 1240 444 1217 444 1215 442 1215 440 1215 385 1215 384 1215 382 1215 318 1240 311 1241 308 1240 280 1220 278 1220 276 1220 274 1220 273 1220 271 1220 271 1222 257 1234 257 1271"/></Shape>
	    <String CONTENT="آفتاب و ماه و گواکب مينمايد پمان قوت در سنگ سياه"
                    HPOS="255"
                    VPOS="1215"
                    WIDTH="908"
                    HEIGHT="88"
                    WC="0.9411106170440207"></String>
          </TextLine>

          
          
          <TextLine ID="eSc_line_b68ac13e"
                    TAGREFS="LT4834"
                    BASELINE="255 1367 1161 1370" 
                    HPOS="253"
                    VPOS="1310"
                    WIDTH="908"
                    HEIGHT="92">
            <Shape><Polygon POINTS="255 1367 253 1379 281 1381 297 1397 297 1398 299 1398 301 1398 303 1400 354 1400 354 1398 355 1398 357 1398 357 1397 373 1382 398 1391 400 1391 401 1391 523 1382 525 1382 544 1397 546 1397 548 1397 549 1397 551 1397 585 1386 650 1397 652 1397 653 1397 676 1386 706 1400 708 1400 710 1402 874 1402 874 1400 875 1400 877 1400 877 1398 889 1388 911 1400 912 1400 914 1400 916 1400 918 1400 946 1386 1157 1386 1161 1370 1159 1317 1103 1312 1101 1312 1099 1312 1083 1317 1055 1326 1044 1317 1044 1315 1043 1315 1041 1315 1039 1315 1037 1315 1036 1315 1036 1317 1013 1333 962 1317 956 1315 955 1315 953 1315 951 1315 949 1315 948 1317 919 1333 900 1324 898 1324 896 1324 895 1324 870 1333 838 1324 837 1324 835 1324 833 1324 810 1333 796 1324 794 1324 792 1324 791 1324 789 1324 787 1324 771 1333 667 1333 659 1324 659 1323 657 1323 655 1323 653 1323 602 1331 586 1319 585 1319 583 1319 581 1319 579 1319 539 1330 525 1317 521 1314 519 1314 518 1314 516 1314 514 1314 498 1317 444 1331 403 1328 391 1317 380 1310 378 1310 377 1310 375 1310 255 1317 255 1367"/></Shape>
	    <String CONTENT="و ظلمت است آماديدن لازم است و جمله مقابلات را هم قياش"
                    HPOS="253"
                    VPOS="1310"
                    WIDTH="908"
                    HEIGHT="92"
                    WC="0.9506981836424934"></String>
          </TextLine>

          
          
          <TextLine ID="eSc_line_77e0c57b"
                    TAGREFS="LT4834"
                    BASELINE="262 1465 965 1470 1154 1460" 
                    HPOS="260"
                    VPOS="1397"
                    WIDTH="894"
                    HEIGHT="103">
            <Shape><Polygon POINTS="262 1465 260 1483 299 1499 301 1499 303 1499 382 1483 452 1483 484 1497 486 1497 488 1497 489 1497 533 1483 556 1499 558 1499 560 1499 622 1500 623 1500 625 1500 648 1492 733 1500 734 1500 736 1500 777 1486 808 1500 810 1500 812 1500 875 1492 921 1500 923 1500 925 1500 926 1500 926 1499 944 1485 1055 1500 1057 1500 1152 1483 1154 1460 1148 1412 1090 1425 1074 1412 1053 1398 1052 1398 1050 1398 1013 1398 1011 1398 1009 1398 1007 1398 1007 1400 992 1414 976 1432 956 1432 935 1416 912 1398 911 1398 909 1398 874 1398 872 1398 870 1398 868 1398 840 1418 819 1432 787 1432 775 1419 766 1412 766 1411 764 1411 763 1411 761 1411 759 1411 757 1411 757 1412 748 1419 740 1428 646 1430 632 1421 593 1397 592 1397 590 1397 542 1397 540 1397 539 1397 537 1397 537 1398 509 1425 503 1430 472 1430 465 1425 417 1397 415 1397 414 1397 354 1397 352 1397 350 1397 348 1397 348 1398 318 1428 262 1428 262 1465"/></Shape>
	    <String CONTENT="ميبايد كرد پس گويند چنين نور الهی نخست از افلاک بوا"
                    HPOS="260"
                    VPOS="1397"
                    WIDTH="894"
                    HEIGHT="103"
                    WC="0.880177625838448"></String>
          </TextLine>

          
          
          <TextLine ID="eSc_line_233a907b"
                    TAGREFS="LT4834"
                    BASELINE="486 1564 1164 1555" 
                    HPOS="484"
                    VPOS="1495"
                    WIDTH="680"
                    HEIGHT="95">
            <Shape><Polygon POINTS="486 1564 486 1581 660 1590 662 1590 664 1590 666 1590 676 1580 678 1580 729 1590 731 1590 808 1578 810 1578 821 1587 821 1589 822 1589 824 1589 826 1590 891 1590 891 1589 893 1589 932 1578 1090 1585 1092 1585 1094 1585 1096 1585 1110 1574 1136 1583 1138 1583 1140 1583 1141 1583 1164 1573 1164 1555 1161 1495 1110 1495 1108 1495 1106 1495 1104 1495 1104 1497 1103 1497 1074 1525 1022 1525 1006 1511 1006 1509 1004 1509 1002 1509 1000 1509 999 1509 976 1520 939 1507 937 1507 935 1507 933 1507 932 1507 903 1527 817 1527 789 1515 757 1499 755 1499 754 1499 752 1499 703 1515 667 1506 666 1506 664 1506 662 1506 660 1506 643 1522 641 1523 620 1523 618 1523 604 1509 604 1507 602 1507 600 1507 599 1507 597 1507 595 1507 595 1509 577 1525 574 1529 555 1527 507 1520 505 1520 503 1520 484 1527 486 1564"/></Shape>
	    <String CONTENT="کواکب بر زيين متابد و از مرگز زيين می برآيد"
                    HPOS="484"
                    VPOS="1495"
                    WIDTH="680"
                    HEIGHT="95"
                    WC="0.9132280024615201"></String>
          </TextLine>

          
          
          <TextLine ID="eSc_line_1f57768c"
                    TAGREFS="LT4834"
                    BASELINE="253 1650 1029 1654" 
                    HPOS="251"
                    VPOS="1589"
                    WIDTH="778"
                    HEIGHT="95">
            <Shape><Polygon POINTS="253 1650 251 1663 310 1682 311 1682 313 1682 315 1682 340 1668 426 1664 456 1682 458 1682 459 1682 461 1684 636 1684 636 1682 637 1682 639 1682 657 1668 671 1675 673 1675 674 1675 676 1675 704 1666 722 1680 724 1680 726 1680 727 1680 729 1680 761 1666 829 1675 831 1675 833 1675 856 1666 884 1677 886 1677 888 1677 976 1666 1006 1680 1007 1680 1009 1680 1011 1680 1013 1680 1027 1666 1029 1654 1029 1596 995 1590 993 1590 992 1590 978 1596 965 1601 956 1596 951 1592 949 1592 948 1592 946 1592 944 1592 942 1592 939 1596 916 1615 898 1615 881 1597 875 1592 875 1590 874 1590 872 1590 870 1590 868 1590 866 1590 866 1592 859 1597 854 1603 840 1597 817 1590 815 1590 814 1590 812 1590 796 1597 777 1608 757 1599 750 1596 748 1596 747 1596 745 1596 743 1596 740 1599 720 1613 558 1613 548 1601 542 1597 542 1596 540 1596 539 1596 537 1596 535 1596 514 1603 511 1603 509 1603 491 1589 489 1589 488 1589 347 1589 345 1589 343 1589 341 1589 317 1604 304 1611 253 1606 253 1650"/></Shape>
	    <String CONTENT="و آسمانها را آبا خوانند و چهار طبايع امهات گويند"
                    HPOS="251"
                    VPOS="1589"
                    WIDTH="778"
                    HEIGHT="95"
                    WC="0.8945039671659469"></String>
          </TextLine>

          
          
          <TextLine ID="eSc_line_7230d0aa"
                    TAGREFS="LT4834"
                    BASELINE="262 1758 1170 1752" 
                    HPOS="260"
                    VPOS="1694"
                    WIDTH="910"
                    HEIGHT="85">
            <Shape><Polygon POINTS="262 1758 262 1768 412 1779 414 1779 481 1768 509 1779 511 1779 512 1779 514 1779 537 1768 558 1779 560 1779 562 1779 662 1766 669 1766 678 1766 851 1777 852 1777 854 1777 856 1777 874 1765 881 1765 976 1775 978 1775 979 1775 1006 1765 1018 1775 1020 1775 1022 1775 1023 1775 1083 1765 1147 1773 1148 1773 1150 1773 1170 1763 1170 1752 1166 1714 1076 1701 1074 1701 993 1712 956 1694 955 1694 953 1694 951 1694 900 1712 792 1696 791 1696 789 1696 787 1696 787 1698 775 1710 718 1714 708 1714 704 1714 643 1696 641 1696 639 1696 637 1696 636 1696 636 1698 618 1714 618 1715 597 1715 595 1714 567 1696 565 1696 563 1696 562 1696 507 1698 505 1698 503 1698 484 1714 481 1715 474 1714 389 1698 387 1698 260 1714 262 1758"/></Shape>
	    <String CONTENT="و معادن و نباتات و حيوانات را مواليد گته اندوايشان نه"
                    HPOS="260"
                    VPOS="1694"
                    WIDTH="910"
                    HEIGHT="85"
                    WC="0.9054925531711219"></String>
          </TextLine>

          
          
          <TextLine ID="eSc_line_2c2b144d"
                    TAGREFS="LT4834"
                    BASELINE="274 1853 1161 1853" 
                    HPOS="274"
                    VPOS="1795"
                    WIDTH="887"
                    HEIGHT="98">
            <Shape><Polygon POINTS="274 1853 276 1892 334 1877 428 1892 429 1892 489 1881 503 1892 505 1892 507 1892 509 1892 511 1892 563 1877 644 1877 667 1892 669 1892 671 1892 673 1892 681 1892 801 1890 803 1890 805 1890 817 1881 828 1892 829 1892 831 1892 833 1893 956 1893 956 1892 958 1892 960 1892 974 1881 997 1892 999 1892 1000 1892 1002 1892 1041 1877 1113 1877 1129 1890 1129 1892 1131 1892 1133 1892 1134 1893 1161 1893 1161 1853 1161 1807 1117 1795 1115 1795 1113 1795 919 1807 903 1796 902 1796 900 1796 898 1796 842 1803 815 1795 814 1795 812 1795 810 1795 778 1809 704 1809 664 1795 662 1795 660 1795 537 1807 518 1795 516 1795 514 1795 512 1795 445 1807 403 1795 401 1795 400 1795 274 1807 274 1853"/></Shape>
	    <String CONTENT="پدراند در زين و بروى زمين چون حيوانات از مورچه تا به مردم"
                    HPOS="274"
                    VPOS="1795"
                    WIDTH="887"
                    HEIGHT="98"
                    WC="0.8929405907789866"></String>
          </TextLine>

          
        </TextBlock>
        
        <TextBlock HPOS="620"
                   VPOS="133"
                   WIDTH="146"
                   HEIGHT="90"
                   ID="eSc_textblock_e064e1eb"
                   TAGREFS="BT16059">
          <Shape><Polygon POINTS="676 133 752 140 766 209 634 223 620 176 676 133"/></Shape>
          
          
          <TextLine ID="eSc_line_0e3a32f3"
                    TAGREFS="LT4834"
                    BASELINE="655 195 726 195" 
                    HPOS="655"
                    VPOS="153"
                    WIDTH="71"
                    HEIGHT="61">
            <Shape><Polygon POINTS="655 195 655 213 724 214 726 195 724 153 655 156 655 195"/></Shape>
	    <String CONTENT=""
                    HPOS="655"
                    VPOS="153"
                    WIDTH="71"
                    HEIGHT="61"></String>
          </TextLine>

          
        </TextBlock>
        
        <TextBlock HPOS="183"
                   VPOS="1416"
                   WIDTH="47"
                   HEIGHT="69"
                   ID="eSc_textblock_efb25f34"
                   TAGREFS="BT16062">
          <Shape><Polygon POINTS="197 1416 230 1423 230 1485 183 1463 197 1416"/></Shape>
          
          
          <TextLine ID="eSc_line_4a2ad078"
                    TAGREFS="LT4834"
                    BASELINE="183 1456 218 1456" 
                    HPOS="183"
                    VPOS="1416"
                    WIDTH="35"
                    HEIGHT="58">
            <Shape><Polygon POINTS="207 1416 197 1421 183 1448 183 1456 183 1474 218 1474 218 1456 214 1418 207 1416"/></Shape>
	    <String CONTENT=""
                    HPOS="183"
                    VPOS="1416"
                    WIDTH="35"
                    HEIGHT="58"></String>
          </TextLine>

          
        </TextBlock>
        

        
      </PrintSpace>
    </Page>
  </Layout>
</alto>
