<?xml version="1.0" encoding="UTF-8"?>
<alto xmlns:xsi="http://www.w3.org/2001/XMLSchema-instance"
      xmlns="http://www.loc.gov/standards/alto/ns-v4#"
      xsi:schemaLocation="http://www.loc.gov/standards/alto/ns-v4# http://www.loc.gov/standards/alto/v4/alto-4-2.xsd">
  <Description>
    <MeasurementUnit>pixel</MeasurementUnit>
    <sourceImageInformation>
      <fileName>TwoIsmailiTreatises041.jpg</fileName>
      
    </sourceImageInformation>
  </Description>
  
  <Tags>
    <OtherTag ID="BT16074" LABEL="MarginTextZone:commentary" DESCRIPTION="block type MarginTextZone:commentary"/><OtherTag ID="BT16073" LABEL="MarginTextZone:note#1" DESCRIPTION="block type MarginTextZone:note#1"/><OtherTag ID="BT16072" LABEL="MainZone:column#2" DESCRIPTION="block type MainZone:column#2"/><OtherTag ID="BT16071" LABEL="MainZone:column#3" DESCRIPTION="block type MainZone:column#3"/><OtherTag ID="BT16070" LABEL="GraphicZone:illustration" DESCRIPTION="block type GraphicZone:illustration"/><OtherTag ID="BT16069" LABEL="MainZone:column#1" DESCRIPTION="block type MainZone:column#1"/><OtherTag ID="BT16068" LABEL="MarginTextZone:note#2" DESCRIPTION="block type MarginTextZone:note#2"/><OtherTag ID="BT16067" LABEL="CustomZone:publication" DESCRIPTION="block type CustomZone:publication"/><OtherTag ID="BT16066" LABEL="RunningTitleZone" DESCRIPTION="block type RunningTitleZone"/><OtherTag ID="BT16065" LABEL="NumberingZone" DESCRIPTION="block type NumberingZone"/><OtherTag ID="BT16064" LABEL="default" DESCRIPTION="block type default"/><OtherTag ID="BT16063" LABEL="TitlePageZone" DESCRIPTION="block type TitlePageZone"/><OtherTag ID="BT16062" LABEL="NumberingZone:other" DESCRIPTION="block type NumberingZone:other"/><OtherTag ID="BT16061" LABEL="QuireMarksZone:catchwords" DESCRIPTION="block type QuireMarksZone:catchwords"/><OtherTag ID="BT16060" LABEL="MainZone" DESCRIPTION="block type MainZone"/><OtherTag ID="BT16059" LABEL="NumberingZone:page" DESCRIPTION="block type NumberingZone:page"/><OtherTag ID="BT16058" LABEL="MarginTextZone:note" DESCRIPTION="block type MarginTextZone:note"/><OtherTag ID="BT16057" LABEL="DigitizationArtefactZone" DESCRIPTION="block type DigitizationArtefactZone"/><OtherTag ID="BT4" LABEL="Illustration" DESCRIPTION="block type Illustration"/><OtherTag ID="BT3" LABEL="Commentary" DESCRIPTION="block type Commentary"/><OtherTag ID="BT2" LABEL="Main" DESCRIPTION="block type Main"/><OtherTag ID="BT1" LABEL="Title" DESCRIPTION="block type Title"/>
    <OtherTag ID="LT4834" LABEL="DefaultLine" DESCRIPTION="line type DefaultLine"/><OtherTag ID="LT4835" LABEL="HeadingLine:title" DESCRIPTION="line type HeadingLine:title"/>
  </Tags>
  
  <Layout>
    <Page WIDTH="1535"
          HEIGHT="2217"
          PHYSICAL_IMG_NR="37"
          ID="eSc_dummypage_">
      <PrintSpace HPOS="0"
                  VPOS="0"
                  WIDTH="1535"
                  HEIGHT="2217">
        
        <TextBlock HPOS="88"
                   VPOS="236"
                   WIDTH="1114"
                   HEIGHT="1720"
                   ID="eSc_textblock_e814dfce"
                   TAGREFS="BT16060">
          <Shape><Polygon POINTS="147 236 1128 243 1172 266 1157 323 1194 399 1202 515 1165 1099 1202 1180 1165 1596 1172 1853 1142 1941 214 1956 140 1919 155 1840 110 1542 88 1027 118 848 110 339 147 236"/></Shape>
          
          
          <TextLine ID="eSc_line_e39b8ec9"
                    TAGREFS="LT4834"
                    BASELINE="135 325 1120 315" 
                    HPOS="133"
                    VPOS="264"
                    WIDTH="987"
                    HEIGHT="96">
            <Shape><Polygon POINTS="135 325 135 343 164 360 166 360 168 360 170 360 171 360 197 341 255 358 257 358 258 358 260 358 262 358 282 341 316 341 338 358 340 358 342 358 343 358 401 349 460 358 462 358 464 358 527 338 528 338 530 338 626 356 628 356 630 356 632 356 660 338 758 349 760 349 761 349 763 349 782 336 843 336 908 354 909 354 911 354 913 354 956 338 976 352 978 352 980 352 982 354 1081 354 1081 352 1083 352 1120 332 1120 315 1113 273 1089 286 874 288 856 278 828 264 826 264 741 264 739 264 737 264 736 264 712 282 702 290 687 282 675 278 673 278 671 278 669 278 645 284 623 290 608 286 552 266 551 266 549 266 547 266 473 288 462 291 456 288 417 267 416 267 338 267 336 267 334 267 294 290 203 271 201 271 199 271 133 295 135 325"/></Shape>
	    <String CONTENT="میبايد بود يا با سکد و حضرت بيغمبر به سمين سبب فرم"
                    HPOS="133"
                    VPOS="264"
                    WIDTH="987"
                    HEIGHT="96"
                    WC="0.8788550806045532"></String>
          </TextLine>

          
          
          <TextLine ID="eSc_line_993c45ce"
                    TAGREFS="LT4834"
                    BASELINE="371 423 1129 423" 
                    HPOS="371"
                    VPOS="354"
                    WIDTH="758"
                    HEIGHT="100">
            <Shape><Polygon POINTS="371 423 371 441 393 452 395 452 397 452 399 452 429 441 473 441 488 452 490 452 491 452 493 452 495 452 532 441 625 452 626 454 706 454 706 452 708 452 710 452 721 441 756 452 758 452 760 452 761 452 763 452 782 441 806 452 808 452 810 452 1129 439 1129 423 1129 375 1109 356 1109 354 1107 354 1105 354 1076 354 1074 354 1072 354 1070 354 1044 373 1002 363 1000 363 998 363 996 363 982 375 980 375 957 356 956 356 954 356 952 356 902 365 891 356 891 354 889 354 887 354 885 354 884 354 822 373 817 375 813 373 782 356 780 356 778 356 734 365 721 354 719 354 717 354 715 354 713 354 712 354 693 367 628 354 626 354 625 354 623 354 599 369 582 380 460 380 442 367 423 354 421 354 419 354 417 354 416 354 371 365 371 423"/></Shape>
	    <String CONTENT="إندكه بعد الدنيا دار الجنة ونارا"
                    HPOS="371"
                    VPOS="354"
                    WIDTH="758"
                    HEIGHT="100"
                    WC="0.95563179435152"></String>
          </TextLine>

          
          
          <TextLine ID="eSc_line_b23939ba"
                    TAGREFS="LT4834"
                    BASELINE="138 532 978 526" 
                    HPOS="136"
                    VPOS="465"
                    WIDTH="842"
                    HEIGHT="100">
            <Shape><Polygon POINTS="138 532 138 545 183 557 184 557 186 557 188 557 212 546 218 545 233 546 271 554 273 554 275 554 299 548 316 545 355 548 369 563 369 565 371 565 373 565 375 565 377 565 416 550 434 543 449 550 467 563 469 563 471 563 473 565 606 565 606 563 608 563 610 563 610 561 619 554 625 548 628 554 638 561 638 563 639 563 641 563 643 565 667 565 667 563 669 563 689 556 717 545 761 556 767 557 769 557 771 557 773 557 774 557 808 543 837 550 839 550 841 550 911 541 928 556 928 557 930 557 932 557 974 559 978 526 976 478 935 467 933 467 932 467 930 467 928 467 913 480 893 495 869 495 854 480 839 467 839 465 837 465 835 465 834 465 832 465 791 482 789 484 789 482 767 465 765 465 763 465 730 465 728 465 726 465 724 465 697 485 686 493 671 485 625 467 623 467 621 467 619 467 617 467 593 487 577 480 575 480 573 480 571 480 569 480 558 489 547 498 460 498 432 493 408 489 390 471 390 469 388 469 386 469 297 469 295 469 294 469 218 498 218 500 136 500 138 532"/></Shape>
	    <String CONTENT="باز بسر سخن خويش شويم و نيز به سوی او گفته است"
                    HPOS="136"
                    VPOS="465"
                    WIDTH="842"
                    HEIGHT="100"
                    WC="0.9012243669965992"></String>
          </TextLine>

          
          
          <TextLine ID="eSc_line_f6ade6ad"
                    TAGREFS="LT4834"
                    BASELINE="142 624 1133 628" 
                    HPOS="140"
                    VPOS="557"
                    WIDTH="993"
                    HEIGHT="102">
            <Shape><Polygon POINTS="142 624 140 652 147 657 149 657 151 657 153 657 155 657 181 646 188 642 205 646 255 657 257 657 334 646 368 642 382 648 410 657 412 657 414 659 477 659 477 657 478 657 480 657 480 655 490 648 495 642 512 648 540 657 541 657 543 657 584 648 614 642 632 650 660 659 662 659 663 659 715 650 745 644 763 650 791 659 793 659 795 659 797 659 819 650 822 650 826 650 869 659 871 659 872 659 891 652 902 646 908 652 917 659 919 659 921 659 922 659 963 652 1002 644 1129 652 1133 628 1133 561 1117 559 1115 559 1113 559 1111 559 1111 561 1081 585 1056 561 1054 561 1054 559 1052 559 1050 559 1007 559 1006 559 1004 559 1002 559 1002 561 998 563 985 576 967 567 965 567 963 567 961 567 945 574 928 563 922 559 921 559 919 559 917 559 915 559 904 565 858 591 821 591 797 567 791 561 791 559 789 559 787 559 763 559 761 559 760 559 758 559 758 561 750 567 734 583 717 572 715 572 713 572 712 572 710 572 662 589 591 589 582 580 582 578 580 578 578 578 577 578 528 587 510 572 506 569 506 567 504 567 503 567 501 567 499 567 497 567 490 572 466 589 390 589 366 574 338 557 336 557 334 557 288 557 286 557 284 557 282 557 271 567 262 559 262 557 260 557 258 557 173 557 171 557 170 557 168 557 142 574 142 624"/></Shape>
	    <String CONTENT="تا او را تشريف حفقی دهند که اين تشريف حقيقی خداوند ذکرها"
                    HPOS="140"
                    VPOS="557"
                    WIDTH="993"
                    HEIGHT="102"
                    WC="0.8997858070901462"></String>
          </TextLine>

          
          
          <TextLine ID="eSc_line_7d91d4a0"
                    TAGREFS="LT4834"
                    BASELINE="151 733 1137 729" 
                    HPOS="149"
                    VPOS="661"
                    WIDTH="988"
                    HEIGHT="98">
            <Shape><Polygon POINTS="151 733 151 748 166 759 168 759 170 759 171 759 244 748 284 759 286 759 288 759 290 759 292 759 308 746 390 759 392 759 393 759 416 746 436 759 438 759 440 759 442 759 443 759 484 746 503 759 504 759 506 759 508 759 510 759 552 746 565 757 565 759 567 759 569 759 571 759 573 759 604 748 630 759 632 759 634 759 636 759 638 759 638 757 652 744 684 757 686 757 687 757 689 757 739 744 741 744 765 757 767 757 769 757 941 744 945 744 948 744 1057 757 1059 757 1135 742 1137 729 1135 685 1092 670 1091 670 1089 670 1087 670 1052 685 1033 694 1024 687 1011 674 1009 674 1007 674 1006 674 1004 674 1002 674 982 687 965 698 902 698 895 689 867 663 867 661 865 661 863 661 761 661 760 661 758 661 756 661 756 663 734 683 710 661 708 661 706 661 643 661 641 661 639 661 602 672 551 663 549 663 547 663 545 663 506 694 501 700 401 700 397 696 377 681 375 681 373 681 371 681 369 681 368 681 342 698 340 698 318 689 316 689 314 689 245 698 233 689 231 689 229 689 227 689 149 700 151 733"/></Shape>
	    <String CONTENT="ارزانی داشته به هرکس که ديد اگر آن ن سريد يياد آخرت فرود"
                    HPOS="149"
                    VPOS="661"
                    WIDTH="988"
                    HEIGHT="98"
                    WC="0.8159639881602649"></String>
          </TextLine>

          
          
          <TextLine ID="eSc_line_f34cb87c"
                    TAGREFS="LT4834"
                    BASELINE="147 827 1142 823" 
                    HPOS="146"
                    VPOS="764"
                    WIDTH="996"
                    HEIGHT="96">
            <Shape><Polygon POINTS="147 827 147 860 225 848 282 859 292 859 294 859 295 859 297 859 297 857 318 842 373 853 375 853 451 838 477 848 478 848 480 848 558 838 601 849 634 859 636 859 638 859 639 859 641 859 641 857 650 848 654 846 673 848 747 857 749 857 750 857 752 857 752 855 763 846 767 840 776 846 800 855 802 855 804 855 806 855 828 844 843 836 871 842 895 848 896 848 898 848 900 848 909 842 913 838 917 842 932 851 933 851 935 851 937 851 939 851 941 851 941 849 952 840 956 836 1035 836 1041 838 1061 848 1063 848 1065 848 1141 835 1142 823 1139 790 980 790 976 787 957 770 956 770 954 770 952 770 950 770 948 770 926 785 922 787 921 785 906 772 906 770 904 770 902 770 900 770 817 783 784 788 774 783 749 764 747 764 745 764 743 764 741 764 708 781 693 788 669 781 652 775 650 775 649 775 647 775 634 779 608 790 578 779 577 779 575 779 571 779 532 785 523 777 508 766 506 766 504 766 438 766 436 766 434 766 406 775 366 792 305 792 270 774 255 766 253 766 251 766 146 770 147 827"/></Shape>
	    <String CONTENT="آورد ديده ى همت به سوى عالم ارواح و احسام بگشايد و ديد با از سر ر"
                    HPOS="146"
                    VPOS="764"
                    WIDTH="996"
                    HEIGHT="96"
                    WC="0.9162075406674183"></String>
          </TextLine>

          
          
          <TextLine ID="eSc_line_175b4a4b"
                    TAGREFS="LT4834"
                    BASELINE="135 931 1142 931" 
                    HPOS="135"
                    VPOS="864"
                    WIDTH="1007"
                    HEIGHT="104">
            <Shape><Polygon POINTS="135 931 135 947 153 957 155 957 157 957 159 957 181 947 201 964 203 964 205 964 207 964 208 964 236 949 268 966 270 966 271 968 329 968 329 966 331 966 332 966 353 951 356 947 364 951 390 960 392 960 393 960 395 960 397 960 410 951 417 947 436 951 467 960 469 960 471 960 514 953 551 947 569 955 597 966 599 966 601 968 702 968 702 966 704 966 706 966 717 958 734 947 835 947 858 960 861 964 863 964 865 964 867 964 869 964 876 960 904 947 928 962 933 966 935 966 937 966 939 968 1004 968 1004 966 1006 966 1007 966 1009 964 1037 949 1050 960 1050 962 1052 962 1054 962 1056 962 1057 962 1083 953 1141 966 1142 931 1142 888 1102 879 1100 879 1098 879 1096 879 1094 879 1081 890 1076 894 1065 890 1039 881 1037 881 1035 881 1033 881 1020 888 989 864 987 864 985 864 948 864 946 864 945 864 891 888 872 875 871 875 869 875 867 875 865 875 863 875 843 892 835 897 743 897 737 892 708 866 708 864 706 864 704 864 569 864 567 864 565 864 564 864 564 866 534 894 532 897 493 897 490 894 458 872 456 872 454 872 453 872 451 872 430 883 408 864 406 864 405 864 403 864 401 864 399 864 380 875 351 868 349 868 347 868 345 868 292 896 277 883 275 883 273 883 271 883 270 883 238 896 236 896 199 879 197 879 196 879 194 879 192 879 166 896 164 897 135 897 135 931"/></Shape>
	    <String CONTENT="بادار بدن سر بر كنده باد و در پيش گرگ و گفتار و سگ انداخته با عزتری درمو"
                    HPOS="135"
                    VPOS="864"
                    WIDTH="1007"
                    HEIGHT="104"
                    WC="0.8862688698702388"></String>
          </TextLine>

          
          
          <TextLine ID="eSc_line_cc74ffe0"
                    TAGREFS="LT4834"
                    BASELINE="347 1029 935 1025" 
                    HPOS="345"
                    VPOS="953"
                    WIDTH="590"
                    HEIGHT="105">
            <Shape><Polygon POINTS="347 1029 347 1043 358 1053 360 1053 362 1053 364 1053 366 1053 368 1053 368 1051 380 1040 414 1049 416 1049 417 1049 482 1040 497 1051 499 1051 501 1051 503 1051 504 1051 506 1051 521 1040 547 1054 549 1054 551 1054 552 1054 608 1040 630 1058 632 1058 634 1058 636 1058 638 1058 639 1058 654 1045 667 1054 667 1056 669 1056 671 1056 673 1058 723 1058 723 1056 724 1056 726 1056 726 1054 743 1038 778 1053 780 1053 782 1053 784 1053 785 1053 795 1045 911 1056 913 1056 915 1056 917 1056 917 1054 935 1036 935 1025 932 953 902 953 900 953 898 953 896 953 896 955 876 973 850 958 841 953 839 953 782 953 780 953 778 953 776 953 760 964 717 988 626 988 608 975 608 973 606 973 604 973 602 973 601 973 591 975 552 988 536 979 490 955 488 955 486 955 484 955 345 992 347 1029"/></Shape>
	    <String CONTENT="هر که چون گرکس به مرداری فرود آورد سر"
                    HPOS="345"
                    VPOS="953"
                    WIDTH="590"
                    HEIGHT="105"
                    WC="0.9140402282539167"></String>
          </TextLine>

          
          
          <TextLine ID="eSc_line_3b7c985e"
                    TAGREFS="LT4834"
                    BASELINE="1033 1027 1129 1023" 
                    HPOS="1030"
                    VPOS="957"
                    WIDTH="99"
                    HEIGHT="103">
            <Shape><Polygon POINTS="1033 1027 1033 1040 1081 1060 1083 1060 1085 1060 1087 1060 1129 1041 1129 1023 1122 957 1067 982 1030 982 1033 1027"/></Shape>
	    <String CONTENT="فرد"
                    HPOS="1030"
                    VPOS="957"
                    WIDTH="99"
                    HEIGHT="103"
                    WC="0.8430588245391846"></String>
          </TextLine>

          
          
          <TextLine ID="eSc_line_f0322a12"
                    TAGREFS="LT4834"
                    BASELINE="362 1119 919 1117" 
                    HPOS="360"
                    VPOS="1047"
                    WIDTH="559"
                    HEIGHT="113">
            <Shape><Polygon POINTS="362 1119 362 1138 414 1138 454 1154 456 1154 458 1154 460 1154 462 1154 486 1138 508 1158 510 1158 512 1158 514 1160 615 1160 615 1158 617 1158 676 1138 695 1154 695 1156 697 1156 699 1156 741 1158 743 1158 745 1158 747 1158 773 1138 887 1152 889 1152 891 1152 893 1152 919 1136 919 1117 909 1053 889 1071 861 1056 859 1056 858 1056 856 1056 832 1066 815 1056 800 1049 798 1049 797 1049 795 1049 793 1049 780 1058 763 1069 689 1062 680 1062 678 1062 676 1062 675 1062 654 1071 643 1064 641 1062 639 1062 638 1062 636 1062 634 1062 628 1064 617 1071 612 1066 597 1051 597 1049 595 1049 593 1049 591 1049 589 1049 588 1049 565 1067 564 1069 560 1067 525 1047 523 1047 406 1047 405 1047 403 1047 401 1047 360 1069 362 1119"/></Shape>
	    <String CONTENT="ى تواند می چو طوطى طعم شکر داشتن"
                    HPOS="360"
                    VPOS="1047"
                    WIDTH="559"
                    HEIGHT="113"
                    WC="0.8962774015963078"></String>
          </TextLine>

          
          
          <TextLine ID="eSc_line_f9903171"
                    TAGREFS="LT4834"
                    BASELINE="521 1228 1144 1224" 
                    HPOS="519"
                    VPOS="1160"
                    WIDTH="625"
                    HEIGHT="99">
            <Shape><Polygon POINTS="521 1228 521 1259 591 1259 591 1258 593 1258 595 1258 595 1256 614 1239 712 1239 724 1248 726 1248 728 1248 730 1248 782 1239 804 1254 808 1258 810 1258 811 1258 813 1258 815 1258 822 1254 852 1239 893 1254 900 1256 902 1256 904 1258 1004 1258 1004 1256 1006 1256 1013 1252 1030 1243 1048 1252 1057 1256 1059 1256 1061 1256 1063 1256 1076 1252 1111 1237 1141 1250 1144 1224 1141 1187 1054 1187 1054 1186 993 1160 991 1160 904 1160 902 1160 900 1160 898 1160 865 1186 863 1187 824 1187 821 1186 791 1167 789 1167 787 1167 785 1167 784 1167 754 1182 715 1171 713 1171 712 1171 650 1186 641 1187 634 1186 564 1162 562 1162 560 1162 536 1163 534 1163 532 1163 532 1165 519 1178 521 1228"/></Shape>
	    <String CONTENT="و در جاى ديگر فرموده رباغى"
                    HPOS="519"
                    VPOS="1160"
                    WIDTH="625"
                    HEIGHT="99"
                    WC="0.9609590539565454"></String>
          </TextLine>

          
          
          <TextLine ID="eSc_line_463fd00b"
                    TAGREFS="LT4834"
                    BASELINE="366 1332 957 1322" 
                    HPOS="364"
                    VPOS="1259"
                    WIDTH="593"
                    HEIGHT="97">
            <Shape><Polygon POINTS="366 1332 366 1341 395 1356 397 1356 399 1356 401 1356 403 1356 419 1341 421 1339 423 1341 434 1348 436 1348 438 1348 440 1348 536 1341 610 1335 619 1341 638 1350 639 1350 641 1350 643 1350 669 1341 684 1335 689 1341 693 1344 695 1344 697 1344 699 1344 737 1341 767 1337 771 1341 780 1348 780 1350 782 1350 784 1350 785 1350 956 1339 957 1322 954 1272 861 1259 859 1259 858 1259 856 1259 828 1276 806 1291 782 1291 771 1280 758 1269 758 1267 756 1267 754 1267 752 1267 750 1267 749 1267 730 1282 721 1287 710 1282 687 1272 686 1272 684 1272 682 1272 680 1272 680 1274 669 1284 662 1291 636 1285 601 1278 599 1278 597 1278 595 1278 595 1280 593 1280 588 1287 586 1291 528 1293 523 1289 493 1265 491 1265 490 1265 488 1265 486 1265 484 1265 469 1274 410 1267 408 1267 406 1267 405 1267 364 1291 366 1332"/></Shape>
	    <String CONTENT="مرغی که خبر ندارد از آبب زلال"
                    HPOS="364"
                    VPOS="1259"
                    WIDTH="593"
                    HEIGHT="97"
                    WC="0.9288007716337839"></String>
          </TextLine>

          
          
          <TextLine ID="eSc_line_21c0efd0"
                    TAGREFS="LT4834"
                    BASELINE="362 1428 954 1417" 
                    HPOS="360"
                    VPOS="1359"
                    WIDTH="594"
                    HEIGHT="91">
            <Shape><Polygon POINTS="362 1428 362 1450 460 1437 519 1446 541 1450 543 1450 569 1444 606 1437 693 1441 808 1444 810 1444 811 1444 813 1444 813 1442 822 1435 824 1433 839 1435 919 1442 921 1442 922 1442 954 1429 954 1417 948 1381 900 1381 898 1381 874 1359 872 1359 871 1359 848 1359 847 1359 845 1359 800 1381 780 1372 778 1372 776 1372 774 1372 741 1385 737 1385 730 1385 621 1370 619 1370 617 1370 615 1370 593 1387 593 1389 584 1389 565 1389 508 1367 506 1367 504 1367 503 1367 464 1387 445 1370 445 1368 443 1368 442 1368 401 1368 399 1368 397 1368 360 1389 362 1428"/></Shape>
	    <String CONTENT="منفار بآب شوره دارد همه سال"
                    HPOS="360"
                    VPOS="1359"
                    WIDTH="594"
                    HEIGHT="91"
                    WC="0.943660886159965"></String>
          </TextLine>

          
          
          <TextLine ID="eSc_line_46c1931d"
                    TAGREFS="LT4834"
                    BASELINE="373 1527 956 1520" 
                    HPOS="371"
                    VPOS="1455"
                    WIDTH="585"
                    HEIGHT="98">
            <Shape><Polygon POINTS="373 1527 373 1538 488 1538 490 1538 512 1553 514 1553 515 1553 517 1553 519 1553 556 1538 560 1537 564 1538 593 1551 595 1551 597 1551 761 1537 771 1537 773 1537 804 1550 806 1550 808 1550 810 1550 811 1550 828 1537 832 1533 835 1537 854 1548 856 1548 858 1548 859 1548 861 1548 884 1537 915 1548 917 1548 919 1548 921 1548 956 1535 956 1520 950 1455 898 1457 896 1457 895 1457 895 1459 858 1485 789 1474 787 1474 785 1474 784 1474 784 1476 767 1490 745 1490 726 1470 713 1459 713 1457 712 1457 710 1457 663 1457 662 1457 660 1457 619 1470 588 1466 586 1466 584 1466 552 1483 534 1492 414 1492 405 1485 405 1483 403 1483 401 1483 399 1483 397 1483 371 1492 373 1527"/></Shape>
	    <String CONTENT="گر آب حيات را به بهمش آرند"
                    HPOS="371"
                    VPOS="1455"
                    WIDTH="585"
                    HEIGHT="98"
                    WC="0.9199656929288592"></String>
          </TextLine>

          
          
          <TextLine ID="eSc_line_45ed51c6"
                    TAGREFS="LT4834"
                    BASELINE="364 1625 946 1614" 
                    HPOS="362"
                    VPOS="1553"
                    WIDTH="584"
                    HEIGHT="94">
            <Shape><Polygon POINTS="364 1625 364 1644 399 1647 401 1647 403 1647 412 1644 429 1635 436 1642 442 1646 442 1647 443 1647 445 1647 447 1647 491 1646 523 1638 560 1631 601 1636 643 1642 645 1642 647 1642 671 1635 686 1629 697 1633 719 1642 721 1642 723 1642 724 1642 754 1631 763 1627 773 1631 798 1640 800 1640 802 1640 804 1640 835 1629 884 1638 885 1638 945 1623 946 1614 945 1574 922 1557 921 1557 919 1557 917 1557 915 1557 871 1577 871 1579 795 1579 793 1579 750 1553 749 1553 747 1553 745 1553 654 1555 652 1555 650 1555 650 1557 619 1583 619 1585 589 1585 571 1585 554 1570 552 1570 551 1570 549 1570 547 1570 501 1585 399 1561 397 1561 395 1561 393 1561 362 1581 364 1625"/></Shape>
	    <String CONTENT="ران آب خورد که خورده باشد همه سال"
                    HPOS="362"
                    VPOS="1553"
                    WIDTH="584"
                    HEIGHT="94"
                    WC="0.9319378347957835"></String>
          </TextLine>

          
          
          <TextLine ID="eSc_line_7de063cb"
                    TAGREFS="LT4834"
                    BASELINE="157 1723 1155 1720" 
                    HPOS="155"
                    VPOS="1644"
                    WIDTH="1000"
                    HEIGHT="107">
            <Shape><Polygon POINTS="157 1723 157 1736 181 1749 183 1749 184 1749 186 1749 238 1734 240 1734 281 1734 295 1747 295 1749 297 1749 299 1749 301 1751 423 1751 423 1749 425 1749 427 1749 445 1734 525 1749 527 1749 528 1749 573 1736 617 1749 619 1749 621 1749 623 1749 684 1732 687 1732 695 1732 785 1744 787 1744 845 1732 861 1745 861 1747 863 1747 865 1747 867 1749 900 1749 900 1747 902 1747 904 1747 904 1745 921 1732 946 1732 961 1745 961 1747 963 1747 965 1747 967 1749 1024 1749 1024 1747 1026 1747 1028 1747 1028 1745 1039 1736 1105 1747 1107 1747 1109 1747 1155 1731 1155 1720 1152 1646 1100 1644 1098 1644 1096 1644 1094 1644 1092 1646 1076 1660 1054 1647 1050 1644 1048 1644 1046 1644 1044 1644 1043 1644 1031 1647 1000 1660 985 1649 985 1647 983 1647 982 1647 980 1647 978 1647 972 1649 935 1666 889 1666 876 1651 869 1646 869 1644 867 1644 865 1644 789 1644 787 1644 785 1644 784 1644 769 1655 758 1660 737 1655 704 1646 702 1646 700 1646 699 1646 697 1646 680 1657 678 1657 656 1644 654 1644 652 1644 650 1644 621 1659 604 1668 480 1668 471 1662 449 1646 447 1646 445 1646 443 1646 442 1646 405 1655 386 1646 384 1646 382 1646 380 1646 347 1664 342 1668 257 1668 251 1668 197 1647 196 1647 194 1647 192 1647 155 1664 157 1723"/></Shape>
	    <String CONTENT="و ديگر نه بان سبب گفته شد که ذکر در ميان خلايق بانی نماند زي را"
                    HPOS="155"
                    VPOS="1644"
                    WIDTH="1000"
                    HEIGHT="107"
                    WC="0.8727340452254765"></String>
          </TextLine>

          
          
          <TextLine ID="eSc_line_aa83938d"
                    TAGREFS="LT4834"
                    BASELINE="155 1829 1157 1819" 
                    HPOS="153"
                    VPOS="1760"
                    WIDTH="1004"
                    HEIGHT="93">
            <Shape><Polygon POINTS="155 1829 155 1838 184 1853 186 1853 188 1853 240 1843 353 1853 355 1853 432 1851 434 1851 464 1838 503 1851 504 1851 506 1851 508 1851 510 1851 510 1849 523 1836 558 1836 597 1849 599 1849 601 1849 602 1849 641 1840 706 1849 708 1849 710 1849 756 1834 791 1847 793 1847 795 1847 854 1836 948 1847 950 1847 952 1847 1011 1832 1083 1845 1085 1845 1087 1845 1089 1845 1105 1830 1157 1829 1157 1819 1148 1760 1118 1784 1039 1784 996 1769 994 1769 993 1769 896 1784 874 1773 872 1773 871 1773 869 1773 847 1780 835 1771 830 1766 830 1764 828 1764 826 1764 824 1764 822 1764 821 1764 810 1771 797 1780 789 1773 780 1766 780 1764 778 1764 776 1764 750 1764 749 1764 639 1777 549 1788 536 1780 525 1773 523 1773 521 1773 449 1773 447 1773 445 1773 443 1773 443 1775 434 1784 432 1786 427 1784 405 1775 403 1775 401 1775 399 1775 356 1786 340 1790 336 1786 316 1771 314 1771 312 1771 310 1771 308 1771 307 1771 307 1773 288 1788 286 1792 255 1792 253 1790 234 1771 234 1769 233 1769 231 1769 175 1769 173 1769 171 1769 170 1769 170 1771 153 1784 155 1829"/></Shape>
	    <String CONTENT="که عزد علا بنده را به بقا گردايد و ابد الابدين به بقای او"
                    HPOS="153"
                    VPOS="1760"
                    WIDTH="1004"
                    HEIGHT="93"
                    WC="0.8612169842970999"></String>
          </TextLine>

          
          
          <TextLine ID="eSc_line_09e99669"
                    TAGREFS="LT4834"
                    BASELINE="162 1926 1154 1917" 
                    HPOS="160"
                    VPOS="1858"
                    WIDTH="994"
                    HEIGHT="109">
            <Shape><Polygon POINTS="1150 1895 1148 1880 1100 1880 1098 1880 1063 1864 1061 1864 1059 1864 1057 1864 1056 1864 1056 1865 1039 1880 1039 1882 1019 1882 1019 1880 1000 1865 1000 1864 998 1864 996 1864 994 1864 993 1864 969 1875 930 1867 928 1867 926 1867 924 1867 924 1869 909 1882 908 1882 904 1882 832 1873 830 1873 769 1882 760 1875 760 1873 758 1873 756 1873 754 1873 752 1873 724 1884 723 1884 717 1884 700 1884 669 1858 667 1858 665 1858 556 1858 554 1858 466 1860 464 1860 462 1860 462 1862 438 1886 397 1886 364 1860 362 1860 360 1860 358 1860 356 1860 308 1886 277 1869 275 1869 273 1869 271 1869 270 1869 270 1871 249 1888 207 1877 205 1877 203 1877 201 1877 160 1889 162 1926 162 1952 196 1965 197 1965 199 1965 201 1965 203 1965 203 1963 216 1952 244 1965 245 1965 247 1967 318 1967 318 1965 319 1965 321 1965 321 1963 329 1956 349 1965 351 1965 353 1965 355 1965 356 1965 369 1954 395 1963 397 1963 399 1963 514 1950 515 1950 625 1962 626 1962 628 1962 658 1949 684 1962 686 1962 687 1962 689 1962 724 1949 756 1960 758 1960 760 1960 761 1960 789 1949 896 1960 898 1960 900 1960 922 1950 1033 1958 1035 1958 1037 1958 1039 1958 1039 1956 1052 1945 1054 1945 1152 1945 1154 1917 1152 1906 1150 1895"/></Shape>
	    <String CONTENT="عزو علابانى و پاينده بماند آنگاه اگر ذكر بنده بانی و پاينده به ما"
                    HPOS="160"
                    VPOS="1858"
                    WIDTH="994"
                    HEIGHT="109"
                    WC="0.89782812017383"></String>
          </TextLine>

          
        </TextBlock>
        
        <TextBlock HPOS="569"
                   VPOS="140"
                   WIDTH="161"
                   HEIGHT="87"
                   ID="eSc_textblock_396d3409"
                   TAGREFS="BT16059">
          <Shape><Polygon POINTS="621 140 723 155 730 212 569 227 569 177 621 140"/></Shape>
          
          
          <TextLine ID="eSc_line_32730477"
                    TAGREFS="LT4834"
                    BASELINE="599 199 667 199" 
                    HPOS="599"
                    VPOS="157"
                    WIDTH="68"
                    HEIGHT="66">
            <Shape><Polygon POINTS="599 199 599 223 667 223 667 199 667 158 599 157 599 199"/></Shape>
	    <String CONTENT=""
                    HPOS="599"
                    VPOS="157"
                    WIDTH="68"
                    HEIGHT="66"></String>
          </TextLine>

          
        </TextBlock>
        
        <TextBlock HPOS="1166"
                   VPOS="1012"
                   WIDTH="95"
                   HEIGHT="124"
                   ID="eSc_textblock_23d14afa"
                   TAGREFS="BT16062">
          <Shape><Polygon POINTS="1218 1012 1261 1034 1261 1099 1246 1136 1189 1136 1166 1041 1218 1012"/></Shape>
          
          
          <TextLine ID="eSc_line_1ec25ac0"
                    TAGREFS="LT4834"
                    BASELINE="1179 1097 1224 1093" 
                    HPOS="1178"
                    VPOS="1060"
                    WIDTH="48"
                    HEIGHT="74">
            <Shape><Polygon POINTS="1178 1090 1179 1097 1181 1134 1226 1134 1224 1093 1216 1060 1181 1071 1178 1090"/></Shape>
	    <String CONTENT=""
                    HPOS="1178"
                    VPOS="1060"
                    WIDTH="48"
                    HEIGHT="74"></String>
          </TextLine>

          
        </TextBlock>
        
        <TextBlock HPOS="650"
                   VPOS="1973"
                   WIDTH="36"
                   HEIGHT="79"
                   ID="eSc_textblock_92a987fd"
                   TAGREFS="BT16061">
          <Shape><Polygon POINTS="658 1973 686 1987 678 2052 650 2030 658 1973"/></Shape>
          
        </TextBlock>
        

        
      </PrintSpace>
    </Page>
  </Layout>
</alto>
