<?xml version="1.0" encoding="UTF-8"?>
<alto xmlns:xsi="http://www.w3.org/2001/XMLSchema-instance"
      xmlns="http://www.loc.gov/standards/alto/ns-v4#"
      xsi:schemaLocation="http://www.loc.gov/standards/alto/ns-v4# http://www.loc.gov/standards/alto/v4/alto-4-2.xsd">
  <Description>
    <MeasurementUnit>pixel</MeasurementUnit>
    <sourceImageInformation>
      <fileName>TwoIsmailiTreatises037.jpg</fileName>
      
    </sourceImageInformation>
  </Description>
  
  <Tags>
    <OtherTag ID="BT16074" LABEL="MarginTextZone:commentary" DESCRIPTION="block type MarginTextZone:commentary"/><OtherTag ID="BT16073" LABEL="MarginTextZone:note#1" DESCRIPTION="block type MarginTextZone:note#1"/><OtherTag ID="BT16072" LABEL="MainZone:column#2" DESCRIPTION="block type MainZone:column#2"/><OtherTag ID="BT16071" LABEL="MainZone:column#3" DESCRIPTION="block type MainZone:column#3"/><OtherTag ID="BT16070" LABEL="GraphicZone:illustration" DESCRIPTION="block type GraphicZone:illustration"/><OtherTag ID="BT16069" LABEL="MainZone:column#1" DESCRIPTION="block type MainZone:column#1"/><OtherTag ID="BT16068" LABEL="MarginTextZone:note#2" DESCRIPTION="block type MarginTextZone:note#2"/><OtherTag ID="BT16067" LABEL="CustomZone:publication" DESCRIPTION="block type CustomZone:publication"/><OtherTag ID="BT16066" LABEL="RunningTitleZone" DESCRIPTION="block type RunningTitleZone"/><OtherTag ID="BT16065" LABEL="NumberingZone" DESCRIPTION="block type NumberingZone"/><OtherTag ID="BT16064" LABEL="default" DESCRIPTION="block type default"/><OtherTag ID="BT16063" LABEL="TitlePageZone" DESCRIPTION="block type TitlePageZone"/><OtherTag ID="BT16062" LABEL="NumberingZone:other" DESCRIPTION="block type NumberingZone:other"/><OtherTag ID="BT16061" LABEL="QuireMarksZone:catchwords" DESCRIPTION="block type QuireMarksZone:catchwords"/><OtherTag ID="BT16060" LABEL="MainZone" DESCRIPTION="block type MainZone"/><OtherTag ID="BT16059" LABEL="NumberingZone:page" DESCRIPTION="block type NumberingZone:page"/><OtherTag ID="BT16058" LABEL="MarginTextZone:note" DESCRIPTION="block type MarginTextZone:note"/><OtherTag ID="BT16057" LABEL="DigitizationArtefactZone" DESCRIPTION="block type DigitizationArtefactZone"/><OtherTag ID="BT4" LABEL="Illustration" DESCRIPTION="block type Illustration"/><OtherTag ID="BT3" LABEL="Commentary" DESCRIPTION="block type Commentary"/><OtherTag ID="BT2" LABEL="Main" DESCRIPTION="block type Main"/><OtherTag ID="BT1" LABEL="Title" DESCRIPTION="block type Title"/>
    <OtherTag ID="LT4834" LABEL="DefaultLine" DESCRIPTION="line type DefaultLine"/><OtherTag ID="LT4835" LABEL="HeadingLine:title" DESCRIPTION="line type HeadingLine:title"/>
  </Tags>
  
  <Layout>
    <Page WIDTH="1671"
          HEIGHT="2347"
          PHYSICAL_IMG_NR="33"
          ID="eSc_dummypage_">
      <PrintSpace HPOS="0"
                  VPOS="0"
                  WIDTH="1671"
                  HEIGHT="2347">
        
        <TextBlock HPOS="101"
                   VPOS="305"
                   WIDTH="1170"
                   HEIGHT="1617"
                   ID="eSc_textblock_0f1b30a4"
                   TAGREFS="BT16060">
          <Shape><Polygon POINTS="148 305 1060 305 1240 328 1232 882 1271 1562 1232 1906 571 1922 101 1899 109 422 148 305"/></Shape>
          
          
          <TextLine ID="eSc_line_c877b2ca"
                    TAGREFS="LT4834"
                    BASELINE="125 393 1201 398" 
                    HPOS="123"
                    VPOS="324"
                    WIDTH="1078"
                    HEIGHT="108">
            <Shape><Polygon POINTS="125 373 125 393 123 418 140 428 142 428 144 428 146 430 225 430 225 428 226 428 228 428 228 426 242 414 248 408 283 408 299 414 332 428 334 428 336 430 418 430 418 428 420 428 422 428 438 414 446 408 481 408 504 414 567 430 569 430 571 430 573 430 575 430 598 414 604 410 610 414 641 430 643 430 645 430 647 430 649 430 669 414 675 410 694 414 763 426 765 426 767 426 806 414 815 410 823 414 864 432 866 432 868 432 997 414 1058 432 1060 432 1062 432 1064 432 1066 432 1083 416 1199 412 1201 398 1199 359 1144 359 1144 357 1078 328 1076 328 1017 328 1015 328 1013 328 1011 328 1011 330 982 357 982 359 909 359 907 357 843 326 841 326 768 326 767 326 765 326 763 326 727 350 694 328 692 328 690 328 688 328 686 328 684 328 653 355 604 338 602 338 600 338 528 355 510 340 510 338 508 338 506 338 504 338 502 338 469 355 354 355 352 355 352 354 322 326 322 324 320 324 318 324 225 324 223 324 221 324 219 324 201 338 185 326 185 324 183 324 181 324 180 324 178 324 133 346 125 373"/></Shape>
	    <String CONTENT="در دوزخ کند فرشتگان نعمود های آمنين و آتشين"
                    HPOS="123"
                    VPOS="324"
                    WIDTH="1078"
                    HEIGHT="108"
                    WC="0.897114157014423"></String>
          </TextLine>

          
          
          <TextLine ID="eSc_line_dc27ce5e"
                    TAGREFS="LT4834"
                    BASELINE="129 502 1205 508" 
                    HPOS="127"
                    VPOS="424"
                    WIDTH="1078"
                    HEIGHT="115">
            <Shape><Polygon POINTS="129 502 127 514 185 533 187 533 189 535 348 535 348 533 350 533 352 533 352 531 365 520 393 528 395 528 397 528 399 528 414 520 418 518 432 520 506 535 508 535 510 535 512 535 534 522 538 520 540 522 565 535 567 535 569 535 571 535 608 524 620 520 677 524 739 530 741 530 776 526 837 520 847 528 858 537 860 537 862 537 864 539 966 539 966 537 968 537 970 537 980 530 992 522 1070 522 1087 531 1099 537 1101 537 1103 537 1127 531 1170 522 1199 533 1205 508 1205 467 1181 455 1179 455 1177 455 1175 455 1148 467 1142 469 1091 469 1087 467 1060 453 1058 453 1056 453 1054 453 1052 453 1037 465 1023 453 1023 451 1021 451 1019 451 1017 451 1015 451 984 463 948 430 948 428 947 428 945 428 923 428 921 428 919 428 917 428 874 467 872 467 870 467 847 447 845 447 843 447 841 447 839 447 837 447 808 467 804 467 733 467 731 467 688 428 688 426 686 426 684 426 565 426 563 426 561 426 559 426 504 465 500 467 403 467 403 465 350 424 348 424 346 424 301 424 299 424 297 424 295 424 262 451 232 426 232 424 230 424 228 424 203 424 201 424 199 424 129 461 129 502"/></Shape>
	    <String CONTENT="و مغز شما را خورد گرداند و خاکتر کنند و بارديگر زند"
                    HPOS="127"
                    VPOS="424"
                    WIDTH="1078"
                    HEIGHT="115"
                    WC="0.8750547211544186"></String>
          </TextLine>

          
          
          <TextLine ID="eSc_line_93dfa37a"
                    TAGREFS="LT4834"
                    BASELINE="138 619 1207 625" 
                    HPOS="136"
                    VPOS="557"
                    WIDTH="1071"
                    HEIGHT="98">
            <Shape><Polygon POINTS="136 635 156 647 158 647 160 647 162 647 211 637 225 649 226 649 228 649 230 651 373 651 373 649 375 649 377 649 393 635 432 649 434 649 436 649 485 639 590 649 592 649 782 637 802 637 812 637 909 653 911 653 1015 639 1027 639 1029 639 1054 653 1056 653 1058 655 1170 655 1170 653 1172 653 1205 641 1207 625 1207 590 1179 565 1179 563 1177 563 1175 563 1174 563 1172 563 1170 563 1129 590 1127 592 1062 592 1056 588 1009 563 1007 563 956 563 954 563 952 563 950 563 925 584 923 584 921 582 902 567 902 565 900 565 898 565 896 565 894 565 892 565 876 578 857 571 855 571 853 571 851 571 849 571 837 580 825 590 792 590 778 578 759 561 757 561 755 561 753 561 751 561 722 576 696 590 567 590 549 571 545 569 545 567 543 567 541 567 540 567 518 569 506 571 502 569 493 559 491 559 489 559 487 559 485 559 483 559 483 561 473 569 467 575 459 567 451 561 451 559 450 559 448 559 363 559 361 559 360 559 358 559 358 561 354 563 330 584 281 576 279 576 277 576 242 586 140 557 138 619 136 635"/></Shape>
	    <String CONTENT="و همته شما رامی رنجاننده باشند و ماران و کژدمان شما را"
                    HPOS="136"
                    VPOS="557"
                    WIDTH="1071"
                    HEIGHT="98"
                    WC="0.9089265432622697"></String>
          </TextLine>

          
          
          <TextLine ID="eSc_line_a2ba2f2a"
                    TAGREFS="LT4834"
                    BASELINE="125 733 1197 729" 
                    HPOS="123"
                    VPOS="661"
                    WIDTH="1074"
                    HEIGHT="103">
            <Shape><Polygon POINTS="125 733 125 749 320 754 322 754 324 754 344 749 354 745 363 749 383 754 385 754 387 754 389 754 416 747 424 745 428 747 442 760 442 762 444 762 446 762 448 764 643 764 643 762 645 762 647 762 647 760 665 745 669 743 677 745 708 754 710 754 712 754 774 745 790 743 804 745 902 760 903 760 1017 743 1023 743 1037 743 1054 743 1070 758 1070 760 1072 760 1074 760 1076 762 1142 762 1142 760 1144 760 1197 741 1197 729 1193 661 1160 661 1158 661 1156 661 1154 661 1097 698 1064 696 1027 666 1025 666 1023 666 1021 666 1019 666 1017 666 1017 668 986 700 896 700 868 674 868 672 866 672 864 672 862 672 860 672 858 672 858 674 833 698 788 672 786 672 784 672 782 672 780 672 741 698 694 670 692 670 690 670 688 670 686 670 657 682 622 676 620 676 618 676 616 676 616 678 594 698 561 676 559 676 557 676 555 676 553 676 502 702 459 702 438 684 436 684 434 684 432 684 430 684 403 700 373 676 367 672 365 672 363 672 361 672 360 672 358 672 350 678 318 698 299 678 283 664 283 663 281 663 279 663 150 663 148 663 146 663 144 663 123 676 125 733"/></Shape>
	    <String CONTENT="می گزيده باشند و از ايبها خلقرا میترسانند تا گناهر"
                    HPOS="123"
                    VPOS="661"
                    WIDTH="1074"
                    HEIGHT="103"
                    WC="0.8723284327983856"></String>
          </TextLine>

          
          
          <TextLine ID="eSc_line_9b0acf6d"
                    TAGREFS="LT4834"
                    BASELINE="154 844 1199 841" 
                    HPOS="152"
                    VPOS="762"
                    WIDTH="1047"
                    HEIGHT="114">
            <Shape><Polygon POINTS="154 844 154 860 185 876 187 876 189 876 271 860 275 860 287 860 555 876 557 876 559 876 600 860 673 876 675 876 677 876 708 858 729 874 731 874 733 874 735 874 737 874 770 862 841 872 843 872 845 872 847 872 862 858 894 874 896 874 898 874 1007 858 1009 858 1011 858 1060 870 1062 870 1064 870 1066 870 1068 870 1085 858 1197 858 1199 841 1191 766 1132 797 1111 797 1082 770 1080 768 1080 766 1078 766 1076 766 1074 766 1072 766 1056 770 1037 776 1021 772 986 762 984 762 982 762 980 762 978 762 978 764 968 774 945 797 884 797 862 776 857 772 857 770 855 770 853 770 851 770 849 770 847 770 839 778 817 797 733 797 712 782 708 778 706 778 704 778 702 778 671 784 657 786 653 784 632 764 630 764 628 764 532 764 530 764 528 764 526 764 493 790 457 764 455 764 453 764 416 764 414 764 412 764 410 764 410 766 397 778 383 766 383 764 381 764 379 764 328 764 326 764 324 764 322 764 270 796 270 797 152 799 154 844"/></Shape>
	    <String CONTENT="خند ور گناه کردن دليه نشوند و کديکر را هلاک نه کنند تا"
                    HPOS="152"
                    VPOS="762"
                    WIDTH="1047"
                    HEIGHT="114"
                    WC="0.852680535780059"></String>
          </TextLine>

          
          
          <TextLine ID="eSc_line_8fa7b9e2"
                    TAGREFS="LT4834"
                    BASELINE="138 944 1220 944" 
                    HPOS="138"
                    VPOS="878"
                    WIDTH="1082"
                    HEIGHT="117">
            <Shape><Polygon POINTS="138 944 138 962 217 966 246 993 248 993 250 993 252 995 275 995 275 993 277 993 279 993 313 966 358 985 360 985 361 985 363 985 365 985 395 964 416 966 444 991 444 993 446 993 448 993 450 995 528 995 528 993 530 993 532 993 551 979 575 987 577 987 579 987 581 987 639 964 706 985 708 985 710 985 835 968 909 993 911 993 913 993 915 993 917 993 958 968 988 993 990 993 992 993 993 995 1046 995 1046 993 1048 993 1050 993 1085 970 1121 993 1123 993 1125 993 1127 993 1129 993 1130 993 1130 991 1156 966 1220 962 1220 944 1220 911 1166 907 1129 884 1127 884 1125 884 1123 884 1121 884 1119 884 1097 899 1042 885 1040 885 1038 885 1037 885 1035 885 1035 887 1021 899 1001 885 999 885 997 885 995 885 993 885 966 897 943 882 941 882 939 882 937 882 935 882 933 882 917 893 864 885 862 885 860 885 858 885 833 909 831 909 757 891 755 891 753 891 751 891 735 905 696 893 694 893 692 893 690 893 659 909 657 911 553 911 549 907 514 889 512 889 510 889 508 889 506 889 481 907 477 911 424 911 418 907 365 878 363 878 209 878 207 878 205 878 138 905 138 944"/></Shape>
	    <String CONTENT="رونق عالم جسمانی بر فرار بماند و به عالم روخانی و گون فيقت"
                    HPOS="138"
                    VPOS="878"
                    WIDTH="1082"
                    HEIGHT="117"
                    WC="0.9123570050658851"></String>
          </TextLine>

          
          
          <TextLine ID="eSc_line_b929e19d"
                    TAGREFS="LT4834"
                    BASELINE="148 1060 1209 1054" 
                    HPOS="146"
                    VPOS="997"
                    WIDTH="1063"
                    HEIGHT="102">
            <Shape><Polygon POINTS="148 1060 148 1075 178 1087 180 1087 181 1087 183 1087 201 1077 232 1097 234 1097 236 1097 238 1099 315 1099 315 1097 316 1097 397 1075 496 1097 498 1097 600 1077 637 1089 639 1089 641 1089 643 1089 675 1079 706 1095 708 1095 710 1095 800 1073 819 1091 819 1093 821 1093 823 1093 825 1093 827 1093 862 1083 919 1093 921 1093 923 1093 925 1093 958 1071 997 1091 999 1091 1001 1091 1003 1091 1054 1071 1119 1071 1160 1071 1170 1079 1170 1081 1172 1081 1174 1081 1175 1081 1177 1081 1209 1069 1209 1054 1205 997 1168 997 1166 997 1164 997 1162 997 1162 999 1138 1018 1105 999 1103 997 1101 997 1099 997 1097 997 1095 997 1089 999 1038 1020 986 1003 984 1003 982 1003 980 1003 950 1015 939 1005 933 999 931 999 929 999 927 999 925 999 909 1005 868 1020 831 1007 806 999 804 999 802 999 800 999 798 999 788 1009 770 1024 755 1024 741 1011 731 1001 731 999 729 999 727 999 673 999 671 999 669 999 667 999 667 1001 653 1013 643 1024 585 1024 571 1015 547 999 545 999 543 999 504 999 502 999 500 999 498 999 475 1018 465 1026 397 1026 391 1020 365 1001 363 1001 361 1001 360 1001 358 1001 322 1015 279 1001 277 1001 275 1001 273 1001 271 1001 271 1003 248 1024 195 1007 193 1007 191 1007 189 1007 146 1024 148 1060"/></Shape>
	    <String CONTENT="توانند رسيد و همچنان خيزنکه در عالم بخورند بدان سب خو"
                    HPOS="146"
                    VPOS="997"
                    WIDTH="1063"
                    HEIGHT="102"
                    WC="0.9220493199690333"></String>
          </TextLine>

          
          
          <TextLine ID="eSc_line_8ce072cd"
                    TAGREFS="LT4834"
                    BASELINE="148 1155 1209 1165" 
                    HPOS="146"
                    VPOS="1097"
                    WIDTH="1063"
                    HEIGHT="101">
            <Shape><Polygon POINTS="148 1155 146 1167 189 1169 215 1189 217 1189 219 1189 221 1189 301 1171 324 1189 326 1189 328 1189 330 1189 332 1189 371 1173 393 1191 395 1191 397 1191 399 1191 401 1191 457 1173 491 1189 493 1189 495 1189 561 1177 608 1191 610 1191 612 1191 614 1191 665 1175 669 1175 673 1175 720 1193 722 1193 723 1193 802 1181 892 1195 894 1195 896 1195 933 1179 941 1177 948 1181 970 1189 972 1189 974 1189 1042 1181 1066 1179 1070 1181 1083 1195 1083 1196 1085 1196 1087 1196 1089 1198 1146 1198 1146 1196 1148 1196 1150 1196 1166 1183 1172 1179 1205 1183 1209 1165 1205 1126 1103 1126 1099 1124 1080 1107 1078 1107 1076 1107 1009 1105 1007 1105 1005 1105 945 1122 939 1124 937 1122 917 1105 917 1103 915 1103 913 1103 878 1103 876 1103 874 1103 872 1103 847 1122 843 1124 829 1120 782 1110 780 1110 731 1120 722 1122 720 1120 700 1103 700 1101 698 1101 696 1101 694 1101 616 1110 592 1101 590 1101 588 1101 587 1101 585 1101 565 1118 561 1120 541 1118 465 1108 463 1108 461 1108 438 1116 428 1120 424 1116 399 1099 397 1099 395 1099 360 1097 358 1097 356 1097 311 1116 303 1120 252 1120 246 1114 228 1099 226 1099 225 1099 223 1099 221 1099 219 1099 195 1114 180 1105 178 1105 176 1105 174 1105 172 1105 148 1112 148 1155"/></Shape>
	    <String CONTENT="و حرم باشند واميددار ها کند تا در طاعت بگوشند متلا"
                    HPOS="146"
                    VPOS="1097"
                    WIDTH="1063"
                    HEIGHT="101"
                    WC="0.873957690000534"></String>
          </TextLine>

          
          
          <TextLine ID="eSc_line_b315e553"
                    TAGREFS="LT4834"
                    BASELINE="144 1265 1211 1265" 
                    HPOS="144"
                    VPOS="1212"
                    WIDTH="1067"
                    HEIGHT="82">
            <Shape><Polygon POINTS="144 1265 144 1288 254 1290 256 1290 258 1290 270 1288 307 1279 326 1286 334 1290 336 1290 338 1290 340 1290 342 1290 346 1286 361 1279 387 1286 405 1292 406 1292 408 1292 455 1286 481 1283 504 1284 549 1292 551 1292 616 1284 659 1279 667 1284 677 1292 678 1292 680 1292 682 1294 753 1294 753 1292 831 1283 857 1279 860 1281 870 1290 870 1292 872 1292 874 1292 876 1294 976 1294 976 1292 978 1292 980 1292 980 1290 992 1281 993 1279 1070 1279 1074 1279 1105 1292 1107 1292 1109 1292 1111 1292 1113 1292 1113 1290 1127 1279 1211 1279 1211 1265 1207 1212 1152 1230 1127 1212 1125 1212 1123 1212 1121 1212 1119 1212 1115 1214 1070 1230 1054 1214 1052 1214 1052 1212 1050 1212 1048 1212 935 1212 933 1212 931 1212 929 1212 923 1216 903 1228 882 1218 870 1212 868 1212 866 1212 864 1212 862 1212 855 1218 835 1232 788 1232 765 1220 747 1212 745 1212 743 1212 741 1212 739 1212 731 1220 718 1230 667 1222 630 1216 628 1216 626 1216 624 1216 616 1222 604 1230 587 1222 567 1216 565 1216 563 1216 561 1216 559 1216 551 1224 541 1232 485 1232 473 1224 444 1212 442 1212 440 1212 438 1212 436 1212 418 1226 410 1230 342 1228 338 1228 320 1214 318 1214 316 1214 315 1214 313 1214 266 1228 262 1230 260 1228 240 1212 238 1212 236 1212 234 1212 232 1212 197 1230 195 1232 144 1232 144 1265"/></Shape>
	    <String CONTENT="گويند بشت باغ و بوستان و ابهای روان و درختاند"
                    HPOS="144"
                    VPOS="1212"
                    WIDTH="1067"
                    HEIGHT="82"
                    WC="0.9101891007688311"></String>
          </TextLine>

          
          
          <TextLine ID="eSc_line_9e8eade4"
                    TAGREFS="LT4834"
                    BASELINE="154 1374 1213 1374" 
                    HPOS="154"
                    VPOS="1314"
                    WIDTH="1059"
                    HEIGHT="90">
            <Shape><Polygon POINTS="154 1374 154 1386 205 1402 207 1402 209 1402 340 1388 438 1388 485 1402 487 1402 489 1404 618 1404 618 1402 620 1402 622 1402 639 1390 673 1402 675 1402 677 1402 678 1402 680 1402 700 1388 739 1398 741 1398 743 1398 796 1388 817 1402 819 1402 821 1402 823 1404 911 1404 911 1402 913 1402 915 1402 933 1388 1172 1402 1174 1402 1175 1402 1213 1386 1213 1374 1213 1331 1183 1314 1181 1314 1179 1314 1177 1314 1175 1314 1136 1333 1103 1314 1101 1314 1099 1314 1097 1314 1095 1314 1064 1326 1052 1316 1052 1314 1050 1314 1048 1314 941 1314 939 1314 937 1314 935 1314 935 1316 915 1333 862 1316 860 1316 858 1316 857 1316 855 1316 831 1331 767 1320 765 1320 763 1320 761 1320 745 1333 708 1316 706 1316 704 1316 702 1316 659 1333 657 1335 559 1335 555 1333 524 1318 522 1318 520 1318 518 1318 496 1329 479 1314 477 1314 475 1314 473 1314 471 1314 401 1331 399 1331 154 1331 154 1374"/></Shape>
	    <String CONTENT="و ميوه های خوش يوی و خوران و پريان دشست و برخا"
                    HPOS="154"
                    VPOS="1314"
                    WIDTH="1059"
                    HEIGHT="90"
                    WC="0.9415532104347063"></String>
          </TextLine>

          
          
          <TextLine ID="eSc_line_17620f62"
                    TAGREFS="LT4834"
                    BASELINE="142 1472 1211 1478" 
                    HPOS="140"
                    VPOS="1400"
                    WIDTH="1071"
                    HEIGHT="115">
            <Shape><Polygon POINTS="142 1472 140 1482 189 1500 191 1500 193 1500 195 1500 215 1494 232 1509 232 1511 234 1511 236 1511 238 1513 318 1513 318 1511 320 1511 322 1511 322 1509 348 1488 350 1486 352 1488 430 1511 432 1511 434 1511 565 1494 620 1513 622 1513 624 1515 684 1515 684 1513 686 1513 722 1494 737 1488 813 1488 843 1498 870 1505 872 1505 874 1505 876 1505 890 1498 892 1498 919 1511 921 1511 923 1511 925 1511 952 1500 976 1490 1207 1504 1211 1478 1211 1429 1181 1410 1179 1410 1177 1410 1175 1410 1174 1410 1172 1410 1158 1419 1136 1408 1134 1408 1132 1408 1130 1408 1076 1431 958 1431 943 1431 911 1406 911 1404 909 1404 907 1404 905 1404 847 1414 821 1406 819 1406 817 1406 815 1406 813 1406 786 1431 755 1431 718 1402 716 1402 714 1402 673 1402 671 1402 669 1402 667 1402 635 1429 598 1429 575 1429 573 1429 500 1400 498 1400 477 1400 475 1400 473 1400 471 1400 471 1402 444 1427 393 1404 391 1404 389 1404 387 1404 385 1404 358 1427 358 1429 326 1429 326 1427 291 1400 289 1400 287 1400 285 1400 142 1425 142 1472"/></Shape>
	    <String CONTENT="با ايشان در قصرهامی که خشتها يکی از زرو يکی از سيم و مختقای"
                    HPOS="140"
                    VPOS="1400"
                    WIDTH="1071"
                    HEIGHT="115"
                    WC="0.8593617667586116"></String>
          </TextLine>

          
          
          <TextLine ID="eSc_line_89dc6162"
                    TAGREFS="LT4834"
                    BASELINE="148 1580 1211 1580" 
                    HPOS="148"
                    VPOS="1523"
                    WIDTH="1063"
                    HEIGHT="92">
            <Shape><Polygon POINTS="148 1580 148 1595 178 1607 180 1607 181 1607 271 1595 279 1595 281 1595 303 1607 305 1607 307 1607 385 1595 389 1595 424 1613 426 1613 428 1613 430 1613 457 1603 585 1613 587 1613 588 1613 637 1595 675 1613 677 1613 678 1615 790 1615 790 1613 870 1595 915 1613 917 1613 919 1613 993 1603 1025 1613 1027 1613 1029 1613 1031 1613 1064 1595 1175 1611 1177 1611 1179 1611 1211 1594 1211 1580 1207 1523 1172 1537 1150 1523 1148 1523 1146 1523 1144 1523 1142 1523 1140 1523 1115 1543 1015 1543 982 1523 980 1523 978 1523 976 1523 974 1523 972 1523 919 1541 847 1529 845 1529 843 1529 815 1541 794 1523 792 1523 790 1523 788 1523 778 1523 680 1543 594 1543 577 1529 575 1529 573 1529 571 1529 500 1541 467 1525 465 1525 463 1525 461 1525 459 1525 414 1541 373 1525 365 1523 363 1523 361 1523 344 1525 289 1535 252 1525 240 1523 238 1523 236 1523 148 1525 148 1580"/></Shape>
	    <String CONTENT="آراسته و مرضع و خوردنی همه مرغ بريان و نان و خلواها"
                    HPOS="148"
                    VPOS="1523"
                    WIDTH="1063"
                    HEIGHT="92"
                    WC="0.9599625284855182"></String>
          </TextLine>

          
          
          <TextLine ID="eSc_line_69ec8ee6"
                    TAGREFS="LT4834"
                    BASELINE="369 1687 1205 1682" 
                    HPOS="367"
                    VPOS="1617"
                    WIDTH="838"
                    HEIGHT="121">
            <Shape><Polygon POINTS="369 1687 369 1738 461 1736 463 1736 465 1736 465 1734 500 1699 579 1691 651 1723 653 1723 655 1725 680 1725 680 1723 682 1723 684 1723 710 1699 731 1717 731 1719 733 1719 735 1719 737 1719 739 1719 741 1719 763 1703 790 1727 796 1730 798 1730 800 1730 802 1730 804 1730 815 1725 882 1693 947 1693 972 1717 974 1717 976 1717 978 1717 980 1717 1060 1689 1132 1705 1134 1705 1136 1705 1170 1693 1197 1713 1205 1682 1199 1635 1117 1646 1101 1637 1087 1625 1085 1625 1083 1625 1082 1625 1080 1625 1078 1625 1078 1627 1066 1637 1056 1646 1031 1638 1021 1635 1019 1635 1017 1635 1015 1635 1013 1635 1009 1638 999 1644 993 1638 970 1619 970 1617 968 1617 966 1617 925 1617 923 1617 921 1617 919 1617 902 1631 872 1621 870 1621 868 1621 866 1621 864 1621 831 1642 825 1646 817 1642 796 1633 794 1633 792 1633 790 1633 759 1644 747 1648 741 1644 706 1623 704 1623 702 1623 700 1623 698 1623 620 1646 612 1650 608 1648 583 1623 583 1621 581 1621 579 1621 491 1621 489 1621 487 1621 485 1621 485 1623 451 1650 451 1652 367 1652 369 1687"/></Shape>
	    <String CONTENT="باشد وسيد شاه ناصر حسروفرمايد"
                    HPOS="367"
                    VPOS="1617"
                    WIDTH="838"
                    HEIGHT="121"
                    WC="0.8711292332616346"></String>
          </TextLine>

          
          
          <TextLine ID="eSc_line_0bb0f501"
                    TAGREFS="LT4834"
                    BASELINE="320 1787 1052 1783" 
                    HPOS="318"
                    VPOS="1723"
                    WIDTH="734"
                    HEIGHT="95">
            <Shape><Polygon POINTS="320 1787 320 1797 336 1809 338 1809 340 1809 342 1809 405 1797 426 1815 426 1816 428 1816 430 1816 432 1816 434 1816 436 1816 459 1797 502 1797 532 1816 534 1816 536 1816 538 1818 639 1818 639 1816 641 1816 686 1795 749 1799 768 1815 770 1815 772 1815 774 1816 841 1816 841 1815 843 1815 845 1815 866 1799 886 1815 888 1815 890 1815 892 1815 894 1815 923 1803 1011 1815 1013 1815 1015 1815 1052 1793 1052 1783 1044 1723 1007 1740 933 1728 931 1728 929 1728 900 1742 790 1742 780 1730 772 1725 772 1723 770 1723 768 1723 718 1723 716 1723 665 1734 632 1742 588 1740 587 1738 575 1727 575 1725 573 1725 571 1725 569 1725 498 1740 491 1742 489 1740 473 1727 473 1725 471 1725 469 1725 467 1725 465 1725 430 1736 406 1725 405 1725 403 1725 401 1725 399 1725 383 1736 356 1725 354 1725 352 1725 350 1725 348 1725 318 1740 320 1787"/></Shape>
	    <String CONTENT="نبردی نام فردوس برين را بر زبان "
                    HPOS="318"
                    VPOS="1723"
                    WIDTH="734"
                    HEIGHT="95"
                    WC="0.9032131619751453"></String>
          </TextLine>

          
          
          <TextLine ID="eSc_line_b08865d3"
                    TAGREFS="LT4834"
                    BASELINE="342 1889 1050 1885" 
                    HPOS="340"
                    VPOS="1811"
                    WIDTH="710"
                    HEIGHT="99">
            <Shape><Polygon POINTS="342 1889 342 1904 565 1895 579 1903 590 1910 592 1910 594 1910 596 1910 598 1910 614 1903 630 1895 657 1903 690 1910 692 1910 694 1910 696 1910 725 1901 751 1893 768 1901 788 1908 790 1908 792 1910 890 1910 890 1908 943 1899 972 1893 988 1897 1021 1908 1023 1908 1025 1908 1027 1908 1050 1897 1050 1885 1040 1826 1027 1836 1011 1826 993 1815 992 1815 990 1815 988 1815 986 1815 984 1815 968 1828 956 1838 896 1838 884 1830 866 1816 864 1816 862 1816 860 1816 858 1816 857 1816 857 1818 843 1830 837 1838 788 1838 780 1830 765 1818 763 1818 761 1818 759 1818 757 1818 727 1832 725 1832 682 1811 680 1811 618 1811 616 1811 614 1811 612 1811 575 1834 569 1838 565 1834 516 1811 514 1811 465 1811 463 1811 340 1838 342 1889"/></Shape>
	    <String CONTENT="خر نه هر مرغ د نان و گلچه و خلواستی"
                    HPOS="340"
                    VPOS="1811"
                    WIDTH="710"
                    HEIGHT="99"
                    WC="0.9389049989836556"></String>
          </TextLine>

          
        </TextBlock>
        
        <TextBlock HPOS="571"
                   VPOS="195"
                   WIDTH="194"
                   HEIGHT="108"
                   ID="eSc_textblock_539cd80d"
                   TAGREFS="BT16059">
          <Shape><Polygon POINTS="633 195 678 203 765 248 694 303 610 303 571 242 633 195"/></Shape>
          
          
          <TextLine ID="eSc_line_00e2b890"
                    TAGREFS="LT4834"
                    BASELINE="618 256 710 252" 
                    HPOS="614"
                    VPOS="209"
                    WIDTH="96"
                    HEIGHT="84">
            <Shape><Polygon POINTS="694 211 692 209 614 222 618 256 618 279 647 293 649 293 651 293 653 293 710 273 710 252 704 217 694 211"/></Shape>
	    <String CONTENT="عد"
                    HPOS="614"
                    VPOS="209"
                    WIDTH="96"
                    HEIGHT="84"
                    WC="0.9867695868015289"></String>
          </TextLine>

          
        </TextBlock>
        
        <TextBlock HPOS="1273"
                   VPOS="891"
                   WIDTH="77"
                   HEIGHT="77"
                   ID="eSc_textblock_fb3f79c6"
                   TAGREFS="BT16062">
          <Shape><Polygon POINTS="1305 891 1350 907 1326 968 1273 952 1305 891"/></Shape>
          
          
          <TextLine ID="eSc_line_9f57d2ed"
                    TAGREFS="LT4834"
                    BASELINE="1248 944 1334 934" 
                    HPOS="1242"
                    VPOS="891"
                    WIDTH="96"
                    HEIGHT="98">
            <Shape><Polygon POINTS="1320 897 1301 895 1285 927 1279 891 1242 891 1248 944 1252 989 1338 989 1334 934 1326 897 1320 897"/></Shape>
	    <String CONTENT=""
                    HPOS="1242"
                    VPOS="891"
                    WIDTH="96"
                    HEIGHT="98"></String>
          </TextLine>

          
        </TextBlock>
        
        <TextBlock HPOS="109"
                   VPOS="1916"
                   WIDTH="1170"
                   HEIGHT="225"
                   ID="eSc_textblock_fb791d36"
                   TAGREFS="BT16058">
          <Shape><Polygon POINTS="226 1916 1201 1932 1279 1955 1271 2086 1256 2125 1162 2141 133 2141 109 2110 117 1932 226 1916"/></Shape>
          
          
          <TextLine ID="eSc_line_9070713e"
                    TAGREFS="LT4834"
                    BASELINE="170 1979 1033 1996 1207 1992" 
                    HPOS="168"
                    VPOS="1926"
                    WIDTH="1039"
                    HEIGHT="92">
            <Shape><Polygon POINTS="170 1979 168 1989 266 2004 268 2004 322 1992 328 1992 336 1992 375 2002 377 2002 487 1996 506 1996 508 1996 522 2008 524 2008 526 2008 528 2008 624 2000 649 1998 678 2000 788 2014 790 2014 837 2004 845 2004 853 2004 917 2016 919 2016 978 2008 993 2006 1001 2008 1025 2018 1027 2018 1029 2018 1205 2012 1207 1992 1203 1961 1111 1961 1109 1957 1101 1948 1099 1948 1099 1946 1097 1946 1095 1946 1093 1946 1050 1951 1031 1942 1029 1942 1027 1942 964 1951 956 1953 954 1951 943 1942 943 1940 941 1940 939 1940 937 1940 935 1940 907 1949 894 1955 880 1949 857 1938 855 1938 853 1938 802 1948 774 1951 763 1946 747 1938 745 1938 743 1938 741 1938 739 1938 739 1940 733 1944 725 1951 602 1951 577 1940 561 1932 559 1932 557 1932 555 1932 543 1938 524 1949 485 1949 397 1932 365 1928 363 1928 361 1928 360 1928 360 1930 358 1932 352 1938 344 1932 344 1930 342 1930 340 1930 338 1930 330 1930 279 1942 266 1928 264 1928 264 1926 262 1926 260 1926 170 1926 170 1979"/></Shape>
	    <String CONTENT="در ديوان ناعر خسرد که در ظهران درشنه ی جاب شد در صفحه عع"
                    HPOS="168"
                    VPOS="1926"
                    WIDTH="1039"
                    HEIGHT="92"
                    WC="0.809406152261155"></String>
          </TextLine>

          
          
          <TextLine ID="eSc_line_4357b2d7"
                    TAGREFS="LT4834"
                    BASELINE="1162 2055 1177 2055" 
                    HPOS="1162"
                    VPOS="2018"
                    WIDTH="15"
                    HEIGHT="63">
            <Shape><Polygon POINTS="1162 2055 1162 2081 1177 2077 1177 2055 1177 2018 1162 2018 1162 2055"/></Shape>
	    <String CONTENT=""
                    HPOS="1162"
                    VPOS="2018"
                    WIDTH="15"
                    HEIGHT="63"></String>
          </TextLine>

          
          
          <TextLine ID="eSc_line_c8e94e93"
                    TAGREFS="LT4834"
                    BASELINE="162 2082 632 2088" 
                    HPOS="160"
                    VPOS="2006"
                    WIDTH="472"
                    HEIGHT="112">
            <Shape><Polygon POINTS="162 2082 160 2096 238 2112 240 2112 281 2102 295 2100 299 2104 315 2116 316 2116 318 2116 320 2118 428 2118 428 2116 430 2116 448 2110 475 2102 522 2102 534 2114 536 2116 536 2118 538 2118 540 2118 541 2118 543 2118 553 2116 579 2108 628 2118 632 2088 630 2034 585 2036 579 2032 553 2016 551 2016 549 2016 547 2016 545 2016 520 2030 502 2012 502 2010 500 2010 498 2010 496 2010 420 2020 377 2008 375 2008 373 2008 371 2008 369 2008 344 2032 340 2036 320 2036 297 2034 295 2032 271 2008 271 2006 270 2006 268 2006 266 2006 264 2006 205 2032 201 2032 162 2032 162 2082"/></Shape>
	    <String CONTENT="راميدنان ديگ قليه و خلواسی"
                    HPOS="160"
                    VPOS="2006"
                    WIDTH="472"
                    HEIGHT="112"
                    WC="0.8994605449529794"></String>
          </TextLine>

          
          
          <TextLine ID="eSc_line_767d383f"
                    TAGREFS="LT4834"
                    BASELINE="755 2106 1211 2112" 
                    HPOS="753"
                    VPOS="2032"
                    WIDTH="458"
                    HEIGHT="119">
            <Shape><Polygon POINTS="755 2106 753 2127 845 2127 849 2131 864 2145 864 2147 866 2147 868 2147 905 2149 907 2149 1060 2137 1080 2151 1082 2151 1083 2151 1085 2151 1209 2133 1211 2112 1211 2063 1091 2063 1089 2059 1082 2053 1082 2051 1080 2051 1078 2051 1076 2051 1031 2059 1027 2059 1025 2059 1001 2036 1001 2034 999 2034 997 2034 962 2034 960 2034 958 2034 956 2034 935 2053 911 2034 911 2032 909 2032 907 2032 802 2032 800 2032 798 2032 755 2051 755 2106"/></Shape>
	    <String CONTENT="رویزی محراب کی کردی گر نه در شت"
                    HPOS="753"
                    VPOS="2032"
                    WIDTH="458"
                    HEIGHT="119"
                    WC="0.8787354067448647"></String>
          </TextLine>

          
        </TextBlock>
        
        <TextBlock HPOS="641"
                   VPOS="2143"
                   WIDTH="147"
                   HEIGHT="69"
                   ID="eSc_textblock_bee49cd8"
                   TAGREFS="BT16061">
          <Shape><Polygon POINTS="649 2143 765 2151 788 2212 680 2212 641 2180 649 2143"/></Shape>
          
          
          <TextLine ID="eSc_line_41effcfe"
                    TAGREFS="LT4834"
                    BASELINE="663 2186 759 2182" 
                    HPOS="661"
                    VPOS="2145"
                    WIDTH="98"
                    HEIGHT="69">
            <Shape><Polygon POINTS="739 2149 720 2147 700 2145 688 2145 661 2151 663 2186 663 2208 757 2214 759 2182 755 2149 739 2149"/></Shape>
	    <String CONTENT="و گويند"
                    HPOS="661"
                    VPOS="2145"
                    WIDTH="98"
                    HEIGHT="69"
                    WC="0.8931012749671936"></String>
          </TextLine>

          
        </TextBlock>
        

        
      </PrintSpace>
    </Page>
  </Layout>
</alto>
