<?xml version="1.0" encoding="UTF-8"?>
<alto xmlns:xsi="http://www.w3.org/2001/XMLSchema-instance"
      xmlns="http://www.loc.gov/standards/alto/ns-v4#"
      xsi:schemaLocation="http://www.loc.gov/standards/alto/ns-v4# http://www.loc.gov/standards/alto/v4/alto-4-2.xsd">
  <Description>
    <MeasurementUnit>pixel</MeasurementUnit>
    <sourceImageInformation>
      <fileName>TwoIsmailiTreatises052.jpg</fileName>
      
    </sourceImageInformation>
  </Description>
  
  <Tags>
    <OtherTag ID="BT16074" LABEL="MarginTextZone:commentary" DESCRIPTION="block type MarginTextZone:commentary"/><OtherTag ID="BT16073" LABEL="MarginTextZone:note#1" DESCRIPTION="block type MarginTextZone:note#1"/><OtherTag ID="BT16072" LABEL="MainZone:column#2" DESCRIPTION="block type MainZone:column#2"/><OtherTag ID="BT16071" LABEL="MainZone:column#3" DESCRIPTION="block type MainZone:column#3"/><OtherTag ID="BT16070" LABEL="GraphicZone:illustration" DESCRIPTION="block type GraphicZone:illustration"/><OtherTag ID="BT16069" LABEL="MainZone:column#1" DESCRIPTION="block type MainZone:column#1"/><OtherTag ID="BT16068" LABEL="MarginTextZone:note#2" DESCRIPTION="block type MarginTextZone:note#2"/><OtherTag ID="BT16067" LABEL="CustomZone:publication" DESCRIPTION="block type CustomZone:publication"/><OtherTag ID="BT16066" LABEL="RunningTitleZone" DESCRIPTION="block type RunningTitleZone"/><OtherTag ID="BT16065" LABEL="NumberingZone" DESCRIPTION="block type NumberingZone"/><OtherTag ID="BT16064" LABEL="default" DESCRIPTION="block type default"/><OtherTag ID="BT16063" LABEL="TitlePageZone" DESCRIPTION="block type TitlePageZone"/><OtherTag ID="BT16062" LABEL="NumberingZone:other" DESCRIPTION="block type NumberingZone:other"/><OtherTag ID="BT16061" LABEL="QuireMarksZone:catchwords" DESCRIPTION="block type QuireMarksZone:catchwords"/><OtherTag ID="BT16060" LABEL="MainZone" DESCRIPTION="block type MainZone"/><OtherTag ID="BT16059" LABEL="NumberingZone:page" DESCRIPTION="block type NumberingZone:page"/><OtherTag ID="BT16058" LABEL="MarginTextZone:note" DESCRIPTION="block type MarginTextZone:note"/><OtherTag ID="BT16057" LABEL="DigitizationArtefactZone" DESCRIPTION="block type DigitizationArtefactZone"/><OtherTag ID="BT4" LABEL="Illustration" DESCRIPTION="block type Illustration"/><OtherTag ID="BT3" LABEL="Commentary" DESCRIPTION="block type Commentary"/><OtherTag ID="BT2" LABEL="Main" DESCRIPTION="block type Main"/><OtherTag ID="BT1" LABEL="Title" DESCRIPTION="block type Title"/>
    <OtherTag ID="LT4834" LABEL="DefaultLine" DESCRIPTION="line type DefaultLine"/><OtherTag ID="LT4835" LABEL="HeadingLine:title" DESCRIPTION="line type HeadingLine:title"/>
  </Tags>
  
  <Layout>
    <Page WIDTH="1555"
          HEIGHT="2296"
          PHYSICAL_IMG_NR="48"
          ID="eSc_dummypage_">
      <PrintSpace HPOS="0"
                  VPOS="0"
                  WIDTH="1555"
                  HEIGHT="2296">
        
        <TextBlock HPOS="398"
                   VPOS="298"
                   WIDTH="1086"
                   HEIGHT="1774"
                   ID="eSc_textblock_ed25089d"
                   TAGREFS="BT16060">
          <Shape><Polygon POINTS="635 298 1445 321 1484 1436 1476 1934 1461 2041 1430 2064 436 2072 398 2033 398 329 635 298"/></Shape>
          
          
          <TextLine ID="eSc_line_5e34d3e0"
                    TAGREFS="LT4834"
                    BASELINE="407 399 758 384 1219 384 1334 378 1380 367" 
                    HPOS="405"
                    VPOS="315"
                    WIDTH="975"
                    HEIGHT="121">
            <Shape><Polygon POINTS="1342 317 1325 317 1313 315 1296 323 1256 336 1168 329 1166 329 1112 340 1097 329 1087 319 1085 319 1083 319 1081 319 1080 319 1039 331 1016 336 1009 331 997 323 995 323 993 323 991 323 990 323 967 332 963 334 959 332 938 321 936 321 934 321 932 321 930 321 911 334 894 346 838 346 827 336 811 325 810 325 808 325 806 325 804 325 802 325 783 338 777 342 695 348 683 340 660 327 658 327 656 327 654 327 653 327 618 342 612 346 607 342 578 329 576 329 574 329 511 342 423 331 421 331 419 331 417 331 417 332 405 342 407 399 407 419 507 436 509 436 511 436 551 419 566 411 576 417 587 426 589 426 591 426 693 432 695 432 697 432 698 432 698 430 716 417 721 411 737 415 748 419 750 419 752 419 754 419 756 419 756 417 758 415 769 403 815 403 848 415 888 428 890 428 892 428 894 428 896 428 919 413 921 413 924 413 951 420 953 420 955 420 957 420 982 413 1022 399 1099 403 1110 411 1124 420 1126 420 1127 420 1129 420 1131 420 1170 411 1191 405 1198 411 1216 420 1217 420 1219 420 1221 420 1223 420 1248 409 1275 397 1288 409 1300 420 1302 420 1304 420 1306 420 1380 407 1380 367 1374 321 1350 317 1342 317"/></Shape>
	    <String CONTENT="علم اليفين يعنی داستن يفين سيوم عين ايعين بيض"
                    HPOS="405"
                    VPOS="315"
                    WIDTH="975"
                    HEIGHT="121"
                    WC="0.8866118265522851"></String>
          </TextLine>

          
          
          <TextLine ID="eSc_line_80d65039"
                    TAGREFS="LT4834"
                    BASELINE="405 499 1135 474 1415 474" 
                    HPOS="404"
                    VPOS="417"
                    WIDTH="1011"
                    HEIGHT="112">
            <Shape><Polygon POINTS="405 499 405 522 448 529 450 529 451 529 453 529 467 520 476 514 494 520 509 524 511 524 513 524 515 524 517 524 524 518 534 512 541 518 559 529 561 529 563 529 564 529 566 529 597 516 601 514 601 516 612 526 612 528 614 528 616 528 618 528 712 514 769 524 771 524 773 524 775 524 775 522 788 508 792 507 796 508 813 522 815 522 817 522 819 524 856 524 856 522 857 522 859 522 859 520 875 507 877 503 919 501 930 505 976 518 978 518 980 518 1049 516 1166 495 1181 493 1187 495 1233 510 1235 510 1237 510 1239 510 1284 493 1415 485 1415 474 1413 426 1397 417 1396 417 1394 417 1392 417 1390 417 1363 432 1359 434 1286 434 1284 434 1260 417 1258 417 1256 417 1254 417 1252 417 1214 436 1212 436 1208 436 1175 426 1173 426 1171 426 1170 426 1133 438 1131 438 1129 438 1114 422 1114 420 1112 420 1110 420 1108 420 1043 422 1041 422 1039 422 1014 440 1011 441 999 440 926 426 924 426 923 426 921 426 901 441 900 443 896 441 857 428 856 428 854 428 852 428 850 428 850 430 848 430 838 441 817 434 815 434 813 434 811 434 783 445 771 449 760 445 725 432 723 432 721 432 720 432 674 447 654 455 553 455 545 449 534 440 532 440 530 440 528 440 417 441 415 441 413 441 404 447 405 499"/></Shape>
	    <String CONTENT="ذات و حقيقت را ب يعين دانشتن حق اليقين درچه مومنانی"
                    HPOS="404"
                    VPOS="417"
                    WIDTH="1011"
                    HEIGHT="112"
                    WC="0.9219999021174861"></String>
          </TextLine>

          
          
          <TextLine ID="eSc_line_f38dd7a2"
                    TAGREFS="LT4834"
                    BASELINE="402 600 1415 577" 
                    HPOS="400"
                    VPOS="518"
                    WIDTH="1015"
                    HEIGHT="115">
            <Shape><Polygon POINTS="402 600 402 625 723 633 725 633 727 633 729 633 760 614 767 610 783 614 817 623 819 623 821 623 823 623 850 614 947 621 949 621 951 621 974 608 993 623 995 623 997 623 999 623 1001 623 1062 604 1080 600 1126 602 1204 608 1206 608 1256 598 1269 596 1277 598 1313 610 1315 610 1317 610 1319 610 1321 610 1321 608 1334 596 1336 595 1415 595 1415 577 1407 524 1359 539 1340 524 1332 518 1330 518 1329 518 1267 518 1265 518 1263 518 1262 518 1262 520 1256 526 1237 545 1229 539 1227 539 1225 539 1223 539 1149 549 1131 533 1131 531 1129 531 1127 531 1126 531 1124 531 1122 531 1103 543 1026 529 993 524 991 524 990 524 988 524 988 526 982 529 957 552 923 539 921 539 919 539 917 539 915 539 894 554 854 545 852 545 850 545 848 545 817 558 754 558 729 535 727 535 725 535 723 535 721 535 697 547 679 533 677 531 676 531 674 531 672 531 670 531 668 531 664 533 628 558 563 564 532 564 505 537 505 535 503 535 501 535 499 535 497 535 495 535 494 537 480 545 400 539 402 600"/></Shape>
	    <String CONTENT="باشد که از دييا روی به آخرت دارند و علم اليفين درچه مومنانی"
                    HPOS="400"
                    VPOS="518"
                    WIDTH="1015"
                    HEIGHT="115"
                    WC="0.9027750194072723"></String>
          </TextLine>

          
          
          <TextLine ID="eSc_line_f9829905"
                    TAGREFS="LT4834"
                    BASELINE="415 707 721 694 1411 683" 
                    HPOS="413"
                    VPOS="621"
                    WIDTH="998"
                    HEIGHT="119">
            <Shape><Polygon POINTS="415 707 417 740 448 730 576 732 645 734 647 734 649 734 658 728 689 713 777 707 825 707 844 721 856 728 857 728 859 728 861 728 901 725 903 725 905 725 905 723 913 717 924 706 953 715 986 727 988 727 990 727 991 727 993 727 1011 713 1016 709 1032 713 1101 725 1103 725 1104 725 1145 707 1162 700 1175 706 1185 709 1187 709 1189 709 1191 709 1208 704 1231 696 1409 694 1411 683 1409 644 1352 621 1350 621 1348 621 1271 623 1269 623 1267 623 1267 625 1246 646 1235 648 1214 652 1210 648 1187 627 1187 625 1185 625 1183 625 1137 625 1135 625 1099 627 1097 627 1095 627 1095 629 1070 652 1068 656 982 656 976 654 961 644 959 644 957 644 955 644 953 644 951 644 938 656 932 660 861 660 859 658 827 637 825 637 823 637 821 637 819 637 792 646 779 635 779 633 777 633 775 633 773 633 771 633 731 646 697 640 695 640 693 640 691 640 691 642 672 660 658 648 656 648 654 648 653 648 601 656 572 639 570 639 568 639 566 639 564 639 563 639 528 665 413 667 415 707"/></Shape>
	    <String CONTENT="باشد که به درچه کمال آخرت رسيده باشند و عين ايفين دره"
                    HPOS="413"
                    VPOS="621"
                    WIDTH="998"
                    HEIGHT="119"
                    WC="0.8792117525030065"></String>
          </TextLine>

          
          
          <TextLine ID="eSc_line_f1b31533"
                    TAGREFS="LT4834"
                    BASELINE="409 815 1076 790 1419 786" 
                    HPOS="407"
                    VPOS="721"
                    WIDTH="1012"
                    HEIGHT="118">
            <Shape><Polygon POINTS="409 815 409 839 570 839 570 838 572 838 589 832 601 828 616 830 647 836 649 836 651 836 668 828 679 822 687 828 695 834 697 834 698 834 700 834 702 834 704 834 704 832 712 826 720 820 744 826 762 828 764 828 792 824 829 816 852 820 886 828 888 828 949 816 974 813 984 816 1005 824 1007 824 1009 824 1011 824 1013 824 1028 815 1034 811 1060 813 1114 816 1116 816 1118 816 1120 816 1127 811 1133 807 1158 809 1248 816 1250 816 1252 816 1281 803 1419 797 1419 786 1415 725 1380 721 1378 721 1376 721 1374 721 1374 723 1371 727 1353 744 1325 744 1275 730 1244 723 1242 723 1240 723 1239 723 1237 723 1225 734 1216 740 1191 736 1131 725 1129 725 1127 725 1083 740 1043 757 1022 757 1007 744 990 730 988 730 986 730 955 730 953 730 951 730 949 730 949 732 932 748 926 755 913 750 878 734 877 734 825 734 823 734 821 734 819 734 783 755 769 765 702 767 689 761 647 740 645 740 643 740 641 740 557 767 520 755 518 755 517 755 515 755 513 755 513 757 497 771 495 774 407 774 409 815"/></Shape>
	    <String CONTENT="مومنانی باشد که از دييا و آخرت بگذرند و ايشان اهل وحد"
                    HPOS="407"
                    VPOS="721"
                    WIDTH="1012"
                    HEIGHT="118"
                    WC="0.9064888485051967"></String>
          </TextLine>

          
          
          <TextLine ID="eSc_line_9d2c9c15"
                    TAGREFS="LT4834"
                    BASELINE="417 912 1417 882" 
                    HPOS="415"
                    VPOS="834"
                    WIDTH="1002"
                    HEIGHT="105">
            <Shape><Polygon POINTS="417 912 417 933 515 939 517 939 518 939 520 939 532 929 540 924 551 929 572 937 574 937 576 937 578 937 614 927 620 926 624 926 664 935 666 935 668 935 710 924 723 920 737 922 788 931 790 931 792 931 823 918 829 916 831 918 846 929 848 929 850 929 852 929 900 927 930 926 932 926 934 926 934 924 946 914 949 910 974 912 1024 918 1026 918 1028 918 1051 910 1060 906 1068 908 1087 916 1089 916 1091 916 1093 916 1112 908 1120 903 1227 901 1237 903 1283 916 1284 916 1286 916 1288 916 1290 916 1290 914 1306 901 1415 895 1417 882 1415 845 1373 834 1371 834 1369 834 1367 834 1365 834 1365 836 1353 847 1346 853 1185 853 1055 853 1053 853 1011 859 974 864 961 861 903 843 901 843 900 843 811 857 781 847 779 847 777 847 718 857 603 851 601 851 538 855 536 855 488 878 469 870 467 870 465 870 415 880 417 912"/></Shape>
	    <String CONTENT="باشند و پدر چه و حدث وفتی توان رسيد که از تاستی خود"
                    HPOS="415"
                    VPOS="834"
                    WIDTH="1002"
                    HEIGHT="105"
                    WC="0.9148211660338383"></String>
          </TextLine>

          
          
          <TextLine ID="eSc_line_102e007b"
                    TAGREFS="LT4834"
                    BASELINE="411 1015 1415 998" 
                    HPOS="409"
                    VPOS="933"
                    WIDTH="1006"
                    HEIGHT="111">
            <Shape><Polygon POINTS="411 1015 411 1037 421 1042 423 1042 425 1042 427 1042 428 1042 428 1040 434 1037 444 1029 451 1037 457 1040 457 1042 459 1042 461 1042 463 1044 522 1044 522 1042 524 1042 526 1042 540 1033 559 1021 587 1021 605 1031 607 1033 608 1033 610 1033 702 1038 704 1038 706 1038 731 1027 752 1017 767 1027 785 1037 787 1037 788 1037 790 1038 836 1038 836 1037 838 1037 840 1037 859 1023 863 1021 886 1023 934 1027 936 1027 938 1027 955 1021 974 1014 1108 1014 1120 1015 1145 1023 1147 1023 1149 1023 1150 1023 1179 1014 1193 1010 1200 1014 1212 1019 1214 1019 1216 1019 1217 1019 1233 1012 1237 1010 1240 1012 1256 1023 1258 1023 1260 1023 1262 1023 1321 1012 1336 1025 1336 1027 1338 1027 1340 1027 1342 1029 1392 1029 1392 1027 1394 1027 1396 1027 1415 1010 1415 998 1411 933 1336 933 1334 933 1332 933 1325 937 1271 962 1221 941 1219 941 1217 941 1216 941 1214 941 1183 968 1055 968 1024 950 1014 943 1013 943 1011 943 1009 943 1007 943 1005 943 991 950 963 970 932 954 930 954 928 954 926 954 924 954 924 956 907 970 854 970 844 958 834 950 834 949 833 949 831 949 829 949 827 949 825 949 811 960 806 964 802 960 779 943 777 943 775 943 743 943 741 943 679 947 677 947 633 968 622 973 612 970 566 947 564 947 563 947 561 947 559 947 522 973 517 977 511 973 474 954 473 954 471 954 469 954 467 954 436 977 434 979 409 979 411 1015"/></Shape>
	    <String CONTENT="گل الوجود ببرند و بهشت و تواب و کمال خود تطلند"
                    HPOS="409"
                    VPOS="933"
                    WIDTH="1006"
                    HEIGHT="111"
                    WC="0.9304687717686528"></String>
          </TextLine>

          
          
          <TextLine ID="eSc_line_43a70749"
                    TAGREFS="LT4834"
                    BASELINE="409 1117 1428 1096" 
                    HPOS="407"
                    VPOS="1029"
                    WIDTH="1021"
                    HEIGHT="117">
            <Shape><Polygon POINTS="409 1117 409 1146 564 1144 566 1144 568 1144 570 1142 595 1126 631 1140 637 1142 639 1142 641 1142 643 1142 651 1138 687 1125 746 1136 775 1140 777 1140 779 1140 781 1140 790 1134 810 1121 823 1132 829 1138 831 1138 833 1138 834 1140 871 1140 871 1138 926 1128 988 1117 1041 1123 1112 1132 1114 1132 1116 1132 1118 1132 1139 1119 1150 1113 1196 1117 1250 1123 1252 1123 1254 1123 1256 1123 1256 1121 1263 1115 1267 1109 1426 1107 1428 1096 1422 1056 1380 1056 1378 1056 1361 1040 1361 1038 1359 1038 1357 1038 1355 1038 1353 1038 1352 1038 1327 1058 1325 1059 1191 1059 1189 1059 1147 1044 1145 1044 1143 1044 1141 1044 1139 1044 1116 1059 1078 1029 1076 1029 1074 1029 1053 1029 1051 1029 1026 1031 1024 1031 1022 1031 978 1065 915 1065 903 1056 903 1054 901 1054 900 1054 898 1054 844 1063 802 1035 800 1035 798 1035 796 1035 697 1037 695 1037 693 1037 681 1046 666 1038 664 1038 662 1038 660 1038 633 1052 591 1038 589 1038 587 1038 585 1038 557 1052 547 1042 547 1040 545 1040 543 1040 541 1040 540 1040 507 1056 450 1050 448 1050 446 1050 444 1050 407 1071 409 1117"/></Shape>
	    <String CONTENT="دنيا و آجرت از هرد و بگذرند بدين معنی که قال النبی عليد"
                    HPOS="407"
                    VPOS="1029"
                    WIDTH="1021"
                    HEIGHT="117"
                    WC="0.8804745567696435"></String>
          </TextLine>

          
          
          <TextLine ID="eSc_line_b34016a5"
                    TAGREFS="LT4834"
                    BASELINE="419 1216 1434 1195" 
                    HPOS="417"
                    VPOS="1125"
                    WIDTH="1017"
                    HEIGHT="120">
            <Shape><Polygon POINTS="419 1216 419 1232 434 1245 436 1245 438 1245 440 1245 526 1243 528 1243 530 1243 549 1232 595 1243 597 1243 599 1243 601 1243 603 1243 622 1226 662 1241 664 1241 666 1241 668 1241 700 1224 746 1236 748 1236 750 1236 752 1236 773 1226 785 1237 787 1237 788 1237 790 1237 878 1220 900 1234 901 1234 903 1234 905 1234 1013 1218 1051 1230 1053 1230 1055 1230 1057 1230 1059 1230 1076 1216 1154 1232 1156 1232 1158 1232 1160 1232 1189 1214 1244 1230 1246 1230 1248 1230 1323 1211 1434 1207 1434 1195 1432 1153 1376 1125 1374 1125 1373 1125 1371 1125 1332 1144 1294 1140 1292 1140 1290 1140 1252 1155 1196 1128 1194 1128 1193 1128 1191 1128 1162 1140 1137 1130 1135 1130 1133 1130 1131 1130 1068 1159 1041 1134 1039 1134 1037 1134 1001 1132 999 1132 997 1132 995 1132 995 1134 967 1159 936 1134 934 1134 932 1134 886 1134 884 1134 882 1134 804 1155 783 1148 781 1148 779 1148 718 1157 683 1146 681 1146 679 1146 677 1146 676 1146 658 1161 574 1142 572 1142 570 1142 568 1142 524 1170 417 1172 419 1216"/></Shape>
	    <String CONTENT="السلام الدنيا حرام على أهل الآخرة والآخرة"
                    HPOS="417"
                    VPOS="1125"
                    WIDTH="1017"
                    HEIGHT="120"
                    WC="0.9649387110363353"></String>
          </TextLine>

          
          
          <TextLine ID="eSc_line_333b2d40"
                    TAGREFS="LT4834"
                    BASELINE="417 1320 1434 1301" 
                    HPOS="415"
                    VPOS="1226"
                    WIDTH="1019"
                    HEIGHT="120">
            <Shape><Polygon POINTS="417 1320 417 1346 520 1329 572 1343 584 1345 585 1345 587 1345 654 1343 656 1343 658 1343 658 1341 662 1339 672 1327 689 1337 698 1343 700 1343 702 1343 704 1343 723 1337 735 1333 769 1335 838 1339 840 1339 842 1339 865 1331 888 1324 905 1329 915 1333 917 1333 919 1333 951 1327 978 1324 984 1327 995 1337 997 1337 999 1337 1001 1337 1097 1324 1099 1324 1118 1335 1120 1335 1122 1335 1124 1335 1126 1335 1152 1322 1160 1318 1177 1320 1244 1331 1246 1331 1248 1331 1250 1331 1271 1316 1273 1316 1277 1316 1327 1331 1329 1331 1330 1331 1434 1310 1434 1301 1428 1226 1348 1237 1329 1230 1317 1226 1315 1226 1313 1226 1311 1226 1309 1226 1309 1228 1306 1232 1283 1253 1262 1234 1260 1232 1260 1230 1258 1230 1256 1230 1189 1228 1187 1228 1141 1237 1139 1237 1137 1237 1137 1239 1135 1239 1120 1258 1091 1243 1089 1243 1087 1243 1085 1243 1083 1243 1083 1245 1068 1260 1020 1262 993 1262 972 1247 951 1232 949 1232 947 1232 946 1232 907 1237 905 1237 903 1237 886 1251 869 1264 840 1264 825 1255 802 1237 800 1237 798 1237 796 1237 729 1251 714 1239 714 1237 712 1237 710 1237 656 1237 654 1237 653 1237 651 1237 614 1264 601 1253 599 1253 597 1253 595 1253 593 1253 591 1253 591 1255 578 1266 576 1270 494 1270 492 1270 453 1249 451 1249 450 1249 448 1249 446 1249 415 1268 417 1320"/></Shape>
	    <String CONTENT="حرام على أهل الدنيا وهما حرام على أهل الله تعالى"
                    HPOS="415"
                    VPOS="1226"
                    WIDTH="1019"
                    HEIGHT="120"
                    WC="0.9729647350311279"></String>
          </TextLine>

          
          
          <TextLine ID="eSc_line_44055481"
                    TAGREFS="LT4834"
                    BASELINE="415 1425 1432 1404" 
                    HPOS="413"
                    VPOS="1345"
                    WIDTH="1019"
                    HEIGHT="114">
            <Shape><Polygon POINTS="415 1425 417 1450 434 1444 450 1450 480 1459 482 1459 484 1459 486 1459 488 1459 503 1448 513 1440 520 1448 530 1456 530 1457 532 1457 534 1457 536 1459 582 1459 582 1457 653 1442 698 1433 710 1440 723 1454 725 1454 727 1454 729 1454 790 1452 792 1452 794 1452 794 1450 810 1438 810 1436 811 1438 844 1452 846 1452 848 1452 850 1452 882 1436 894 1431 982 1431 991 1433 1059 1448 1060 1448 1062 1448 1143 1427 1162 1421 1244 1421 1252 1423 1294 1442 1296 1442 1298 1442 1300 1442 1302 1442 1336 1421 1342 1419 1430 1419 1432 1404 1428 1366 1275 1345 1273 1345 1271 1345 1269 1345 1237 1364 1196 1350 1194 1350 1193 1350 1191 1350 1189 1350 1189 1352 1170 1369 1106 1354 1104 1354 1103 1354 1101 1354 1078 1371 1024 1364 1022 1364 1020 1364 1001 1373 969 1350 967 1350 965 1350 963 1350 961 1350 905 1366 875 1354 873 1354 871 1354 790 1356 788 1356 787 1356 787 1358 773 1369 750 1364 748 1364 746 1364 744 1364 689 1381 683 1381 672 1381 490 1362 488 1362 486 1362 413 1383 415 1425"/></Shape>
	    <String CONTENT="و رسول عليه السلام فرمودند که دنيا حرام است بر ابل آخرت"
                    HPOS="413"
                    VPOS="1345"
                    WIDTH="1019"
                    HEIGHT="114"
                    WC="0.8698767423629761"></String>
          </TextLine>

          
          
          <TextLine ID="eSc_line_1bc59afd"
                    TAGREFS="LT4834"
                    BASELINE="344 1524 1430 1511" 
                    HPOS="342"
                    VPOS="1454"
                    WIDTH="1088"
                    HEIGHT="103">
            <Shape><Polygon POINTS="344 1524 344 1545 407 1540 417 1547 423 1551 425 1551 427 1551 428 1551 430 1551 448 1545 457 1544 459 1545 471 1555 471 1557 473 1557 474 1557 476 1557 574 1555 637 1542 653 1540 656 1542 666 1551 666 1553 668 1553 670 1553 672 1555 741 1555 741 1553 743 1553 744 1553 744 1551 758 1540 764 1536 783 1540 844 1551 846 1551 848 1551 873 1540 911 1547 913 1547 915 1547 917 1547 928 1538 928 1536 930 1538 959 1551 961 1551 963 1551 965 1551 1014 1536 1020 1534 1024 1536 1043 1544 1045 1544 1047 1544 1101 1534 1120 1530 1133 1532 1187 1547 1189 1547 1191 1547 1263 1530 1277 1528 1430 1528 1430 1511 1424 1471 1330 1471 1329 1471 1313 1456 1313 1454 1311 1454 1309 1454 1307 1454 1108 1456 1106 1456 1104 1456 1081 1471 1072 1477 1041 1477 1032 1471 1011 1457 1009 1457 1007 1457 1005 1457 1003 1457 969 1471 949 1477 884 1471 834 1465 833 1465 831 1465 815 1471 788 1479 775 1471 764 1461 762 1461 760 1461 720 1461 718 1461 716 1461 714 1461 714 1463 706 1471 700 1475 695 1471 685 1461 683 1461 681 1461 679 1461 677 1461 676 1461 664 1471 651 1480 593 1482 559 1482 540 1471 530 1463 528 1463 526 1463 524 1463 486 1471 421 1482 342 1471 344 1524"/></Shape>
	    <String CONTENT="و اخرت حرام است بر ابل دنيا و هردو حرام است بر ايل اله"
                    HPOS="342"
                    VPOS="1454"
                    WIDTH="1088"
                    HEIGHT="103"
                    WC="0.8647887927514536"></String>
          </TextLine>

          
          
          <TextLine ID="eSc_line_581a3e38"
                    TAGREFS="LT4834"
                    BASELINE="419 1632 1434 1611" 
                    HPOS="417"
                    VPOS="1549"
                    WIDTH="1017"
                    HEIGHT="111">
            <Shape><Polygon POINTS="419 1632 419 1651 430 1660 432 1660 434 1660 436 1660 557 1658 559 1658 561 1658 561 1656 574 1645 656 1656 658 1656 660 1656 662 1656 683 1639 685 1637 687 1639 708 1655 710 1655 712 1655 714 1655 758 1645 783 1655 785 1655 787 1655 788 1655 857 1637 934 1651 936 1651 938 1651 984 1633 1022 1645 1024 1645 1026 1645 1028 1645 1066 1630 1074 1626 1208 1626 1212 1626 1254 1641 1256 1641 1258 1641 1260 1641 1262 1641 1281 1624 1283 1624 1311 1624 1313 1624 1334 1643 1336 1643 1338 1643 1340 1643 1342 1643 1378 1622 1382 1622 1432 1622 1434 1611 1426 1561 1407 1568 1392 1561 1369 1549 1367 1549 1365 1549 1363 1549 1361 1549 1344 1563 1332 1570 1256 1565 1212 1563 1210 1563 1208 1563 1206 1563 1202 1567 1196 1570 1191 1567 1175 1555 1173 1555 1171 1555 1126 1555 1124 1555 1122 1555 1120 1555 1104 1570 1097 1576 1034 1576 1022 1572 978 1553 976 1553 974 1553 972 1553 970 1553 942 1574 934 1580 903 1580 896 1576 854 1557 852 1557 785 1557 783 1557 781 1557 743 1578 725 1561 725 1559 723 1559 721 1559 693 1559 691 1559 689 1559 643 1582 641 1584 639 1582 605 1561 603 1561 601 1561 599 1561 597 1561 509 1584 484 1572 482 1572 480 1572 417 1588 419 1632"/></Shape>
	    <String CONTENT="عالی اينست شرط مومن اسما عيلی که ياد کرده شد به جود"
                    HPOS="417"
                    VPOS="1549"
                    WIDTH="1017"
                    HEIGHT="111"
                    WC="0.8629752759839974"></String>
          </TextLine>

          
          
          <TextLine ID="eSc_line_12530901"
                    TAGREFS="LT4834"
                    BASELINE="425 1731 974 1727" 
                    HPOS="423"
                    VPOS="1653"
                    WIDTH="551"
                    HEIGHT="107">
            <Shape><Polygon POINTS="425 1731 425 1743 448 1758 450 1758 451 1758 453 1760 497 1760 497 1758 499 1758 501 1758 526 1743 559 1758 561 1758 563 1760 622 1760 622 1758 624 1758 626 1758 647 1743 695 1752 697 1752 698 1752 700 1752 700 1750 702 1750 708 1743 737 1756 739 1756 741 1756 743 1756 792 1741 903 1756 905 1756 907 1756 909 1756 909 1754 923 1741 974 1737 974 1727 970 1685 896 1685 877 1670 875 1670 873 1670 871 1670 869 1670 846 1677 798 1653 796 1653 723 1653 721 1653 720 1653 643 1687 582 1687 549 1656 549 1655 547 1655 545 1655 543 1655 541 1655 511 1666 474 1655 473 1655 471 1655 469 1655 467 1655 423 1683 425 1731"/></Shape>
	    <String CONTENT="در پيان توتی و ببترا و هر که"
                    HPOS="423"
                    VPOS="1653"
                    WIDTH="551"
                    HEIGHT="107"
                    WC="0.9063725237335477"></String>
          </TextLine>

          
          
          <TextLine ID="eSc_line_981d5bff"
                    TAGREFS="LT4834"
                    BASELINE="1045 1731 1411 1714" 
                    HPOS="1041"
                    VPOS="1656"
                    WIDTH="370"
                    HEIGHT="123">
            <Shape><Polygon POINTS="1045 1731 1047 1779 1120 1779 1122 1779 1170 1762 1262 1729 1288 1729 1307 1741 1319 1748 1321 1748 1323 1748 1325 1748 1327 1748 1329 1748 1329 1746 1340 1735 1342 1733 1411 1723 1411 1714 1403 1656 1365 1658 1363 1658 1361 1658 1359 1660 1336 1681 1302 1666 1288 1662 1286 1662 1284 1662 1283 1662 1252 1672 1200 1689 1149 1683 1083 1677 1081 1677 1080 1677 1041 1693 1045 1731"/></Shape>
	    <String CONTENT="صتو"
                    HPOS="1041"
                    VPOS="1656"
                    WIDTH="370"
                    HEIGHT="123"
                    WC="0.9446557958920797"></String>
          </TextLine>

          
          
          <TextLine ID="eSc_line_8b431c2a"
                    TAGREFS="LT4834"
                    BASELINE="1227 1798 1302 1794" 
                    HPOS="1221"
                    VPOS="1735"
                    WIDTH="81"
                    HEIGHT="94">
            <Shape><Polygon POINTS="1227 1798 1227 1829 1302 1829 1302 1794 1298 1746 1237 1735 1235 1735 1233 1735 1231 1735 1221 1741 1227 1798"/></Shape>
	    <String CONTENT=""
                    HPOS="1221"
                    VPOS="1735"
                    WIDTH="81"
                    HEIGHT="94"></String>
          </TextLine>

          
          
          <TextLine ID="eSc_line_38813bad"
                    TAGREFS="LT4834"
                    BASELINE="432 1832 890 1827 963 1819" 
                    HPOS="430"
                    VPOS="1760"
                    WIDTH="533"
                    HEIGHT="101">
            <Shape><Polygon POINTS="432 1832 432 1846 463 1861 465 1861 467 1861 469 1861 471 1861 482 1850 614 1846 635 1859 637 1859 639 1859 641 1859 643 1859 691 1848 806 1857 808 1857 810 1857 811 1857 811 1855 821 1848 867 1855 869 1855 871 1855 873 1855 873 1854 886 1840 963 1838 963 1819 961 1785 919 1767 917 1767 915 1767 856 1781 840 1785 819 1781 783 1773 781 1773 779 1773 760 1779 737 1787 720 1779 683 1760 681 1760 618 1760 616 1760 614 1760 612 1760 589 1775 568 1788 524 1781 522 1781 520 1781 499 1790 478 1771 467 1762 465 1762 463 1762 461 1762 459 1762 430 1769 432 1832"/></Shape>
	    <String CONTENT="دعوی دين داری کند او برا"
                    HPOS="430"
                    VPOS="1760"
                    WIDTH="533"
                    HEIGHT="101"
                    WC="0.9389600331584612"></String>
          </TextLine>

          
          
          <TextLine ID="eSc_line_677a8be8"
                    TAGREFS="LT4834"
                    BASELINE="417 1940 1442 1920" 
                    HPOS="415"
                    VPOS="1855"
                    WIDTH="1027"
                    HEIGHT="117">
            <Shape><Polygon POINTS="417 1940 417 1955 440 1955 457 1970 457 1972 459 1972 461 1972 463 1972 547 1957 603 1970 605 1970 607 1970 718 1968 720 1968 721 1968 754 1947 798 1966 800 1966 802 1966 804 1966 871 1949 888 1964 890 1964 892 1964 894 1966 926 1966 926 1964 928 1964 967 1943 1116 1942 1133 1951 1135 1951 1137 1951 1139 1951 1141 1951 1143 1951 1143 1949 1154 1940 1162 1940 1204 1940 1229 1959 1231 1959 1233 1959 1235 1959 1237 1959 1281 1938 1334 1953 1336 1953 1338 1953 1340 1953 1384 1934 1442 1932 1442 1920 1440 1880 1365 1855 1363 1855 1361 1855 1359 1855 1309 1880 1298 1886 1279 1880 1239 1869 1237 1869 1235 1869 1233 1869 1231 1869 1214 1880 1202 1886 1149 1886 1145 1880 1131 1871 1131 1869 1129 1869 1127 1869 1126 1869 1124 1869 1122 1869 1106 1880 1091 1892 1003 1892 991 1880 990 1880 990 1878 988 1878 986 1878 984 1878 982 1878 974 1882 953 1892 942 1882 938 1878 938 1876 936 1876 934 1876 932 1876 930 1876 928 1876 923 1882 905 1894 886 1882 859 1865 857 1865 856 1865 854 1865 804 1867 802 1867 800 1867 800 1869 785 1882 777 1892 737 1896 620 1894 580 1882 528 1871 526 1871 415 1882 417 1940"/></Shape>
	    <String CONTENT="دو چيز چاره نباشد اول تولی و دويم تبرا و تبرا بدين"
                    HPOS="415"
                    VPOS="1855"
                    WIDTH="1027"
                    HEIGHT="117"
                    WC="0.929117152094841"></String>
          </TextLine>

          
          
          <TextLine ID="eSc_line_9ad3e4c8"
                    TAGREFS="LT4834"
                    BASELINE="421 2041 1422 2020" 
                    HPOS="419"
                    VPOS="1959"
                    WIDTH="1003"
                    HEIGHT="118">
            <Shape><Polygon POINTS="421 2041 421 2068 434 2077 436 2077 438 2077 440 2077 442 2077 467 2064 476 2072 478 2072 480 2072 482 2072 530 2062 540 2062 549 2062 666 2075 668 2075 838 2064 871 2072 873 2072 875 2072 965 2053 969 2053 972 2053 1074 2066 1076 2066 1171 2053 1237 2064 1239 2064 1240 2064 1275 2049 1380 2056 1382 2056 1384 2056 1422 2041 1422 2020 1419 1963 1254 1959 1252 1959 1250 1959 1221 1970 1193 1982 1173 1972 1152 1961 1150 1961 1149 1961 1147 1961 1145 1961 1126 1974 1099 1991 1051 1993 976 1993 965 1982 951 1970 951 1968 949 1968 947 1968 946 1968 944 1968 942 1968 917 1984 900 1993 825 1987 781 1984 779 1984 777 1984 775 1984 769 1989 758 1997 720 1991 687 1987 685 1987 683 1987 681 1987 676 1993 670 1997 664 1993 637 1972 635 1972 633 1972 607 1972 605 1972 603 1972 601 1972 572 1989 543 1978 541 1978 540 1978 538 1978 490 1999 457 1986 455 1986 453 1986 451 1986 419 2001 421 2041"/></Shape>
	    <String CONTENT="عني كه الذين لهم حب الله وبعض في الله حقيقت"
                    HPOS="419"
                    VPOS="1959"
                    WIDTH="1003"
                    HEIGHT="118"
                    WC="0.9431427661762681"></String>
          </TextLine>

          
        </TextBlock>
        
        <TextBlock HPOS="796"
                   VPOS="206"
                   WIDTH="174"
                   HEIGHT="82"
                   ID="eSc_textblock_1df4a939"
                   TAGREFS="BT16059">
          <Shape><Polygon POINTS="834 206 955 206 970 265 819 288 796 229 834 206"/></Shape>
          
          
          <TextLine ID="eSc_line_bc96396a"
                    TAGREFS="LT4834"
                    BASELINE="836 258 915 252" 
                    HPOS="833"
                    VPOS="214"
                    WIDTH="84"
                    HEIGHT="74">
            <Shape><Polygon POINTS="836 258 838 288 917 288 915 252 909 214 833 221 836 258"/></Shape>
	    <String CONTENT="ع"
                    HPOS="833"
                    VPOS="214"
                    WIDTH="84"
                    HEIGHT="74"
                    WC="0.9924545288085938"></String>
          </TextLine>

          
        </TextBlock>
        
        <TextBlock HPOS="857"
                   VPOS="2074"
                   WIDTH="113"
                   HEIGHT="105"
                   ID="eSc_textblock_f7a1c806"
                   TAGREFS="BT16061">
          <Shape><Polygon POINTS="903 2074 970 2081 963 2179 896 2171 857 2133 903 2074"/></Shape>
          
          
          <TextLine ID="eSc_line_98e5698f"
                    TAGREFS="LT4834"
                    BASELINE="892 2139 967 2133" 
                    HPOS="888"
                    VPOS="2100"
                    WIDTH="79"
                    HEIGHT="58">
            <Shape><Polygon POINTS="955 2106 915 2100 913 2100 911 2100 888 2108 892 2139 892 2158 967 2150 967 2133 965 2129 955 2106"/></Shape>
	    <String CONTENT="وفي"
                    HPOS="888"
                    VPOS="2100"
                    WIDTH="79"
                    HEIGHT="58"
                    WC="0.9800746639569601"></String>
          </TextLine>

          
        </TextBlock>
        
        <TextBlock HPOS="337"
                   VPOS="1500"
                   WIDTH="44"
                   HEIGHT="36"
                   ID="eSc_textblock_73ee1a7c"
                   TAGREFS="BT16062">
          <Shape><Polygon POINTS="352 1500 381 1507 381 1536 337 1521 352 1500"/></Shape>
          
        </TextBlock>
        

        
      </PrintSpace>
    </Page>
  </Layout>
</alto>
