<?xml version="1.0" encoding="UTF-8"?>
<alto xmlns:xsi="http://www.w3.org/2001/XMLSchema-instance"
      xmlns="http://www.loc.gov/standards/alto/ns-v4#"
      xsi:schemaLocation="http://www.loc.gov/standards/alto/ns-v4# http://www.loc.gov/standards/alto/v4/alto-4-2.xsd">
  <Description>
    <MeasurementUnit>pixel</MeasurementUnit>
    <sourceImageInformation>
      <fileName>TwoIsmailiTreatises005.jpg</fileName>
      
    </sourceImageInformation>
  </Description>
  
  <Tags>
    <OtherTag ID="BT16074" LABEL="MarginTextZone:commentary" DESCRIPTION="block type MarginTextZone:commentary"/><OtherTag ID="BT16073" LABEL="MarginTextZone:note#1" DESCRIPTION="block type MarginTextZone:note#1"/><OtherTag ID="BT16072" LABEL="MainZone:column#2" DESCRIPTION="block type MainZone:column#2"/><OtherTag ID="BT16071" LABEL="MainZone:column#3" DESCRIPTION="block type MainZone:column#3"/><OtherTag ID="BT16070" LABEL="GraphicZone:illustration" DESCRIPTION="block type GraphicZone:illustration"/><OtherTag ID="BT16069" LABEL="MainZone:column#1" DESCRIPTION="block type MainZone:column#1"/><OtherTag ID="BT16068" LABEL="MarginTextZone:note#2" DESCRIPTION="block type MarginTextZone:note#2"/><OtherTag ID="BT16067" LABEL="CustomZone:publication" DESCRIPTION="block type CustomZone:publication"/><OtherTag ID="BT16066" LABEL="RunningTitleZone" DESCRIPTION="block type RunningTitleZone"/><OtherTag ID="BT16065" LABEL="NumberingZone" DESCRIPTION="block type NumberingZone"/><OtherTag ID="BT16064" LABEL="default" DESCRIPTION="block type default"/><OtherTag ID="BT16063" LABEL="TitlePageZone" DESCRIPTION="block type TitlePageZone"/><OtherTag ID="BT16062" LABEL="NumberingZone:other" DESCRIPTION="block type NumberingZone:other"/><OtherTag ID="BT16061" LABEL="QuireMarksZone:catchwords" DESCRIPTION="block type QuireMarksZone:catchwords"/><OtherTag ID="BT16060" LABEL="MainZone" DESCRIPTION="block type MainZone"/><OtherTag ID="BT16059" LABEL="NumberingZone:page" DESCRIPTION="block type NumberingZone:page"/><OtherTag ID="BT16058" LABEL="MarginTextZone:note" DESCRIPTION="block type MarginTextZone:note"/><OtherTag ID="BT16057" LABEL="DigitizationArtefactZone" DESCRIPTION="block type DigitizationArtefactZone"/><OtherTag ID="BT4" LABEL="Illustration" DESCRIPTION="block type Illustration"/><OtherTag ID="BT3" LABEL="Commentary" DESCRIPTION="block type Commentary"/><OtherTag ID="BT2" LABEL="Main" DESCRIPTION="block type Main"/><OtherTag ID="BT1" LABEL="Title" DESCRIPTION="block type Title"/>
    <OtherTag ID="LT4834" LABEL="DefaultLine" DESCRIPTION="line type DefaultLine"/><OtherTag ID="LT4835" LABEL="HeadingLine:title" DESCRIPTION="line type HeadingLine:title"/>
  </Tags>
  
  <Layout>
    <Page WIDTH="1467"
          HEIGHT="2155"
          PHYSICAL_IMG_NR="1"
          ID="eSc_dummypage_">
      <PrintSpace HPOS="0"
                  VPOS="0"
                  WIDTH="1467"
                  HEIGHT="2155">
        
        <TextBlock HPOS="93"
                   VPOS="481"
                   WIDTH="1048"
                   HEIGHT="1435"
                   ID="eSc_textblock_18c9ab8d"
                   TAGREFS="BT16060">
          <Shape><Polygon POINTS="366 481 445 502 875 488 1026 510 1076 668 1069 766 1127 1048 1112 1104 1141 1163 1120 1307 1134 1686 1098 1901 143 1916 100 1894 100 1429 122 1406 100 1370 122 1291 100 1127 122 1084 93 1034 136 989 122 883 143 818 93 660 179 574 228 574 287 502 366 481"/></Shape>
          
          
          <TextLine ID="eSc_line_cd7461fb"
                    TAGREFS="LT4834"
                    BASELINE="807 711 859 703" 
                    HPOS="800"
                    VPOS="660"
                    WIDTH="64"
                    HEIGHT="114">
            <Shape><Polygon POINTS="807 711 817 774 837 761 864 770 859 703 850 660 800 668 807 711"/></Shape>
	    <String CONTENT=""
                    HPOS="800"
                    VPOS="660"
                    WIDTH="64"
                    HEIGHT="114"></String>
          </TextLine>

          
          
          <TextLine ID="eSc_line_fe91dba4"
                    TAGREFS="LT4834"
                    BASELINE="133 1090 1019 1099" 
                    HPOS="131"
                    VPOS="1014"
                    WIDTH="888"
                    HEIGHT="115">
            <Shape><Polygon POINTS="133 1090 131 1102 156 1122 158 1122 160 1122 161 1124 240 1124 240 1122 242 1122 276 1109 300 1118 302 1118 303 1118 305 1118 346 1104 390 1120 391 1120 393 1120 395 1120 456 1104 471 1117 471 1118 472 1118 474 1118 476 1118 530 1111 557 1125 559 1125 560 1127 605 1127 605 1125 607 1125 609 1125 609 1124 629 1106 661 1106 728 1127 729 1127 731 1129 823 1129 823 1127 825 1127 826 1127 853 1109 875 1120 877 1120 879 1120 1017 1108 1019 1099 1017 1059 922 1041 920 1041 918 1041 916 1041 902 1054 897 1059 848 1059 830 1050 778 1027 776 1027 774 1027 773 1027 737 1041 717 1021 717 1020 715 1020 713 1020 613 1018 611 1018 609 1018 607 1018 573 1037 546 1054 499 1039 497 1039 496 1039 494 1039 469 1054 363 1054 311 1029 309 1029 307 1029 305 1029 303 1029 294 1036 280 1025 264 1014 262 1014 260 1014 258 1014 133 1018 133 1090"/></Shape>
	    <String CONTENT="اما بعد اين مجموعه شتمل است برد و رساله محتصر که"
                    HPOS="131"
                    VPOS="1014"
                    WIDTH="888"
                    HEIGHT="115"
                    WC="0.9151043978830179"></String>
          </TextLine>

          
          
          <TextLine ID="eSc_line_4ea54a06"
                    TAGREFS="LT4834"
                    BASELINE="140 1194 1089 1197" 
                    HPOS="138"
                    VPOS="1136"
                    WIDTH="951"
                    HEIGHT="92">
            <Shape><Polygon POINTS="140 1194 138 1205 215 1206 228 1219 230 1219 231 1219 233 1219 235 1219 237 1219 246 1212 262 1224 264 1224 266 1224 267 1224 368 1212 445 1224 447 1224 449 1224 451 1224 474 1208 489 1219 490 1219 492 1219 494 1219 602 1208 640 1226 641 1226 643 1228 711 1228 711 1226 713 1226 715 1226 733 1212 753 1226 755 1226 756 1226 758 1228 852 1228 852 1226 853 1226 889 1210 927 1221 929 1221 931 1222 931 1221 933 1221 970 1210 988 1222 990 1222 992 1222 994 1222 995 1222 1026 1210 1087 1210 1089 1197 1085 1152 906 1158 897 1152 879 1138 877 1138 875 1138 873 1138 871 1138 841 1149 733 1138 731 1138 729 1138 728 1138 728 1140 713 1152 708 1160 622 1160 618 1152 616 1151 614 1151 614 1149 613 1149 611 1149 609 1149 586 1154 575 1156 571 1154 553 1138 553 1136 551 1136 550 1136 548 1136 481 1147 447 1136 445 1136 444 1136 442 1136 440 1136 440 1138 422 1154 418 1158 388 1158 382 1154 337 1136 336 1136 287 1136 285 1136 284 1136 282 1136 282 1138 264 1154 262 1156 140 1156 140 1194"/></Shape>
	    <String CONTENT="هفت صد سال قبل تصنيف شده و تا به حال بزنور طيع نريده"
                    HPOS="138"
                    VPOS="1136"
                    WIDTH="951"
                    HEIGHT="92"
                    WC="0.8767703055189207"></String>
          </TextLine>

          
          
          <TextLine ID="eSc_line_3fe29a86"
                    TAGREFS="LT4834"
                    BASELINE="129 1285 956 1294" 
                    HPOS="127"
                    VPOS="1230"
                    WIDTH="829"
                    HEIGHT="97">
            <Shape><Polygon POINTS="129 1285 127 1300 145 1318 145 1319 147 1319 149 1319 151 1321 177 1321 177 1319 179 1319 181 1319 181 1318 201 1300 244 1316 246 1316 248 1316 249 1316 285 1303 454 1301 481 1323 483 1323 485 1323 487 1323 575 1305 593 1319 595 1319 596 1319 663 1321 665 1321 666 1321 668 1321 692 1307 710 1321 710 1323 711 1323 713 1323 715 1323 717 1323 742 1309 762 1325 764 1325 765 1325 767 1325 816 1318 825 1325 825 1327 826 1327 828 1327 830 1327 913 1325 915 1325 954 1305 956 1294 956 1246 949 1242 947 1242 945 1242 943 1242 942 1242 940 1242 929 1249 916 1258 906 1249 895 1240 895 1239 893 1239 891 1239 828 1237 826 1237 825 1237 823 1237 805 1249 787 1262 758 1262 749 1249 738 1240 738 1239 737 1239 735 1239 679 1235 677 1235 675 1235 632 1251 607 1260 577 1260 568 1251 564 1248 564 1246 562 1246 560 1246 559 1246 557 1246 555 1246 548 1251 533 1260 460 1260 442 1251 402 1233 400 1233 399 1233 397 1233 357 1251 343 1258 296 1258 285 1251 251 1230 249 1230 248 1230 161 1230 160 1230 158 1230 156 1230 129 1246 129 1285"/></Shape>
	    <String CONTENT="اول کتاب هفت باب ما باستد نا"
                    HPOS="127"
                    VPOS="1230"
                    WIDTH="829"
                    HEIGHT="97"
                    WC="0.9057274886540004"></String>
          </TextLine>

          
          
          <TextLine ID="eSc_line_899f51c2"
                    TAGREFS="LT4834"
                    BASELINE="133 1397 1093 1389" 
                    HPOS="131"
                    VPOS="1323"
                    WIDTH="962"
                    HEIGHT="104">
            <Shape><Polygon POINTS="133 1397 133 1407 145 1420 145 1422 147 1422 149 1422 151 1422 228 1407 276 1427 278 1427 280 1427 282 1427 284 1427 311 1406 368 1406 390 1424 390 1425 391 1425 393 1425 395 1427 465 1427 465 1425 467 1425 469 1425 499 1404 569 1422 571 1422 573 1422 575 1422 614 1402 643 1420 645 1420 647 1420 649 1420 650 1420 711 1402 764 1402 787 1402 809 1422 809 1424 810 1424 812 1424 814 1425 850 1425 850 1424 852 1424 888 1415 961 1422 963 1422 965 1422 994 1406 1091 1398 1093 1389 1091 1350 1044 1323 1042 1323 981 1323 979 1323 978 1323 976 1323 942 1348 904 1339 902 1339 900 1339 850 1348 830 1336 828 1336 826 1336 825 1336 823 1336 803 1343 785 1327 785 1325 783 1325 782 1325 697 1325 695 1325 693 1325 692 1325 692 1327 665 1350 550 1332 548 1332 546 1332 544 1332 530 1345 514 1334 512 1334 510 1334 508 1334 506 1334 471 1354 415 1354 375 1327 373 1327 372 1327 370 1327 302 1328 300 1328 242 1354 210 1343 208 1343 206 1343 131 1355 133 1397"/></Shape>
	    <String CONTENT="رساله اگر چه باسم با بايد نايعنی حضرت حن بن لصباح قدش"
                    HPOS="131"
                    VPOS="1323"
                    WIDTH="962"
                    HEIGHT="104"
                    WC="0.8747907854476065"></String>
          </TextLine>

          
          
          <TextLine ID="eSc_line_a1a14f58"
                    TAGREFS="LT4834"
                    BASELINE="134 1485 1093 1485" 
                    HPOS="134"
                    VPOS="1415"
                    WIDTH="959"
                    HEIGHT="98">
            <Shape><Polygon POINTS="134 1485 134 1495 224 1510 226 1510 334 1497 350 1510 350 1512 352 1512 354 1512 355 1512 357 1512 393 1497 503 1512 505 1513 537 1513 537 1512 539 1512 541 1512 557 1497 591 1512 593 1512 595 1513 690 1513 690 1512 692 1512 693 1512 693 1510 702 1503 814 1508 816 1508 873 1497 974 1512 976 1512 978 1512 979 1512 995 1501 1008 1510 1010 1510 1012 1510 1013 1510 1093 1495 1093 1485 1093 1447 949 1447 949 1445 918 1416 918 1415 916 1415 915 1415 913 1415 911 1415 909 1415 866 1442 852 1436 850 1436 848 1436 846 1436 844 1436 832 1445 830 1445 791 1436 789 1436 787 1436 755 1445 753 1445 719 1415 717 1415 715 1415 681 1415 679 1415 677 1415 675 1415 675 1416 645 1445 596 1415 595 1415 593 1415 568 1415 566 1415 564 1415 562 1415 562 1416 532 1445 530 1445 489 1429 487 1429 485 1429 483 1429 454 1438 424 1420 422 1420 420 1420 418 1420 417 1420 372 1438 346 1415 345 1415 343 1415 215 1415 213 1415 212 1415 210 1415 210 1416 192 1433 163 1429 161 1429 160 1429 134 1442 134 1485"/></Shape>
	    <String CONTENT="الته شره نست دارد و ليکن از تصييفات آن بزرگوارنميست"
                    HPOS="134"
                    VPOS="1415"
                    WIDTH="959"
                    HEIGHT="98"
                    WC="0.8621000269284615"></String>
          </TextLine>

          
          
          <TextLine ID="eSc_line_d722c1db"
                    TAGREFS="LT4834"
                    BASELINE="138 1576 1093 1585" 
                    HPOS="136"
                    VPOS="1508"
                    WIDTH="957"
                    HEIGHT="113">
            <Shape><Polygon POINTS="138 1576 136 1594 161 1614 163 1614 165 1614 167 1614 168 1614 222 1589 226 1587 230 1589 275 1607 276 1607 278 1607 280 1607 282 1607 298 1596 332 1605 334 1605 336 1605 337 1605 386 1591 411 1614 411 1616 413 1616 415 1616 417 1618 456 1618 456 1616 458 1616 460 1616 460 1614 487 1591 487 1589 515 1589 517 1591 546 1616 546 1618 548 1618 550 1618 551 1619 625 1619 625 1618 627 1618 629 1618 640 1609 683 1618 684 1618 686 1618 688 1618 713 1596 744 1610 746 1610 747 1610 749 1610 801 1592 859 1614 861 1614 862 1614 864 1614 866 1614 866 1612 880 1598 895 1605 897 1605 898 1605 947 1594 976 1619 976 1621 978 1621 979 1621 981 1621 1013 1618 1015 1618 1017 1618 1044 1594 1055 1603 1057 1603 1058 1603 1060 1603 1062 1603 1091 1592 1093 1585 1091 1515 1033 1515 1031 1515 1030 1515 1028 1515 992 1542 960 1515 958 1515 956 1515 954 1515 952 1515 900 1544 839 1513 837 1513 835 1513 834 1513 832 1513 830 1513 747 1544 711 1544 657 1528 656 1528 654 1528 652 1528 618 1540 568 1539 548 1519 548 1517 546 1517 544 1517 542 1517 541 1517 539 1517 506 1540 445 1540 417 1515 417 1513 415 1513 413 1513 411 1513 409 1513 408 1513 390 1521 384 1513 381 1512 381 1510 379 1510 377 1510 305 1508 303 1508 302 1508 300 1508 300 1510 294 1513 275 1533 230 1533 212 1513 206 1510 206 1508 204 1508 203 1508 201 1508 199 1508 188 1513 168 1522 160 1513 154 1510 154 1508 152 1508 151 1508 149 1508 147 1508 138 1512 138 1576"/></Shape>
	    <String CONTENT="داگر چه مصنف حيفيش نام خودش را ذکر نکرده ولی"
                    HPOS="136"
                    VPOS="1508"
                    WIDTH="957"
                    HEIGHT="113"
                    WC="0.8901748386296359"></String>
          </TextLine>

          
          
          <TextLine ID="eSc_line_e6a0ffee"
                    TAGREFS="LT4834"
                    BASELINE="129 1673 1091 1673" 
                    HPOS="129"
                    VPOS="1605"
                    WIDTH="962"
                    HEIGHT="102">
            <Shape><Polygon POINTS="129 1673 129 1695 170 1706 172 1706 174 1706 176 1706 188 1695 201 1686 266 1686 303 1693 337 1700 339 1700 341 1700 354 1693 363 1688 370 1693 377 1698 379 1698 381 1698 382 1698 384 1698 404 1693 409 1691 433 1691 456 1693 467 1704 467 1706 469 1706 471 1706 472 1707 586 1707 586 1706 587 1706 620 1689 627 1686 634 1689 659 1706 661 1706 663 1706 665 1707 704 1707 704 1706 706 1706 740 1689 746 1686 751 1689 774 1704 776 1704 778 1704 780 1704 782 1704 783 1704 805 1689 841 1688 877 1686 880 1688 916 1706 918 1706 920 1706 922 1706 956 1686 958 1686 999 1704 1001 1704 1003 1704 1091 1684 1091 1673 1091 1612 1058 1605 1057 1605 1055 1605 1053 1605 1051 1605 1039 1614 1010 1634 992 1616 981 1607 981 1605 979 1605 978 1605 940 1605 938 1605 936 1605 934 1605 934 1607 922 1618 907 1630 888 1625 886 1625 884 1625 882 1625 846 1636 828 1619 814 1607 814 1605 812 1605 810 1605 809 1605 807 1605 783 1616 738 1607 737 1607 735 1607 733 1607 715 1623 711 1625 704 1623 627 1605 625 1605 623 1605 622 1605 622 1607 602 1625 591 1637 530 1637 521 1627 517 1625 517 1623 515 1623 514 1623 512 1623 510 1623 499 1628 481 1637 382 1637 352 1632 327 1607 327 1605 325 1605 323 1605 284 1605 282 1605 280 1605 278 1605 278 1607 260 1621 201 1605 199 1605 197 1605 195 1605 129 1636 129 1673"/></Shape>
	    <String CONTENT="حتاب ندگوراست که تا ريخ تصنيقش سنه ادا ملک شنای"
                    HPOS="129"
                    VPOS="1605"
                    WIDTH="962"
                    HEIGHT="102"
                    WC="0.8927418576910141"></String>
          </TextLine>

          
          
          <TextLine ID="eSc_line_79cbca40"
                    TAGREFS="LT4834"
                    BASELINE="136 1776 1087 1776" 
                    HPOS="136"
                    VPOS="1715"
                    WIDTH="951"
                    HEIGHT="89">
            <Shape><Polygon POINTS="136 1776 136 1792 219 1803 221 1803 222 1803 244 1792 257 1786 271 1792 285 1797 287 1797 289 1797 312 1792 336 1786 343 1792 352 1801 352 1803 354 1803 355 1803 357 1804 386 1804 386 1803 388 1803 390 1803 390 1801 400 1792 402 1790 413 1792 462 1801 463 1801 465 1801 467 1801 478 1792 481 1788 487 1792 503 1799 505 1799 506 1799 566 1792 605 1786 611 1792 622 1801 622 1803 623 1803 625 1803 627 1804 679 1804 679 1803 681 1803 683 1803 683 1801 695 1792 701 1786 737 1792 798 1799 800 1799 834 1790 852 1786 857 1790 868 1801 868 1803 870 1803 871 1803 873 1804 915 1804 915 1803 916 1803 918 1803 933 1790 934 1788 988 1786 994 1790 1004 1801 1004 1803 1006 1803 1008 1803 1010 1804 1060 1804 1060 1803 1062 1803 1087 1790 1087 1776 1087 1725 1073 1715 1071 1715 1069 1715 1067 1715 983 1731 952 1736 942 1731 913 1716 911 1716 909 1716 907 1716 906 1716 884 1731 875 1736 841 1734 839 1732 814 1715 812 1715 810 1715 809 1715 720 1725 706 1715 704 1715 702 1715 701 1715 699 1715 697 1715 679 1725 652 1715 650 1715 649 1715 647 1715 593 1734 586 1738 483 1738 480 1734 458 1724 456 1724 454 1724 395 1736 391 1736 372 1722 370 1722 368 1722 366 1722 364 1722 363 1722 345 1736 336 1736 307 1736 289 1720 287 1720 285 1720 284 1720 282 1720 244 1732 222 1715 221 1715 219 1715 168 1715 167 1715 165 1715 163 1715 136 1732 136 1776"/></Shape>
	    <String CONTENT="يعنی خلالی است که مطايق سنه وده با ناه بجرى"
                    HPOS="136"
                    VPOS="1715"
                    WIDTH="951"
                    HEIGHT="89"
                    WC="0.8423368480316428"></String>
          </TextLine>

          
          
          <TextLine ID="eSc_line_8d27fcc6"
                    TAGREFS="LT4834"
                    BASELINE="140 1864 1082 1873" 
                    HPOS="138"
                    VPOS="1810"
                    WIDTH="944"
                    HEIGHT="102">
            <Shape><Polygon POINTS="140 1864 138 1891 163 1908 165 1908 167 1908 168 1910 258 1910 258 1908 260 1908 309 1891 332 1899 334 1899 336 1899 337 1899 357 1892 381 1910 382 1910 384 1910 386 1910 388 1910 445 1892 533 1912 535 1912 605 1910 607 1910 631 1898 665 1912 666 1912 668 1912 670 1912 672 1912 693 1896 726 1912 728 1912 729 1912 835 1896 949 1896 963 1908 963 1910 965 1910 967 1910 969 1910 970 1910 972 1910 972 1908 985 1898 1048 1907 1049 1907 1051 1907 1080 1896 1082 1873 1080 1829 976 1819 974 1819 972 1819 970 1819 961 1826 949 1837 895 1837 809 1822 789 1820 787 1820 785 1820 780 1822 751 1835 735 1820 731 1817 729 1817 728 1817 726 1817 724 1817 722 1817 722 1819 719 1820 702 1835 641 1819 622 1815 564 1815 562 1815 560 1815 559 1815 557 1817 542 1828 524 1817 521 1815 519 1815 517 1815 515 1815 514 1815 512 1817 489 1833 451 1833 427 1815 426 1813 424 1813 422 1813 420 1813 418 1813 417 1813 417 1815 397 1831 355 1815 354 1815 352 1815 350 1815 348 1815 327 1831 246 1811 244 1811 242 1811 240 1811 201 1829 185 1813 185 1811 183 1811 181 1811 140 1810 140 1864"/></Shape>
	    <String CONTENT="هبوی دسنه اايخی است و وفات با باشيد نا"
                    HPOS="138"
                    VPOS="1810"
                    WIDTH="944"
                    HEIGHT="102"
                    WC="0.8947800915492209"></String>
          </TextLine>

          
        </TextBlock>
        
        <TextBlock HPOS="589"
                   VPOS="150"
                   WIDTH="85"
                   HEIGHT="99"
                   ID="eSc_textblock_b30fbb4a"
                   TAGREFS="BT16059">
          <Shape><Polygon POINTS="625 150 674 215 631 249 589 213 625 150"/></Shape>
          
          
          <TextLine ID="eSc_line_451a76f8"
                    TAGREFS="LT4834"
                    BASELINE="613 204 645 199" 
                    HPOS="607"
                    VPOS="163"
                    WIDTH="40"
                    HEIGHT="68">
            <Shape><Polygon POINTS="631 163 609 172 607 177 613 204 618 231 647 217 645 199 636 168 631 163"/></Shape>
	    <String CONTENT=""
                    HPOS="607"
                    VPOS="163"
                    WIDTH="40"
                    HEIGHT="68"></String>
          </TextLine>

          
        </TextBlock>
        
        <TextBlock HPOS="546"
                   VPOS="1917"
                   WIDTH="99"
                   HEIGHT="78"
                   ID="eSc_textblock_3a79478a"
                   TAGREFS="BT16061">
          <Shape><Polygon POINTS="604 1917 645 1939 631 1995 546 1959 604 1917"/></Shape>
          
          
          <TextLine ID="eSc_line_2b1086f4"
                    TAGREFS="LT4834"
                    BASELINE="586 1966 634 1962" 
                    HPOS="582"
                    VPOS="1925"
                    WIDTH="52"
                    HEIGHT="68">
            <Shape><Polygon POINTS="618 1926 614 1925 582 1934 586 1966 586 1986 605 1993 607 1993 609 1993 611 1993 634 1980 634 1962 627 1930 618 1926"/></Shape>
	    <String CONTENT="ور"
                    HPOS="582"
                    VPOS="1925"
                    WIDTH="52"
                    HEIGHT="68"
                    WC="0.8943130075931549"></String>
          </TextLine>

          
        </TextBlock>
        

        
      </PrintSpace>
    </Page>
  </Layout>
</alto>
