<?xml version="1.0" encoding="UTF-8"?>
<alto xmlns:xsi="http://www.w3.org/2001/XMLSchema-instance"
      xmlns="http://www.loc.gov/standards/alto/ns-v4#"
      xsi:schemaLocation="http://www.loc.gov/standards/alto/ns-v4# http://www.loc.gov/standards/alto/v4/alto-4-2.xsd">
  <Description>
    <MeasurementUnit>pixel</MeasurementUnit>
    <sourceImageInformation>
      <fileName>TwoIsmailiTreatises066.jpg</fileName>
      
    </sourceImageInformation>
  </Description>
  
  <Tags>
    <OtherTag ID="BT16074" LABEL="MarginTextZone:commentary" DESCRIPTION="block type MarginTextZone:commentary"/><OtherTag ID="BT16073" LABEL="MarginTextZone:note#1" DESCRIPTION="block type MarginTextZone:note#1"/><OtherTag ID="BT16072" LABEL="MainZone:column#2" DESCRIPTION="block type MainZone:column#2"/><OtherTag ID="BT16071" LABEL="MainZone:column#3" DESCRIPTION="block type MainZone:column#3"/><OtherTag ID="BT16070" LABEL="GraphicZone:illustration" DESCRIPTION="block type GraphicZone:illustration"/><OtherTag ID="BT16069" LABEL="MainZone:column#1" DESCRIPTION="block type MainZone:column#1"/><OtherTag ID="BT16068" LABEL="MarginTextZone:note#2" DESCRIPTION="block type MarginTextZone:note#2"/><OtherTag ID="BT16067" LABEL="CustomZone:publication" DESCRIPTION="block type CustomZone:publication"/><OtherTag ID="BT16066" LABEL="RunningTitleZone" DESCRIPTION="block type RunningTitleZone"/><OtherTag ID="BT16065" LABEL="NumberingZone" DESCRIPTION="block type NumberingZone"/><OtherTag ID="BT16064" LABEL="default" DESCRIPTION="block type default"/><OtherTag ID="BT16063" LABEL="TitlePageZone" DESCRIPTION="block type TitlePageZone"/><OtherTag ID="BT16062" LABEL="NumberingZone:other" DESCRIPTION="block type NumberingZone:other"/><OtherTag ID="BT16061" LABEL="QuireMarksZone:catchwords" DESCRIPTION="block type QuireMarksZone:catchwords"/><OtherTag ID="BT16060" LABEL="MainZone" DESCRIPTION="block type MainZone"/><OtherTag ID="BT16059" LABEL="NumberingZone:page" DESCRIPTION="block type NumberingZone:page"/><OtherTag ID="BT16058" LABEL="MarginTextZone:note" DESCRIPTION="block type MarginTextZone:note"/><OtherTag ID="BT16057" LABEL="DigitizationArtefactZone" DESCRIPTION="block type DigitizationArtefactZone"/><OtherTag ID="BT4" LABEL="Illustration" DESCRIPTION="block type Illustration"/><OtherTag ID="BT3" LABEL="Commentary" DESCRIPTION="block type Commentary"/><OtherTag ID="BT2" LABEL="Main" DESCRIPTION="block type Main"/><OtherTag ID="BT1" LABEL="Title" DESCRIPTION="block type Title"/>
    <OtherTag ID="LT4834" LABEL="DefaultLine" DESCRIPTION="line type DefaultLine"/><OtherTag ID="LT4835" LABEL="HeadingLine:title" DESCRIPTION="line type HeadingLine:title"/>
  </Tags>
  
  <Layout>
    <Page WIDTH="1496"
          HEIGHT="2211"
          PHYSICAL_IMG_NR="62"
          ID="eSc_dummypage_">
      <PrintSpace HPOS="0"
                  VPOS="0"
                  WIDTH="1496"
                  HEIGHT="2211">
        
        <TextBlock HPOS="354"
                   VPOS="184"
                   WIDTH="1112"
                   HEIGHT="1759"
                   ID="eSc_textblock_1520f88c"
                   TAGREFS="BT16060">
          <Shape><Polygon POINTS="782 184 841 243 907 221 1341 221 1379 272 1466 287 1429 324 1451 390 1422 530 1444 609 1407 639 1451 735 1414 875 1068 899 1092 928 1407 935 1429 1015 1400 1127 1422 1228 1407 1582 1385 1599 1414 1739 1392 1768 1414 1790 1392 1943 649 1936 678 1916 634 1914 634 1879 700 1857 641 1848 671 1813 640 1789 398 1774 625 1768 641 1739 713 1731 737 1680 625 1641 391 1641 647 1619 376 1619 376 980 354 884 368 633 398 626 368 596 383 538 582 536 558 514 435 528 464 464 391 442 523 427 427 425 391 390 472 351 435 339 728 331 516 294 603 272 627 235 750 228 782 184"/></Shape>
          
          
          <TextLine ID="eSc_line_7b91ef5d"
                    TAGREFS="LT4834"
                    BASELINE="619 333 837 333" 
                    HPOS="619"
                    VPOS="287"
                    WIDTH="218"
                    HEIGHT="83">
            <Shape><Polygon POINTS="712 331 693 331 675 331 656 331 638 329 619 329 619 333 619 350 653 368 654 368 656 370 708 370 708 368 710 368 712 368 712 366 728 353 782 353 798 364 800 364 802 364 804 364 806 364 837 348 837 333 837 298 756 287 754 287 752 287 717 304 715 304 712 331"/></Shape>
	    <String CONTENT="افت"
                    HPOS="619"
                    VPOS="287"
                    WIDTH="218"
                    HEIGHT="83"
                    WC="0.9809026718139648"></String>
          </TextLine>

          
          
          <TextLine ID="eSc_line_5a0a46d6"
                    TAGREFS="LT4834"
                    BASELINE="914 339 1370 339" 
                    HPOS="914"
                    VPOS="280"
                    WIDTH="456"
                    HEIGHT="95">
            <Shape><Polygon POINTS="914 339 914 361 926 368 927 368 929 368 931 368 994 359 1007 370 1009 370 1010 370 1012 370 1014 370 1016 370 1027 359 1110 359 1143 374 1145 374 1147 374 1149 374 1173 362 1184 374 1186 374 1187 374 1189 375 1300 375 1300 374 1370 357 1370 339 1370 296 1346 283 1344 283 1342 283 1341 283 1315 298 1270 298 1250 280 1248 280 1246 280 1141 280 1139 280 1032 296 1003 285 1001 285 999 285 997 285 996 285 981 298 914 298 914 339"/></Shape>
	    <String CONTENT="وصى ر عشر اول از امامان دا"
                    HPOS="914"
                    VPOS="280"
                    WIDTH="456"
                    HEIGHT="95"
                    WC="0.9119232755440932"></String>
          </TextLine>

          
          
          <TextLine ID="eSc_line_e61c05c7"
                    TAGREFS="LT4834"
                    BASELINE="383 438 529 436" 
                    HPOS="381"
                    VPOS="407"
                    WIDTH="148"
                    HEIGHT="60">
            <Shape><Polygon POINTS="510 427 492 429 474 431 455 432 437 436 418 434 400 436 398 410 381 407 383 438 383 462 453 467 455 467 527 453 529 436 523 410 512 410 510 427"/></Shape>
	    <String CONTENT=""
                    HPOS="381"
                    VPOS="407"
                    WIDTH="148"
                    HEIGHT="60"></String>
          </TextLine>

          
          
          <TextLine ID="eSc_line_e143f5c2"
                    TAGREFS="LT4834"
                    BASELINE="586 438 839 432" 
                    HPOS="584"
                    VPOS="383"
                    WIDTH="255"
                    HEIGHT="83">
            <Shape><Polygon POINTS="586 438 586 453 614 451 617 455 629 464 629 466 630 466 632 466 634 466 636 466 660 455 678 464 680 464 682 464 684 464 708 455 721 464 723 464 724 464 726 464 807 462 809 462 839 445 839 432 833 403 804 403 802 403 765 383 763 383 761 383 759 383 717 405 697 385 697 383 695 383 693 383 671 383 669 383 638 385 636 385 634 385 634 386 612 407 612 409 584 409 586 438"/></Shape>
	    <String CONTENT="هندوستان"
                    HPOS="584"
                    VPOS="383"
                    WIDTH="255"
                    HEIGHT="83"
                    WC="0.960417278110981"></String>
          </TextLine>

          
          
          <TextLine ID="eSc_line_4cbb8171"
                    TAGREFS="LT4834"
                    BASELINE="909 438 1372 434" 
                    HPOS="907"
                    VPOS="386"
                    WIDTH="465"
                    HEIGHT="69">
            <Shape><Polygon POINTS="909 438 909 451 1368 455 1372 434 1370 405 1348 386 1346 386 1344 386 1342 386 1341 386 1300 405 1282 388 1280 388 1278 388 1276 388 1274 388 1222 403 1199 386 1197 386 1195 386 1139 386 1138 386 1136 386 1062 407 944 394 942 394 940 394 907 407 909 438"/></Shape>
	    <String CONTENT="ولادت خداوند خن"
                    HPOS="907"
                    VPOS="386"
                    WIDTH="465"
                    HEIGHT="69"
                    WC="0.9318687597910563"></String>
          </TextLine>

          
          
          <TextLine ID="eSc_line_5a907d39"
                    TAGREFS="LT4834"
                    BASELINE="391 541 435 536" 
                    HPOS="389"
                    VPOS="532"
                    WIDTH="48"
                    HEIGHT="31">
            <Shape><Polygon POINTS="426 532 407 536 389 536 391 541 392 563 437 554 435 536 433 532 426 532"/></Shape>
	    <String CONTENT=""
                    HPOS="389"
                    VPOS="532"
                    WIDTH="48"
                    HEIGHT="31"></String>
          </TextLine>

          
          
          <TextLine ID="eSc_line_f2fa4f3b"
                    TAGREFS="LT4834"
                    BASELINE="719 547 844 541" 
                    HPOS="717"
                    VPOS="506"
                    WIDTH="127"
                    HEIGHT="70">
            <Shape><Polygon POINTS="719 547 719 563 747 576 748 576 750 576 796 574 798 574 800 574 800 573 819 554 819 552 844 550 844 541 841 514 798 506 796 506 717 517 719 547"/></Shape>
	    <String CONTENT="هنود"
                    HPOS="717"
                    VPOS="506"
                    WIDTH="127"
                    HEIGHT="70"
                    WC="0.9021201133728027"></String>
          </TextLine>

          
          
          <TextLine ID="eSc_line_f818e854"
                    TAGREFS="LT4834"
                    BASELINE="892 539 1374 543" 
                    HPOS="890"
                    VPOS="482"
                    WIDTH="484"
                    HEIGHT="96">
            <Shape><Polygon POINTS="892 539 890 554 924 569 926 569 927 569 992 561 1005 573 1007 573 1009 573 1010 573 1012 573 1014 573 1034 556 1095 556 1128 578 1130 578 1132 578 1134 578 1269 567 1328 578 1329 578 1331 578 1372 556 1374 543 1374 510 1337 497 1335 497 1333 497 1331 497 1307 508 1234 484 1232 484 1230 484 1228 484 1226 484 1226 486 1202 508 1202 510 1184 510 1180 508 1136 482 1134 482 1066 482 1064 482 1062 482 994 506 992 506 892 506 892 539"/></Shape>
	    <String CONTENT="و هم و خيال و پنداشت عد"
                    HPOS="890"
                    VPOS="482"
                    WIDTH="484"
                    HEIGHT="96"
                    WC="0.9105050032553466"></String>
          </TextLine>

          
          
          <TextLine ID="eSc_line_9d70968e"
                    TAGREFS="LT4834"
                    BASELINE="405 637 448 635" 
                    HPOS="402"
                    VPOS="593"
                    WIDTH="46"
                    HEIGHT="72">
            <Shape><Polygon POINTS="405 637 405 657 418 665 420 665 422 665 424 665 426 665 448 657 448 635 444 593 402 593 405 637"/></Shape>
	    <String CONTENT=""
                    HPOS="402"
                    VPOS="593"
                    WIDTH="46"
                    HEIGHT="72"></String>
          </TextLine>

          
          
          <TextLine ID="eSc_line_2539cf43"
                    TAGREFS="LT4834"
                    BASELINE="549 637 841 643" 
                    HPOS="547"
                    VPOS="573"
                    WIDTH="294"
                    HEIGHT="99">
            <Shape><Polygon POINTS="549 637 547 650 582 666 584 666 586 666 588 666 643 652 675 668 676 668 678 668 761 655 776 668 776 670 778 670 780 670 782 672 819 672 819 670 820 670 822 670 839 655 841 643 841 600 761 574 759 574 758 574 756 574 723 591 706 574 706 573 704 573 702 573 700 573 654 574 653 574 612 596 549 596 549 637"/></Shape>
	    <String CONTENT="يزداق ل ملک"
                    HPOS="547"
                    VPOS="573"
                    WIDTH="294"
                    HEIGHT="99"
                    WC="0.8599775596098467"></String>
          </TextLine>

          
          
          <TextLine ID="eSc_line_6b024af5"
                    TAGREFS="LT4834"
                    BASELINE="914 643 973 639" 
                    HPOS="911"
                    VPOS="606"
                    WIDTH="62"
                    HEIGHT="53">
            <Shape><Polygon POINTS="914 643 914 648 938 659 940 659 942 659 944 659 973 644 973 639 970 606 911 606 914 643"/></Shape>
	    <String CONTENT=""
                    HPOS="911"
                    VPOS="606"
                    WIDTH="62"
                    HEIGHT="53"></String>
          </TextLine>

          
          
          <TextLine ID="eSc_line_f76fd1ea"
                    TAGREFS="LT4834"
                    BASELINE="1127 639 1376 643" 
                    HPOS="1125"
                    VPOS="587"
                    WIDTH="251"
                    HEIGHT="98">
            <Shape><Polygon POINTS="1127 639 1125 652 1160 665 1162 665 1163 665 1221 652 1222 652 1252 681 1252 683 1254 683 1256 683 1258 685 1329 685 1329 683 1331 683 1333 683 1374 652 1376 643 1376 611 1331 600 1329 600 1328 600 1326 600 1302 611 1300 611 1248 587 1246 587 1189 587 1187 587 1186 587 1184 587 1152 609 1151 609 1127 609 1127 639"/></Shape>
	    <String CONTENT="وهم و پنداشت"
                    HPOS="1125"
                    VPOS="587"
                    WIDTH="251"
                    HEIGHT="98"
                    WC="0.9497935076554617"></String>
          </TextLine>

          
          
          <TextLine ID="eSc_line_b730c7c9"
                    TAGREFS="LT4834"
                    BASELINE="378 759 1376 744" 
                    HPOS="376"
                    VPOS="676"
                    WIDTH="1000"
                    HEIGHT="110">
            <Shape><Polygon POINTS="378 759 378 772 391 784 391 786 392 786 394 786 396 786 475 770 496 784 498 784 499 784 501 784 503 784 546 768 605 784 606 784 608 784 610 784 654 768 682 777 684 777 686 777 752 764 813 775 815 775 865 764 885 779 887 779 889 779 890 781 951 781 951 779 953 779 1007 760 1032 760 1056 777 1058 777 1060 777 1062 777 1064 777 1090 768 1110 775 1112 775 1114 775 1116 775 1117 775 1145 759 1333 773 1335 773 1337 773 1376 753 1376 744 1370 698 1335 703 1326 698 1311 689 1309 689 1307 689 1306 689 1304 689 1302 689 1289 700 1282 705 1204 707 1193 701 1184 694 1182 694 1180 694 1178 694 1130 701 1106 690 1104 690 1103 690 1101 690 1099 690 1079 705 1075 707 1071 705 1045 683 1044 683 1042 683 1040 683 1038 683 1009 694 973 676 972 676 970 676 968 676 966 676 913 709 909 711 905 709 883 700 881 700 879 700 878 700 876 700 876 701 874 701 868 709 865 714 802 714 800 711 763 679 763 678 761 678 759 678 758 678 756 678 754 678 724 703 697 681 697 679 695 679 693 679 641 679 640 679 638 679 636 679 636 681 614 700 586 681 584 681 582 681 501 681 499 681 439 683 437 683 435 683 376 716 378 759"/></Shape>
	    <String CONTENT="فهرست اسما و اصطلاحات که در کتاب مطلوب الم"
                    HPOS="376"
                    VPOS="676"
                    WIDTH="1000"
                    HEIGHT="110"
                    WC="0.9476374501273745"></String>
          </TextLine>

          
          
          <TextLine ID="eSc_line_4911c449"
                    TAGREFS="LT4834"
                    BASELINE="368 832 1374 840" 
                    HPOS="367"
                    VPOS="772"
                    WIDTH="1007"
                    HEIGHT="101">
            <Shape><Polygon POINTS="368 832 367 860 538 867 540 867 542 867 562 860 577 856 616 860 680 869 682 869 750 860 776 858 783 860 802 869 804 869 806 869 850 860 857 860 859 860 879 871 881 871 883 871 885 871 911 860 913 860 916 860 940 871 942 871 944 871 946 871 973 860 975 860 988 871 990 871 992 871 994 871 996 871 1020 862 1099 871 1101 871 1103 871 1104 871 1119 860 1121 860 1130 860 1200 873 1202 873 1372 860 1374 840 1374 799 1318 788 1317 788 1315 788 1296 795 1280 779 1280 777 1278 777 1276 777 1219 777 1217 777 1215 777 1213 777 1186 795 1184 797 1180 795 1117 775 1116 775 1114 775 1112 775 1110 775 1110 777 1097 788 1060 775 1058 775 1056 775 1055 775 1020 794 1018 795 1016 794 990 779 988 779 986 779 985 779 983 779 981 779 962 792 944 777 944 775 942 775 940 775 938 775 937 775 890 786 874 773 872 773 870 773 868 773 841 775 839 775 837 775 837 777 820 792 819 795 747 795 741 792 719 773 717 773 715 773 713 773 712 773 710 773 682 790 675 795 632 795 625 790 612 781 610 781 608 781 606 781 560 788 544 792 540 788 523 773 523 772 522 772 520 772 518 772 387 773 385 773 383 773 368 783 368 832"/></Shape>
	    <String CONTENT="موجود ال نهرهها مرجع بر صصحبای نسخه اصلی است که در عاشيه قوم"
                    HPOS="367"
                    VPOS="772"
                    WIDTH="1007"
                    HEIGHT="101"
                    WC="0.8667732208967209"></String>
          </TextLine>

          
          
          <TextLine ID="eSc_line_8a8b917d"
                    TAGREFS="LT4834"
                    BASELINE="385 919 833 912" 
                    HPOS="383"
                    VPOS="865"
                    WIDTH="450"
                    HEIGHT="85">
            <Shape><Polygon POINTS="385 919 385 934 431 948 433 948 435 950 490 950 490 948 492 948 494 948 518 934 527 930 579 930 590 934 616 945 617 945 619 947 697 947 697 945 699 945 700 945 713 934 724 926 758 934 795 943 796 943 833 934 833 912 831 886 787 867 785 867 728 865 726 865 724 865 723 865 702 882 627 867 625 867 623 867 579 888 498 878 496 878 494 878 470 889 418 875 416 875 415 875 413 875 383 889 385 919"/></Shape>
	    <String CONTENT="چهادا ظاهر و باطن ا"
                    HPOS="383"
                    VPOS="865"
                    WIDTH="450"
                    HEIGHT="85"
                    WC="0.8661960033993972"></String>
          </TextLine>

          
          
          <TextLine ID="eSc_line_b2203663"
                    TAGREFS="LT4834"
                    BASELINE="911 915 970 912" 
                    HPOS="907"
                    VPOS="886"
                    WIDTH="63"
                    HEIGHT="38">
            <Shape><Polygon POINTS="911 915 911 924 970 923 970 912 964 886 907 888 911 915"/></Shape>
	    <String CONTENT=""
                    HPOS="907"
                    VPOS="886"
                    WIDTH="63"
                    HEIGHT="38"></String>
          </TextLine>

          
          
          <TextLine ID="eSc_line_ffc8f2ec"
                    TAGREFS="LT4834"
                    BASELINE="396 991 429 987" 
                    HPOS="391"
                    VPOS="941"
                    WIDTH="38"
                    HEIGHT="68">
            <Shape><Polygon POINTS="396 991 398 1009 429 1009 429 987 420 941 391 950 396 991"/></Shape>
	    <String CONTENT=""
                    HPOS="391"
                    VPOS="941"
                    WIDTH="38"
                    HEIGHT="68"></String>
          </TextLine>

          
          
          <TextLine ID="eSc_line_f39ae47e"
                    TAGREFS="LT4834"
                    BASELINE="931 989 961 985" 
                    HPOS="926"
                    VPOS="941"
                    WIDTH="35"
                    HEIGHT="59">
            <Shape><Polygon POINTS="931 1000 961 1000 961 985 955 945 926 941 931 989 931 1000"/></Shape>
	    <String CONTENT=""
                    HPOS="926"
                    VPOS="941"
                    WIDTH="35"
                    HEIGHT="59"></String>
          </TextLine>

          
          
          <TextLine ID="eSc_line_b6d07e9e"
                    TAGREFS="LT4834"
                    BASELINE="914 1050 1018 1046" 
                    HPOS="913"
                    VPOS="998"
                    WIDTH="105"
                    HEIGHT="57">
            <Shape><Polygon POINTS="914 1050 914 1053 1016 1055 1018 1046 1014 1009 964 998 962 998 961 998 913 1011 914 1050"/></Shape>
	    <String CONTENT=""
                    HPOS="913"
                    VPOS="998"
                    WIDTH="105"
                    HEIGHT="57"></String>
          </TextLine>

          
          
          <TextLine ID="eSc_line_59e8cb36"
                    TAGREFS="LT4834"
                    BASELINE="1141 989 1374 985" 
                    HPOS="1139"
                    VPOS="935"
                    WIDTH="235"
                    HEIGHT="76">
            <Shape><Polygon POINTS="1141 989 1141 1002 1222 1011 1224 1011 1372 1000 1374 985 1372 947 1359 935 1357 935 1355 935 1353 935 1352 935 1304 947 1261 937 1259 937 1258 937 1219 952 1197 943 1195 943 1193 943 1139 954 1141 989"/></Shape>
	    <String CONTENT="ار گمان ظاهری"
                    HPOS="1139"
                    VPOS="935"
                    WIDTH="235"
                    HEIGHT="76"
                    WC="0.8690675130257239"></String>
          </TextLine>

          
          
          <TextLine ID="eSc_line_d712e21a"
                    TAGREFS="LT4834"
                    BASELINE="396 1061 433 1055" 
                    HPOS="389"
                    VPOS="1009"
                    WIDTH="44"
                    HEIGHT="67">
            <Shape><Polygon POINTS="396 1061 398 1076 433 1072 433 1055 422 1009 389 1018 396 1061"/></Shape>
	    <String CONTENT=""
                    HPOS="389"
                    VPOS="1009"
                    WIDTH="44"
                    HEIGHT="67"></String>
          </TextLine>

          
          
          <TextLine ID="eSc_line_0ffd8a6b"
                    TAGREFS="LT4834"
                    BASELINE="619 1053 826 1048" 
                    HPOS="617"
                    VPOS="994"
                    WIDTH="209"
                    HEIGHT="98">
            <Shape><Polygon POINTS="619 1053 619 1090 662 1092 664 1092 665 1092 684 1085 708 1074 723 1079 747 1090 748 1090 750 1090 752 1090 754 1090 754 1088 767 1076 771 1072 776 1074 798 1081 800 1081 802 1081 804 1081 826 1068 826 1048 819 1006 776 1020 761 1011 739 994 737 994 736 994 695 994 693 994 691 994 689 994 689 996 664 1020 664 1022 617 1024 619 1053"/></Shape>
	    <String CONTENT="حجت عظم"
                    HPOS="617"
                    VPOS="994"
                    WIDTH="209"
                    HEIGHT="98"
                    WC="0.9083691835403442"></String>
          </TextLine>

          
          
          <TextLine ID="eSc_line_0931255f"
                    TAGREFS="LT4834"
                    BASELINE="1145 1061 1376 1061" 
                    HPOS="1145"
                    VPOS="1013"
                    WIDTH="231"
                    HEIGHT="81">
            <Shape><Polygon POINTS="1145 1061 1145 1079 1162 1094 1163 1094 1165 1094 1167 1094 1169 1094 1222 1074 1226 1074 1228 1074 1296 1094 1298 1094 1300 1094 1302 1094 1304 1094 1331 1074 1333 1074 1376 1074 1376 1061 1376 1022 1355 1013 1353 1013 1352 1013 1350 1013 1328 1022 1145 1018 1145 1061"/></Shape>
	    <String CONTENT="اشمعيلی دمومن"
                    HPOS="1145"
                    VPOS="1013"
                    WIDTH="231"
                    HEIGHT="81"
                    WC="0.9562710065108079"></String>
          </TextLine>

          
          
          <TextLine ID="eSc_line_44552b68"
                    TAGREFS="LT4834"
                    BASELINE="407 1129 418 1129" 
                    HPOS="407"
                    VPOS="1094"
                    WIDTH="11"
                    HEIGHT="55">
            <Shape><Polygon POINTS="407 1147 416 1149 418 1129 418 1096 409 1094 407 1129 407 1147"/></Shape>
	    <String CONTENT=""
                    HPOS="407"
                    VPOS="1094"
                    WIDTH="11"
                    HEIGHT="55"></String>
          </TextLine>

          
          
          <TextLine ID="eSc_line_fc69d24a"
                    TAGREFS="LT4834"
                    BASELINE="389 1199 498 1195" 
                    HPOS="387"
                    VPOS="1158"
                    WIDTH="111"
                    HEIGHT="69">
            <Shape><Polygon POINTS="389 1199 389 1221 435 1227 437 1227 439 1227 440 1227 440 1225 451 1216 463 1225 464 1225 466 1225 468 1225 470 1225 498 1210 498 1195 492 1158 387 1166 389 1199"/></Shape>
	    <String CONTENT=""
                    HPOS="387"
                    VPOS="1158"
                    WIDTH="111"
                    HEIGHT="69"></String>
          </TextLine>

          
          
          <TextLine ID="eSc_line_0a90feee"
                    TAGREFS="LT4834"
                    BASELINE="660 1142 822 1136" 
                    HPOS="658"
                    VPOS="1072"
                    WIDTH="164"
                    HEIGHT="94">
            <Shape><Polygon POINTS="660 1142 660 1158 706 1166 708 1166 710 1166 759 1153 782 1162 783 1162 785 1162 787 1162 822 1147 822 1136 819 1090 795 1072 793 1072 791 1072 789 1072 787 1072 745 1083 736 1074 734 1074 732 1074 730 1074 728 1074 726 1074 726 1076 699 1098 697 1101 658 1101 660 1142"/></Shape>
	    <String CONTENT="حق اليقين"
                    HPOS="658"
                    VPOS="1072"
                    WIDTH="164"
                    HEIGHT="94"
                    WC="0.9333459933598837"></String>
          </TextLine>

          
          
          <TextLine ID="eSc_line_4a116524"
                    TAGREFS="LT4834"
                    BASELINE="647 1197 820 1193" 
                    HPOS="645"
                    VPOS="1138"
                    WIDTH="175"
                    HEIGHT="90">
            <Shape><Polygon POINTS="739 1140 737 1140 736 1140 734 1140 717 1151 704 1162 645 1162 647 1197 647 1210 782 1228 783 1228 785 1228 787 1228 820 1206 820 1193 813 1138 780 1153 759 1146 741 1140 739 1140"/></Shape>
	    <String CONTENT="حکم حقيقت"
                    HPOS="645"
                    VPOS="1138"
                    WIDTH="175"
                    HEIGHT="90"
                    WC="0.9573636452356974"></String>
          </TextLine>

          
          
          <TextLine ID="eSc_line_cca197f6"
                    TAGREFS="LT4834"
                    BASELINE="918 1138 1376 1134" 
                    HPOS="916"
                    VPOS="1099"
                    WIDTH="460"
                    HEIGHT="69">
            <Shape><Polygon POINTS="918 1138 918 1157 977 1168 979 1168 1080 1158 1160 1151 1245 1153 1250 1158 1256 1164 1256 1166 1258 1166 1259 1166 1261 1166 1376 1158 1376 1134 1372 1099 916 1099 918 1138"/></Shape>
	    <String CONTENT="امام زمان"
                    HPOS="916"
                    VPOS="1099"
                    WIDTH="460"
                    HEIGHT="69"
                    WC="0.944407323996226"></String>
          </TextLine>

          
          
          <TextLine ID="eSc_line_69eebb8e"
                    TAGREFS="LT4834"
                    BASELINE="400 1267 424 1263" 
                    HPOS="392"
                    VPOS="1223"
                    WIDTH="34"
                    HEIGHT="61">
            <Shape><Polygon POINTS="400 1267 402 1284 426 1284 424 1263 415 1223 392 1225 400 1267"/></Shape>
	    <String CONTENT=""
                    HPOS="392"
                    VPOS="1223"
                    WIDTH="34"
                    HEIGHT="61"></String>
          </TextLine>

          
          
          <TextLine ID="eSc_line_7d6c56e8"
                    TAGREFS="LT4834"
                    BASELINE="911 1204 1040 1204" 
                    HPOS="911"
                    VPOS="1177"
                    WIDTH="129"
                    HEIGHT="66">
            <Shape><Polygon POINTS="911 1204 911 1238 977 1243 979 1243 981 1243 1040 1223 1040 1204 1040 1177 911 1177 911 1204"/></Shape>
	    <String CONTENT=""
                    HPOS="911"
                    VPOS="1177"
                    WIDTH="129"
                    HEIGHT="66"></String>
          </TextLine>

          
          
          <TextLine ID="eSc_line_e8bfe658"
                    TAGREFS="LT4834"
                    BASELINE="1149 1206 1376 1206" 
                    HPOS="1149"
                    VPOS="1147"
                    WIDTH="227"
                    HEIGHT="91">
            <Shape><Polygon POINTS="1149 1206 1149 1221 1178 1236 1180 1236 1182 1238 1261 1238 1261 1236 1263 1236 1293 1221 1320 1236 1322 1236 1324 1236 1326 1236 1328 1236 1346 1221 1376 1221 1376 1206 1376 1175 1195 1147 1193 1147 1191 1147 1189 1147 1189 1149 1163 1175 1149 1175 1149 1206"/></Shape>
	    <String CONTENT="امرو نوای حقيقی"
                    HPOS="1149"
                    VPOS="1147"
                    WIDTH="227"
                    HEIGHT="91"
                    WC="0.9256470998128256"></String>
          </TextLine>

          
          
          <TextLine ID="eSc_line_437aff94"
                    TAGREFS="LT4834"
                    BASELINE="721 1271 820 1267" 
                    HPOS="717"
                    VPOS="1225"
                    WIDTH="103"
                    HEIGHT="70">
            <Shape><Polygon POINTS="721 1271 721 1278 767 1295 769 1295 771 1295 772 1295 820 1275 820 1267 815 1225 717 1227 721 1271"/></Shape>
	    <String CONTENT="خدا پ"
                    HPOS="717"
                    VPOS="1225"
                    WIDTH="103"
                    HEIGHT="70"
                    WC="0.8794744729995727"></String>
          </TextLine>

          
          
          <TextLine ID="eSc_line_0947b15c"
                    TAGREFS="LT4834"
                    BASELINE="913 1275 962 1271" 
                    HPOS="909"
                    VPOS="1227"
                    WIDTH="53"
                    HEIGHT="73">
            <Shape><Polygon POINTS="913 1275 913 1291 933 1300 935 1300 937 1300 938 1300 962 1287 962 1271 957 1227 909 1228 913 1275"/></Shape>
	    <String CONTENT=""
                    HPOS="909"
                    VPOS="1227"
                    WIDTH="53"
                    HEIGHT="73"></String>
          </TextLine>

          
          
          <TextLine ID="eSc_line_b0a63611"
                    TAGREFS="LT4834"
                    BASELINE="391 1339 820 1335" 
                    HPOS="389"
                    VPOS="1280"
                    WIDTH="431"
                    HEIGHT="88">
            <Shape><Polygon POINTS="391 1339 391 1352 402 1361 403 1361 405 1361 407 1361 409 1361 411 1361 411 1359 426 1348 439 1348 453 1348 483 1367 485 1367 486 1367 488 1368 544 1368 544 1367 546 1367 547 1367 569 1348 671 1361 673 1361 675 1361 699 1350 759 1359 761 1359 819 1345 820 1335 819 1295 809 1286 809 1284 807 1284 806 1284 804 1284 693 1293 675 1280 673 1280 671 1280 612 1280 610 1280 608 1280 606 1280 592 1291 547 1284 546 1284 544 1284 542 1284 514 1304 512 1306 389 1306 391 1339"/></Shape>
	    <String CONTENT="خداوند زمان ذکره السلام"
                    HPOS="389"
                    VPOS="1280"
                    WIDTH="431"
                    HEIGHT="88"
                    WC="0.9606477929198224"></String>
          </TextLine>

          
          
          <TextLine ID="eSc_line_d599acc0"
                    TAGREFS="LT4834"
                    BASELINE="1228 1278 1368 1276" 
                    HPOS="1226"
                    VPOS="1223"
                    WIDTH="142"
                    HEIGHT="88">
            <Shape><Polygon POINTS="1228 1278 1228 1295 1272 1289 1276 1293 1296 1310 1298 1310 1300 1310 1302 1311 1329 1311 1329 1310 1331 1310 1333 1310 1368 1287 1368 1276 1366 1236 1335 1225 1333 1225 1331 1225 1329 1225 1328 1225 1306 1240 1304 1240 1302 1240 1265 1223 1263 1223 1261 1223 1259 1223 1226 1240 1228 1278"/></Shape>
	    <String CONTENT="ابل باطن"
                    HPOS="1226"
                    VPOS="1223"
                    WIDTH="142"
                    HEIGHT="88"
                    WC="0.944252260029316"></String>
          </TextLine>

          
          
          <TextLine ID="eSc_line_66a60fe6"
                    TAGREFS="LT4834"
                    BASELINE="916 1346 964 1343" 
                    HPOS="913"
                    VPOS="1300"
                    WIDTH="51"
                    HEIGHT="70">
            <Shape><Polygon POINTS="916 1346 916 1361 937 1370 938 1370 940 1370 942 1370 964 1357 964 1343 961 1306 944 1300 942 1300 940 1300 938 1300 913 1310 916 1346"/></Shape>
	    <String CONTENT=""
                    HPOS="913"
                    VPOS="1300"
                    WIDTH="51"
                    HEIGHT="70"></String>
          </TextLine>

          
          
          <TextLine ID="eSc_line_054af7ce"
                    TAGREFS="LT4834"
                    BASELINE="387 1413 820 1405" 
                    HPOS="385"
                    VPOS="1357"
                    WIDTH="435"
                    HEIGHT="81">
            <Shape><Polygon POINTS="387 1413 387 1437 501 1418 592 1427 710 1438 712 1438 713 1438 758 1424 780 1431 782 1431 783 1431 785 1431 820 1413 820 1405 815 1357 645 1363 643 1363 623 1368 581 1380 503 1376 409 1370 407 1370 405 1370 385 1380 387 1413"/></Shape>
	    <String CONTENT="خليفه لر امام زمان"
                    HPOS="385"
                    VPOS="1357"
                    WIDTH="435"
                    HEIGHT="81"
                    WC="0.8573586179150475"></String>
          </TextLine>

          
          
          <TextLine ID="eSc_line_c75ff56f"
                    TAGREFS="LT4834"
                    BASELINE="926 1411 962 1411" 
                    HPOS="926"
                    VPOS="1372"
                    WIDTH="36"
                    HEIGHT="59">
            <Shape><Polygon POINTS="926 1411 926 1420 959 1431 962 1411 961 1372 926 1378 926 1411"/></Shape>
	    <String CONTENT=""
                    HPOS="926"
                    VPOS="1372"
                    WIDTH="36"
                    HEIGHT="59"></String>
          </TextLine>

          
          
          <TextLine ID="eSc_line_462bb8a3"
                    TAGREFS="LT4834"
                    BASELINE="1180 1356 1370 1350" 
                    HPOS="1178"
                    VPOS="1295"
                    WIDTH="192"
                    HEIGHT="86">
            <Shape><Polygon POINTS="1180 1356 1180 1368 1304 1381 1306 1381 1307 1381 1370 1361 1370 1350 1366 1308 1333 1300 1331 1300 1329 1300 1328 1300 1307 1310 1289 1298 1287 1298 1285 1298 1283 1298 1282 1298 1280 1298 1269 1310 1241 1295 1239 1295 1237 1295 1235 1295 1178 1311 1180 1356"/></Shape>
	    <String CONTENT="اهل جج باطن"
                    HPOS="1178"
                    VPOS="1295"
                    WIDTH="192"
                    HEIGHT="86"
                    WC="0.9333425164222717"></String>
          </TextLine>

          
          
          <TextLine ID="eSc_line_909505f3"
                    TAGREFS="LT4834"
                    BASELINE="634 1483 828 1483" 
                    HPOS="634"
                    VPOS="1437"
                    WIDTH="194"
                    HEIGHT="72">
            <Shape><Polygon POINTS="634 1483 634 1496 660 1509 662 1509 664 1509 828 1494 828 1483 828 1448 802 1437 800 1437 798 1437 730 1448 702 1437 700 1437 699 1437 697 1437 695 1437 682 1450 634 1450 634 1483"/></Shape>
	    <String CONTENT="دعوت هاديه"
                    HPOS="634"
                    VPOS="1437"
                    WIDTH="194"
                    HEIGHT="72"
                    WC="0.9884203851222992"></String>
          </TextLine>

          
          
          <TextLine ID="eSc_line_2c7182c7"
                    TAGREFS="LT4834"
                    BASELINE="381 1551 531 1555" 
                    HPOS="379"
                    VPOS="1507"
                    WIDTH="152"
                    HEIGHT="59">
            <Shape><Polygon POINTS="381 1551 379 1566 529 1566 531 1555 529 1507 381 1512 381 1551"/></Shape>
	    <String CONTENT=""
                    HPOS="379"
                    VPOS="1507"
                    WIDTH="152"
                    HEIGHT="59"></String>
          </TextLine>

          
          
          <TextLine ID="eSc_line_ecb40d2d"
                    TAGREFS="LT4834"
                    BASELINE="924 1488 968 1488" 
                    HPOS="924"
                    VPOS="1450"
                    WIDTH="44"
                    HEIGHT="55">
            <Shape><Polygon POINTS="924 1488 924 1501 966 1505 968 1488 966 1450 924 1451 924 1488"/></Shape>
	    <String CONTENT=""
                    HPOS="924"
                    VPOS="1450"
                    WIDTH="44"
                    HEIGHT="55"></String>
          </TextLine>

          
          
          <TextLine ID="eSc_line_9e0fffae"
                    TAGREFS="LT4834"
                    BASELINE="1258 1486 1359 1483" 
                    HPOS="1256"
                    VPOS="1433"
                    WIDTH="103"
                    HEIGHT="79">
            <Shape><Polygon POINTS="1258 1486 1258 1512 1357 1494 1359 1483 1352 1433 1300 1455 1256 1446 1258 1486"/></Shape>
	    <String CONTENT="بغض فی"
                    HPOS="1256"
                    VPOS="1433"
                    WIDTH="103"
                    HEIGHT="79"
                    WC="0.9243777990341187"></String>
          </TextLine>

          
          
          <TextLine ID="eSc_line_347af9e7"
                    TAGREFS="LT4834"
                    BASELINE="684 1556 828 1556" 
                    HPOS="684"
                    VPOS="1499"
                    WIDTH="144"
                    HEIGHT="92">
            <Shape><Polygon POINTS="684 1556 684 1569 726 1590 728 1590 730 1591 789 1591 789 1590 791 1590 828 1569 828 1556 828 1521 723 1499 721 1499 719 1499 684 1518 684 1556"/></Shape>
	    <String CONTENT="دين حق"
                    HPOS="684"
                    VPOS="1499"
                    WIDTH="144"
                    HEIGHT="92"
                    WC="0.9822706381479899"></String>
          </TextLine>

          
          
          <TextLine ID="eSc_line_8f5cf290"
                    TAGREFS="LT4834"
                    BASELINE="924 1553 973 1556" 
                    HPOS="922"
                    VPOS="1518"
                    WIDTH="51"
                    HEIGHT="53">
            <Shape><Polygon POINTS="924 1553 922 1566 970 1571 973 1556 973 1531 962 1520 962 1518 961 1518 959 1518 957 1518 955 1518 924 1525 924 1553"/></Shape>
	    <String CONTENT=""
                    HPOS="922"
                    VPOS="1518"
                    WIDTH="51"
                    HEIGHT="53"></String>
          </TextLine>

          
          
          <TextLine ID="eSc_line_65ff8229"
                    TAGREFS="LT4834"
                    BASELINE="381 1621 819 1626" 
                    HPOS="379"
                    VPOS="1588"
                    WIDTH="440"
                    HEIGHT="61">
            <Shape><Polygon POINTS="640 1619 621 1621 601 1621 584 1619 564 1621 547 1619 529 1619 510 1619 492 1619 474 1619 455 1619 437 1619 418 1619 400 1619 381 1619 381 1621 379 1649 817 1649 819 1626 819 1590 747 1590 745 1590 743 1590 739 1591 708 1602 680 1593 665 1588 664 1588 662 1588 643 1590 640 1619"/></Shape>
	    <String CONTENT="رسول"
                    HPOS="379"
                    VPOS="1588"
                    WIDTH="440"
                    HEIGHT="61"
                    WC="0.950605720281601"></String>
          </TextLine>

          
          
          <TextLine ID="eSc_line_9079eec7"
                    TAGREFS="LT4834"
                    BASELINE="1104 1562 1368 1556" 
                    HPOS="1103"
                    VPOS="1496"
                    WIDTH="265"
                    HEIGHT="90">
            <Shape><Polygon POINTS="1104 1562 1104 1575 1178 1586 1180 1586 1366 1573 1368 1556 1366 1516 1342 1496 1341 1496 1339 1496 1313 1496 1311 1496 1309 1496 1307 1496 1287 1510 1270 1499 1269 1499 1267 1499 1265 1499 1263 1499 1261 1499 1234 1520 1158 1499 1156 1499 1154 1499 1152 1499 1151 1499 1151 1501 1127 1521 1127 1523 1103 1523 1104 1562"/></Shape>
	    <String CONTENT="تتراى ظاهر و باطن"
                    HPOS="1103"
                    VPOS="1496"
                    WIDTH="265"
                    HEIGHT="90"
                    WC="0.9167379912208108"></String>
          </TextLine>

          
          
          <TextLine ID="eSc_line_5da53c20"
                    TAGREFS="LT4834"
                    BASELINE="734 1693 817 1693" 
                    HPOS="734"
                    VPOS="1643"
                    WIDTH="83"
                    HEIGHT="68">
            <Shape><Polygon POINTS="734 1685 734 1693 734 1700 778 1711 780 1711 782 1711 817 1700 817 1693 817 1650 783 1643 782 1643 780 1643 778 1643 741 1660 734 1685"/></Shape>
	    <String CONTENT="رضا"
                    HPOS="734"
                    VPOS="1643"
                    WIDTH="83"
                    HEIGHT="68"
                    WC="0.8932412068049113"></String>
          </TextLine>

          
          
          <TextLine ID="eSc_line_98f9c91a"
                    TAGREFS="LT4834"
                    BASELINE="926 1632 966 1628" 
                    HPOS="922"
                    VPOS="1588"
                    WIDTH="44"
                    HEIGHT="57">
            <Shape><Polygon POINTS="926 1643 964 1645 966 1628 961 1588 922 1588 926 1632 926 1643"/></Shape>
	    <String CONTENT=""
                    HPOS="922"
                    VPOS="1588"
                    WIDTH="44"
                    HEIGHT="57"></String>
          </TextLine>

          
          
          <TextLine ID="eSc_line_1bec5299"
                    TAGREFS="LT4834"
                    BASELINE="914 1698 1016 1702" 
                    HPOS="913"
                    VPOS="1632"
                    WIDTH="103"
                    HEIGHT="87">
            <Shape><Polygon POINTS="914 1698 913 1719 1014 1719 1016 1702 1016 1641 964 1632 962 1632 916 1641 914 1698"/></Shape>
	    <String CONTENT=""
                    HPOS="913"
                    VPOS="1632"
                    WIDTH="103"
                    HEIGHT="87"></String>
          </TextLine>

          
          
          <TextLine ID="eSc_line_05601fb9"
                    TAGREFS="LT4834"
                    BASELINE="723 1763 820 1763" 
                    HPOS="723"
                    VPOS="1717"
                    WIDTH="97"
                    HEIGHT="57">
            <Shape><Polygon POINTS="723 1763 723 1772 819 1774 820 1763 820 1726 795 1717 793 1717 791 1717 723 1722 723 1763"/></Shape>
	    <String CONTENT="روزه"
                    HPOS="723"
                    VPOS="1717"
                    WIDTH="97"
                    HEIGHT="57"
                    WC="0.9973571300506592"></String>
          </TextLine>

          
          
          <TextLine ID="eSc_line_6b61463d"
                    TAGREFS="LT4834"
                    BASELINE="916 1772 1023 1772" 
                    HPOS="916"
                    VPOS="1720"
                    WIDTH="107"
                    HEIGHT="91">
            <Shape><Polygon POINTS="916 1772 916 1792 1021 1811 1023 1772 1020 1720 977 1739 957 1731 948 1730 946 1730 944 1730 942 1730 916 1739 916 1772"/></Shape>
	    <String CONTENT=""
                    HPOS="916"
                    VPOS="1720"
                    WIDTH="107"
                    HEIGHT="91"></String>
          </TextLine>

          
          
          <TextLine ID="eSc_line_87a9ba2f"
                    TAGREFS="LT4834"
                    BASELINE="700 1838 822 1835" 
                    HPOS="699"
                    VPOS="1779"
                    WIDTH="123"
                    HEIGHT="80">
            <Shape><Polygon POINTS="700 1838 700 1849 723 1859 724 1859 726 1859 822 1848 822 1835 817 1779 699 1796 700 1838"/></Shape>
	    <String CONTENT="ز گوات"
                    HPOS="699"
                    VPOS="1779"
                    WIDTH="123"
                    HEIGHT="80"
                    WC="0.9349116583665212"></String>
          </TextLine>

          
          
          <TextLine ID="eSc_line_871836fa"
                    TAGREFS="LT4834"
                    BASELINE="926 1840 959 1844" 
                    HPOS="920"
                    VPOS="1805"
                    WIDTH="39"
                    HEIGHT="74">
            <Shape><Polygon POINTS="926 1840 920 1875 953 1879 959 1844 959 1809 929 1805 926 1840"/></Shape>
	    <String CONTENT=""
                    HPOS="920"
                    VPOS="1805"
                    WIDTH="39"
                    HEIGHT="74"></String>
          </TextLine>

          
          
          <TextLine ID="eSc_line_33bf892f"
                    TAGREFS="LT4834"
                    BASELINE="1114 1781 1365 1774" 
                    HPOS="1110"
                    VPOS="1660"
                    WIDTH="255"
                    HEIGHT="143">
            <Shape><Polygon POINTS="1114 1781 1114 1792 1143 1803 1145 1803 1147 1803 1149 1803 1151 1803 1169 1792 1300 1800 1302 1800 1363 1785 1365 1774 1357 1660 1274 1663 1272 1663 1270 1663 1270 1665 1248 1687 1226 1709 1199 1700 1197 1700 1195 1700 1193 1700 1186 1704 1147 1724 1110 1724 1114 1781"/></Shape>
	    <String CONTENT="ر برای حيقی"
                    HPOS="1110"
                    VPOS="1660"
                    WIDTH="255"
                    HEIGHT="143"
                    WC="0.6966954307122664"></String>
          </TextLine>

          
          
          <TextLine ID="eSc_line_6ca6a5f6"
                    TAGREFS="LT4834"
                    BASELINE="1112 1848 1366 1848" 
                    HPOS="1112"
                    VPOS="1789"
                    WIDTH="254"
                    HEIGHT="84">
            <Shape><Polygon POINTS="1112 1848 1112 1866 1215 1873 1217 1873 1219 1873 1252 1864 1256 1864 1261 1864 1291 1873 1293 1873 1294 1873 1366 1862 1366 1848 1366 1803 1328 1789 1326 1789 1324 1789 1322 1789 1320 1789 1296 1805 1263 1792 1261 1792 1259 1792 1258 1792 1208 1805 1191 1790 1191 1789 1189 1789 1187 1789 1162 1789 1160 1789 1158 1789 1112 1805 1112 1848"/></Shape>
	    <String CONTENT="تولای ظاهر و باطن"
                    HPOS="1112"
                    VPOS="1789"
                    WIDTH="254"
                    HEIGHT="84"
                    WC="0.9192086808821734"></String>
          </TextLine>

          
          
          <TextLine ID="eSc_line_40ef53b1"
                    TAGREFS="LT4834"
                    BASELINE="643 1923 815 1916" 
                    HPOS="643"
                    VPOS="1860"
                    WIDTH="172"
                    HEIGHT="124">
            <Shape><Polygon POINTS="660 1921 645 1916 643 1923 643 1973 680 1984 682 1984 684 1984 686 1984 710 1978 743 1969 815 1984 815 1916 809 1864 758 1860 756 1860 754 1860 752 1860 752 1862 741 1871 724 1860 723 1860 721 1860 719 1860 717 1860 671 1881 660 1921"/></Shape>
	    <String CONTENT="شربا موى"
                    HPOS="643"
                    VPOS="1860"
                    WIDTH="172"
                    HEIGHT="124"
                    WC="0.8297454081475735"></String>
          </TextLine>

          
          
          <TextLine ID="eSc_line_1852ac15"
                    TAGREFS="LT4834"
                    BASELINE="1123 1918 1363 1912" 
                    HPOS="1121"
                    VPOS="1862"
                    WIDTH="242"
                    HEIGHT="92">
            <Shape><Polygon POINTS="1123 1918 1123 1954 1363 1949 1363 1912 1359 1871 1282 1862 1280 1862 1278 1862 1276 1862 1256 1877 1252 1879 1246 1877 1215 1864 1213 1864 1211 1864 1121 1883 1123 1918"/></Shape>
	    <String CONTENT="جماعت دين حق"
                    HPOS="1121"
                    VPOS="1862"
                    WIDTH="242"
                    HEIGHT="92"
                    WC="0.9811597615480423"></String>
          </TextLine>

          
        </TextBlock>
        
        <TextBlock HPOS="819"
                   VPOS="184"
                   WIDTH="116"
                   HEIGHT="49"
                   ID="eSc_textblock_f71af479"
                   TAGREFS="BT16059">
          <Shape><Polygon POINTS="819 184 920 184 935 204 826 233 819 184"/></Shape>
          
          
          <TextLine ID="eSc_line_bd870ad6"
                    TAGREFS="LT4834"
                    BASELINE="817 215 920 215" 
                    HPOS="817"
                    VPOS="184"
                    WIDTH="103"
                    HEIGHT="83">
            <Shape><Polygon POINTS="909 210 890 211 872 184 854 184 835 184 817 193 817 215 817 267 920 254 920 215 920 206 909 210"/></Shape>
	    <String CONTENT=""
                    HPOS="817"
                    VPOS="184"
                    WIDTH="103"
                    HEIGHT="83"></String>
          </TextLine>

          
        </TextBlock>
        
        <TextBlock HPOS="649"
                   VPOS="1702"
                   WIDTH="50"
                   HEIGHT="13"
                   ID="eSc_textblock_3ceff178"
                   TAGREFS="BT16060">
          <Shape><Polygon POINTS="654 1702 699 1702 699 1715 649 1715 654 1702"/></Shape>
          
        </TextBlock>
        
        <TextBlock HPOS="398"
                   VPOS="1835"
                   WIDTH="5"
                   HEIGHT="13"
                   ID="eSc_textblock_86791d69"
                   TAGREFS="BT16061">
          <Shape><Polygon POINTS="400 1835 403 1835 403 1848 398 1848 400 1835"/></Shape>
          
        </TextBlock>
        
        <TextBlock HPOS="937"
                   VPOS="1827"
                   WIDTH="20"
                   HEIGHT="13"
                   ID="eSc_textblock_c8234f9e"
                   TAGREFS="BT16061">
          <Shape><Polygon POINTS="938 1827 957 1827 957 1833 937 1840 938 1827"/></Shape>
          
        </TextBlock>
        
        <TextBlock HPOS="937"
                   VPOS="1348"
                   WIDTH="5"
                   HEIGHT="6"
                   ID="eSc_textblock_800c5059"
                   TAGREFS="BT16062">
          <Shape><Polygon POINTS="938 1348 942 1348 942 1354 937 1354 938 1348"/></Shape>
          
        </TextBlock>
        
        <TextBlock HPOS="944"
                   VPOS="1827"
                   WIDTH="5"
                   HEIGHT="6"
                   ID="eSc_textblock_33db83ce"
                   TAGREFS="BT16062">
          <Shape><Polygon POINTS="946 1827 949 1827 949 1833 944 1833 946 1827"/></Shape>
          
        </TextBlock>
        
        <TextBlock HPOS="1276"
                   VPOS="899"
                   WIDTH="79"
                   HEIGHT="20"
                   ID="eSc_textblock_2564319b"
                   TAGREFS="BT16064">
          <Shape><Polygon POINTS="1320 899 1355 919 1276 912 1318 906 1320 899"/></Shape>
          
        </TextBlock>
        
        <TextBlock HPOS="383"
                   VPOS="501"
                   WIDTH="28"
                   HEIGHT="13"
                   ID="eSc_textblock_f857dc94"
                   TAGREFS="BT16060">
          <Shape><Polygon POINTS="396 501 411 501 411 514 383 514 396 501"/></Shape>
          
        </TextBlock>
        

        
        <TextBlock ID="eSc_dummyblock_">
          
          
          <TextLine ID="eSc_line_3f45fb6c"
                    TAGREFS="LT4834"
                    BASELINE="1036 915 1365 910" 
                    HPOS="1034"
                    VPOS="860"
                    WIDTH="331"
                    HEIGHT="88">
            <Shape><Polygon POINTS="1036 915 1036 930 1110 948 1112 948 1114 948 1116 948 1145 928 1147 928 1189 947 1191 947 1193 947 1296 935 1320 945 1322 945 1324 945 1326 945 1365 924 1365 910 1361 886 1274 875 1261 862 1261 860 1259 860 1258 860 1256 860 1254 860 1210 877 1187 862 1186 862 1184 862 1145 862 1143 862 1141 862 1139 862 1139 864 1117 888 1034 889 1036 915"/></Shape>
	    <String CONTENT="اتبات حجت اعظم"
                    HPOS="1034"
                    VPOS="860"
                    WIDTH="331"
                    HEIGHT="88"
                    WC="0.9016321876219341"></String>
          </TextLine>

          
          
          <TextLine ID="eSc_line_8c5582e1"
                    TAGREFS="LT4834"
                    BASELINE="383 1766 492 1763" 
                    HPOS="381"
                    VPOS="1717"
                    WIDTH="111"
                    HEIGHT="73">
            <Shape><Polygon POINTS="383 1766 383 1790 492 1790 492 1763 488 1728 413 1717 411 1717 409 1717 381 1728 383 1766"/></Shape>
	    <String CONTENT="س"
                    HPOS="381"
                    VPOS="1717"
                    WIDTH="111"
                    HEIGHT="73"
                    WC="0.9771742224693298"></String>
          </TextLine>

          
          
          <TextLine ID="eSc_line_5bc3fa07"
                    TAGREFS="LT4834"
                    BASELINE="392 1836 420 1833" 
                    HPOS="385"
                    VPOS="1789"
                    WIDTH="35"
                    HEIGHT="71">
            <Shape><Polygon POINTS="392 1836 394 1857 420 1860 420 1833 411 1789 385 1790 392 1836"/></Shape>
	    <String CONTENT=""
                    HPOS="385"
                    VPOS="1789"
                    WIDTH="35"
                    HEIGHT="71"></String>
          </TextLine>

          
        </TextBlock>
        
      </PrintSpace>
    </Page>
  </Layout>
</alto>
