<?xml version="1.0" encoding="UTF-8"?>
<alto xmlns:xsi="http://www.w3.org/2001/XMLSchema-instance"
      xmlns="http://www.loc.gov/standards/alto/ns-v4#"
      xsi:schemaLocation="http://www.loc.gov/standards/alto/ns-v4# http://www.loc.gov/standards/alto/v4/alto-4-2.xsd">
  <Description>
    <MeasurementUnit>pixel</MeasurementUnit>
    <sourceImageInformation>
      <fileName>TwoIsmailiTreatises019.jpg</fileName>
      
    </sourceImageInformation>
  </Description>
  
  <Tags>
    <OtherTag ID="BT16074" LABEL="MarginTextZone:commentary" DESCRIPTION="block type MarginTextZone:commentary"/><OtherTag ID="BT16073" LABEL="MarginTextZone:note#1" DESCRIPTION="block type MarginTextZone:note#1"/><OtherTag ID="BT16072" LABEL="MainZone:column#2" DESCRIPTION="block type MainZone:column#2"/><OtherTag ID="BT16071" LABEL="MainZone:column#3" DESCRIPTION="block type MainZone:column#3"/><OtherTag ID="BT16070" LABEL="GraphicZone:illustration" DESCRIPTION="block type GraphicZone:illustration"/><OtherTag ID="BT16069" LABEL="MainZone:column#1" DESCRIPTION="block type MainZone:column#1"/><OtherTag ID="BT16068" LABEL="MarginTextZone:note#2" DESCRIPTION="block type MarginTextZone:note#2"/><OtherTag ID="BT16067" LABEL="CustomZone:publication" DESCRIPTION="block type CustomZone:publication"/><OtherTag ID="BT16066" LABEL="RunningTitleZone" DESCRIPTION="block type RunningTitleZone"/><OtherTag ID="BT16065" LABEL="NumberingZone" DESCRIPTION="block type NumberingZone"/><OtherTag ID="BT16064" LABEL="default" DESCRIPTION="block type default"/><OtherTag ID="BT16063" LABEL="TitlePageZone" DESCRIPTION="block type TitlePageZone"/><OtherTag ID="BT16062" LABEL="NumberingZone:other" DESCRIPTION="block type NumberingZone:other"/><OtherTag ID="BT16061" LABEL="QuireMarksZone:catchwords" DESCRIPTION="block type QuireMarksZone:catchwords"/><OtherTag ID="BT16060" LABEL="MainZone" DESCRIPTION="block type MainZone"/><OtherTag ID="BT16059" LABEL="NumberingZone:page" DESCRIPTION="block type NumberingZone:page"/><OtherTag ID="BT16058" LABEL="MarginTextZone:note" DESCRIPTION="block type MarginTextZone:note"/><OtherTag ID="BT16057" LABEL="DigitizationArtefactZone" DESCRIPTION="block type DigitizationArtefactZone"/><OtherTag ID="BT4" LABEL="Illustration" DESCRIPTION="block type Illustration"/><OtherTag ID="BT3" LABEL="Commentary" DESCRIPTION="block type Commentary"/><OtherTag ID="BT2" LABEL="Main" DESCRIPTION="block type Main"/><OtherTag ID="BT1" LABEL="Title" DESCRIPTION="block type Title"/>
    <OtherTag ID="LT4834" LABEL="DefaultLine" DESCRIPTION="line type DefaultLine"/><OtherTag ID="LT4835" LABEL="HeadingLine:title" DESCRIPTION="line type HeadingLine:title"/>
  </Tags>
  
  <Layout>
    <Page WIDTH="1518"
          HEIGHT="2183"
          PHYSICAL_IMG_NR="15"
          ID="eSc_dummypage_">
      <PrintSpace HPOS="0"
                  VPOS="0"
                  WIDTH="1518"
                  HEIGHT="2183">
        
        <TextBlock HPOS="80"
                   VPOS="240"
                   WIDTH="1066"
                   HEIGHT="1621"
                   ID="eSc_textblock_90a095eb"
                   TAGREFS="BT16060">
          <Shape><Polygon POINTS="127 240 1103 254 1146 895 1139 1780 1103 1853 131 1861 87 1824 80 458 94 269 127 240"/></Shape>
          
          
          <TextLine ID="eSc_line_948fce9b"
                    TAGREFS="LT4834"
                    BASELINE="118 331 961 327" 
                    HPOS="116"
                    VPOS="254"
                    WIDTH="845"
                    HEIGHT="113">
            <Shape><Polygon POINTS="118 331 118 349 158 349 174 363 174 365 176 365 178 365 180 367 251 367 251 365 253 365 254 365 278 349 314 365 316 365 318 365 320 365 322 365 322 363 340 347 367 347 411 365 413 365 414 365 500 347 526 365 527 365 529 365 531 365 533 365 535 365 566 345 567 345 597 358 598 358 600 358 602 358 637 347 662 363 664 363 666 363 667 365 742 365 742 363 744 363 746 363 771 345 819 360 820 360 822 360 824 360 851 349 917 358 919 358 920 358 961 343 961 327 957 287 850 267 848 267 846 267 808 287 722 287 689 256 689 254 688 254 686 254 651 254 649 254 647 254 584 287 533 287 502 258 502 256 500 256 498 256 394 256 393 256 391 256 389 256 365 276 344 258 344 256 342 256 340 256 318 256 316 256 314 256 313 256 283 280 260 260 260 258 258 258 256 258 185 256 183 256 182 256 116 287 118 331"/></Shape>
	    <String CONTENT="مولانا د فضل مبارک منفر مايد که هر کس که چنين کند"
                    HPOS="116"
                    VPOS="254"
                    WIDTH="845"
                    HEIGHT="113"
                    WC="0.8961056391803586"></String>
          </TextLine>

          
          
          <TextLine ID="eSc_line_0353ab84"
                    TAGREFS="LT4834"
                    BASELINE="114 436 1095 429" 
                    HPOS="112"
                    VPOS="365"
                    WIDTH="983"
                    HEIGHT="100">
            <Shape><Polygon POINTS="114 436 114 458 123 465 125 465 127 465 129 465 131 465 169 456 182 452 187 454 202 462 203 462 205 462 207 462 220 454 225 452 247 454 327 463 329 463 331 463 356 454 360 452 362 452 391 463 393 463 394 465 564 465 564 463 566 463 567 463 584 451 589 451 651 462 653 462 655 462 657 462 657 460 667 451 669 449 693 449 697 451 711 460 713 460 715 460 788 462 789 462 791 462 815 451 895 460 897 460 899 460 900 460 917 447 920 447 982 447 984 447 997 458 997 460 999 460 1001 460 1002 462 1037 462 1037 460 1093 445 1095 429 1092 391 986 391 961 367 961 365 959 365 957 365 902 365 900 365 899 365 897 365 897 367 875 387 851 383 850 383 848 383 846 383 846 385 837 392 833 396 828 392 795 382 793 382 791 382 789 382 788 382 769 394 764 398 653 398 649 396 600 369 598 369 597 369 595 369 516 391 480 369 478 369 476 369 374 369 373 369 371 369 369 369 369 371 342 398 276 383 274 383 209 396 191 383 189 383 187 383 185 383 183 383 112 402 114 436"/></Shape>
	    <String CONTENT="بسا باشد که در خون خود تصرف کند و هر کس که در خون خود نص"
                    HPOS="112"
                    VPOS="365"
                    WIDTH="983"
                    HEIGHT="100"
                    WC="0.8472775380526271"></String>
          </TextLine>

          
          
          <TextLine ID="eSc_line_51f8d028"
                    TAGREFS="LT4834"
                    BASELINE="664 533 1092 529" 
                    HPOS="662"
                    VPOS="458"
                    WIDTH="430"
                    HEIGHT="105">
            <Shape><Polygon POINTS="664 533 664 553 738 563 740 563 742 563 744 563 744 562 755 551 757 551 762 556 762 558 764 558 766 558 768 558 769 558 799 551 806 549 809 551 831 562 833 562 835 562 837 562 877 549 890 560 890 562 891 562 893 562 895 563 950 563 950 562 951 562 953 562 953 560 970 547 1059 558 1061 558 1062 558 1092 543 1092 529 1084 465 1041 480 1002 472 1001 472 999 472 950 496 931 478 910 460 910 458 908 458 906 458 904 458 817 460 815 460 813 460 813 462 784 491 775 500 662 500 664 533"/></Shape>
	    <String CONTENT="فند از ملعونی آن کسب"
                    HPOS="662"
                    VPOS="458"
                    WIDTH="430"
                    HEIGHT="105"
                    WC="0.9198527733484904"></String>
          </TextLine>

          
          
          <TextLine ID="eSc_line_2c6192cd"
                    TAGREFS="LT4834"
                    BASELINE="120 622 953 629" 
                    HPOS="118"
                    VPOS="551"
                    WIDTH="835"
                    HEIGHT="107">
            <Shape><Polygon POINTS="120 622 118 634 141 647 143 647 145 647 147 647 189 636 202 647 202 649 203 649 205 649 207 649 280 636 325 654 327 654 329 654 418 638 456 649 458 649 460 649 518 638 558 656 560 656 562 658 620 658 620 656 622 656 624 656 644 640 647 640 664 640 684 656 686 656 688 656 689 656 779 647 806 658 808 658 809 658 951 642 953 629 953 562 908 556 906 556 904 556 902 556 897 562 871 582 862 574 860 574 859 574 857 574 855 574 853 574 837 589 782 573 780 573 779 573 777 573 744 583 726 567 726 565 724 565 722 565 720 565 718 565 660 589 556 589 542 574 542 573 540 573 538 573 536 573 535 573 533 573 516 585 498 571 496 571 495 571 493 571 445 573 429 562 418 553 416 553 414 553 334 553 333 553 331 553 329 553 320 562 303 554 302 554 300 554 298 554 296 554 296 556 289 562 263 583 216 580 200 562 189 553 189 551 187 551 185 551 183 551 120 562 120 622"/></Shape>
	    <String CONTENT="و دگر عبدالله عباس روابت مکند که عمقيت انس"
                    HPOS="118"
                    VPOS="551"
                    WIDTH="835"
                    HEIGHT="107"
                    WC="0.8987732806376049"></String>
          </TextLine>

          
          
          <TextLine ID="eSc_line_117cbd85"
                    TAGREFS="LT4834"
                    BASELINE="118 722 1082 733" 
                    HPOS="116"
                    VPOS="658"
                    WIDTH="966"
                    HEIGHT="111">
            <Shape><Polygon POINTS="118 722 116 740 143 753 145 753 147 753 149 753 183 742 202 758 202 760 203 760 205 760 207 760 274 751 289 762 291 762 293 762 294 764 353 764 353 762 354 762 387 745 418 758 420 758 422 758 424 758 462 745 504 764 506 764 507 764 509 764 511 764 540 745 593 745 622 764 624 764 626 764 627 764 735 747 751 762 751 764 753 764 755 764 757 764 759 764 804 749 833 767 835 767 837 767 920 769 922 769 1019 767 1021 767 1022 767 1046 751 1081 751 1082 733 1077 667 1062 678 1052 667 1050 667 1048 667 1046 667 1044 667 1042 667 1028 680 990 673 988 673 986 673 931 693 870 676 868 676 866 676 864 676 848 684 815 669 806 665 804 665 802 665 800 665 791 669 764 685 748 669 740 663 738 663 737 663 589 662 587 662 586 662 567 671 535 689 451 689 440 678 440 676 438 676 436 676 435 676 433 676 431 676 420 685 345 676 344 676 342 676 316 685 296 673 294 673 293 673 291 673 289 673 287 673 262 682 254 673 249 669 249 667 247 667 245 667 243 667 242 667 222 673 191 684 178 674 156 658 154 658 152 658 151 658 149 658 118 673 118 722"/></Shape>
	    <String CONTENT="علی ان ابی طالب آنکه می گويد که من روی خدايم و من سلوی"
                    HPOS="116"
                    VPOS="658"
                    WIDTH="966"
                    HEIGHT="111"
                    WC="0.8252650277181105"></String>
          </TextLine>

          
          
          <TextLine ID="eSc_line_af255af4"
                    TAGREFS="LT4834"
                    BASELINE="123 820 1092 824" 
                    HPOS="121"
                    VPOS="767"
                    WIDTH="971"
                    HEIGHT="93">
            <Shape><Polygon POINTS="123 820 121 834 180 849 182 849 183 849 200 842 229 856 231 856 232 858 349 858 349 856 351 856 398 838 440 853 442 853 444 853 445 853 485 838 567 853 569 853 667 840 686 856 686 858 688 858 689 858 691 858 813 840 844 840 860 853 862 853 864 853 866 853 868 853 895 840 911 856 911 858 913 858 915 858 917 858 919 858 957 840 973 856 973 858 975 858 977 858 979 860 1026 860 1026 858 1028 858 1030 858 1059 840 1090 840 1092 824 1092 787 1030 769 1028 769 1026 769 1024 769 1022 769 1001 787 999 787 997 787 979 771 979 769 977 769 975 769 973 769 971 769 939 785 928 791 920 785 908 773 906 773 904 773 902 773 900 773 899 773 882 784 877 787 870 784 853 776 851 776 850 776 848 776 846 776 839 784 826 793 757 793 735 782 731 780 729 780 728 780 726 780 724 780 702 791 653 780 638 776 637 776 624 778 578 789 566 778 562 774 562 773 560 773 558 773 531 769 529 769 527 769 526 769 526 771 518 776 513 782 506 776 496 769 496 767 495 767 493 767 427 767 425 767 424 767 422 767 422 769 414 774 400 789 353 773 345 771 344 771 342 771 340 771 338 771 338 773 336 773 320 791 249 791 238 780 238 778 236 778 234 778 232 778 196 785 178 771 178 769 176 769 174 769 123 769 123 820"/></Shape>
	    <String CONTENT="خدايم و من افراشته ام آسمانهار او من گسترانيدم زينها را"
                    HPOS="121"
                    VPOS="767"
                    WIDTH="971"
                    HEIGHT="93"
                    WC="0.8936983857836042"></String>
          </TextLine>

          
          
          <TextLine ID="eSc_line_ca78620c"
                    TAGREFS="LT4834"
                    BASELINE="118 915 1092 924" 
                    HPOS="116"
                    VPOS="856"
                    WIDTH="976"
                    HEIGHT="93">
            <Shape><Polygon POINTS="118 915 116 925 313 944 314 944 371 931 400 944 402 944 404 944 405 944 435 931 458 944 460 944 462 944 464 944 506 933 540 945 542 945 544 945 546 945 584 933 646 945 647 945 737 935 753 947 755 947 757 947 759 947 760 947 791 936 948 936 961 947 961 949 962 949 964 949 966 949 968 949 1001 936 1028 947 1030 947 1032 947 1090 935 1092 924 1092 882 1061 862 1059 862 1057 862 1022 862 1021 862 1019 862 1017 862 1017 864 997 880 961 871 959 871 957 871 955 871 915 884 913 884 853 860 851 860 811 860 809 860 808 860 806 860 780 880 759 862 757 862 755 862 753 862 751 862 749 862 749 864 729 882 726 882 626 873 624 873 526 880 516 880 515 880 489 856 487 856 485 856 484 856 422 867 411 858 411 856 409 856 407 856 405 856 344 865 314 856 313 856 311 856 309 856 263 876 158 864 156 864 154 864 118 875 118 915"/></Shape>
	    <String CONTENT="وازاين سمت سخنان بسيارست وآنکه می گويد که من دست"
                    HPOS="116"
                    VPOS="856"
                    WIDTH="976"
                    HEIGHT="93"
                    WC="0.9004091060891444"></String>
          </TextLine>

          
          
          <TextLine ID="eSc_line_07580280"
                    TAGREFS="LT4834"
                    BASELINE="127 1022 1086 1015" 
                    HPOS="125"
                    VPOS="947"
                    WIDTH="961"
                    HEIGHT="104">
            <Shape><Polygon POINTS="127 1022 127 1033 151 1049 152 1049 154 1049 156 1051 231 1051 231 1049 232 1049 269 1031 327 1031 347 1044 349 1044 351 1044 353 1044 354 1044 404 1029 405 1029 407 1029 500 1047 502 1047 504 1047 547 1029 575 1038 576 1038 578 1038 633 1027 646 1038 646 1040 647 1040 649 1040 651 1040 653 1040 655 1040 662 1033 671 1040 671 1042 673 1042 675 1042 737 1046 738 1046 740 1046 742 1046 742 1044 762 1027 800 1027 837 1046 839 1046 840 1046 842 1046 844 1046 870 1029 941 1027 966 1044 968 1044 970 1044 971 1046 1033 1046 1033 1044 1035 1044 1086 1024 1086 1015 1081 975 1057 976 1053 975 1037 958 1037 956 1035 956 1033 956 1032 956 1030 956 1028 956 1001 975 995 978 877 978 875 976 848 949 848 947 846 947 844 947 842 947 704 949 702 949 700 949 660 978 558 951 556 951 555 951 553 951 551 951 516 978 482 953 480 953 478 953 451 951 449 951 447 951 445 951 445 953 416 982 376 982 314 953 313 953 222 953 220 953 218 953 216 953 216 955 187 984 125 984 127 1022"/></Shape>
	    <String CONTENT="خدايم و دست در آتش کنم و بندگان خويش را از آتش بيروت"
                    HPOS="125"
                    VPOS="947"
                    WIDTH="961"
                    HEIGHT="104"
                    WC="0.9114353303556089"></String>
          </TextLine>

          
          
          <TextLine ID="eSc_line_f3e33d13"
                    TAGREFS="LT4834"
                    BASELINE="129 1113 1095 1116" 
                    HPOS="127"
                    VPOS="1053"
                    WIDTH="968"
                    HEIGHT="105">
            <Shape><Polygon POINTS="129 1113 127 1126 158 1136 160 1136 161 1136 202 1129 232 1155 234 1155 236 1155 238 1155 322 1153 323 1153 325 1153 336 1142 376 1155 378 1155 380 1155 382 1155 384 1155 384 1153 409 1129 449 1129 526 1155 527 1155 529 1156 584 1156 584 1155 586 1155 587 1155 606 1140 626 1156 627 1156 629 1156 631 1158 677 1158 677 1156 678 1156 680 1156 718 1131 764 1131 779 1142 779 1144 780 1144 782 1144 784 1144 819 1136 853 1151 855 1151 857 1151 859 1151 860 1151 895 1131 944 1131 973 1155 973 1156 975 1156 977 1156 979 1158 1021 1158 1021 1156 1022 1156 1024 1156 1059 1131 1093 1131 1095 1116 1092 1062 1052 1078 975 1078 959 1066 957 1066 955 1066 953 1066 951 1066 917 1076 891 1064 890 1064 888 1064 886 1064 884 1064 882 1064 853 1076 839 1066 829 1056 828 1056 826 1056 824 1056 822 1056 820 1056 809 1064 800 1056 800 1055 799 1055 797 1055 702 1055 700 1055 698 1055 697 1055 678 1067 667 1075 660 1067 646 1055 644 1055 642 1055 640 1055 638 1055 593 1069 575 1075 567 1069 551 1055 551 1053 549 1053 547 1053 546 1053 544 1053 511 1069 509 1071 509 1069 493 1055 493 1053 491 1053 489 1053 462 1053 460 1053 458 1053 456 1053 433 1071 425 1076 398 1076 393 1071 369 1053 367 1053 365 1053 316 1053 314 1053 313 1053 311 1053 278 1073 274 1075 267 1073 236 1064 234 1064 232 1064 174 1075 171 1075 169 1075 156 1062 156 1060 154 1060 152 1060 151 1060 149 1060 147 1060 129 1071 129 1113"/></Shape>
	    <String CONTENT="آورم و دشمنان را درآستش بگذارم پس آتش را بگويم ايها"
                    HPOS="127"
                    VPOS="1053"
                    WIDTH="968"
                    HEIGHT="105"
                    WC="0.8840245190593932"></String>
          </TextLine>

          
          
          <TextLine ID="eSc_line_3e63e24b"
                    TAGREFS="LT4834"
                    BASELINE="820 1211 1086 1215" 
                    HPOS="819"
                    VPOS="1146"
                    WIDTH="267"
                    HEIGHT="89">
            <Shape><Polygon POINTS="820 1211 819 1222 850 1233 851 1233 853 1233 975 1226 1024 1235 1026 1235 1028 1235 1030 1235 1039 1226 1057 1235 1059 1235 1061 1235 1062 1235 1084 1224 1086 1215 1086 1166 1059 1153 1057 1153 1055 1153 1001 1160 955 1166 820 1146 820 1211"/></Shape>
	    <String CONTENT="مرا و آنهاترا"
                    HPOS="819"
                    VPOS="1146"
                    WIDTH="267"
                    HEIGHT="89"
                    WC="0.8289940974542073"></String>
          </TextLine>

          
          
          <TextLine ID="eSc_line_1cc42640"
                    TAGREFS="LT4834"
                    BASELINE="129 1320 948 1311" 
                    HPOS="127"
                    VPOS="1244"
                    WIDTH="821"
                    HEIGHT="109">
            <Shape><Polygon POINTS="129 1320 129 1353 158 1353 158 1351 160 1351 161 1351 161 1349 183 1329 282 1340 283 1340 342 1327 380 1346 389 1349 391 1349 393 1351 447 1351 447 1349 449 1349 451 1349 451 1348 456 1344 471 1327 507 1326 538 1326 555 1340 560 1346 560 1348 562 1348 564 1348 566 1348 624 1346 626 1346 627 1346 627 1344 635 1338 644 1331 671 1337 711 1346 713 1346 757 1335 780 1329 788 1335 793 1340 795 1340 797 1340 799 1340 800 1340 819 1333 840 1326 855 1333 866 1338 868 1338 870 1338 871 1338 890 1331 906 1326 946 1329 948 1311 942 1244 871 1246 870 1246 868 1246 851 1260 833 1253 831 1253 829 1253 828 1253 826 1253 808 1264 760 1251 744 1247 742 1247 740 1247 738 1247 737 1247 729 1253 697 1275 597 1264 595 1264 593 1264 566 1275 546 1262 538 1257 536 1257 535 1257 533 1257 531 1257 518 1262 495 1277 478 1264 469 1257 467 1257 465 1257 464 1257 462 1257 460 1257 460 1258 451 1266 440 1278 416 1267 414 1267 413 1267 411 1267 409 1267 409 1269 400 1277 391 1269 369 1251 367 1251 365 1251 305 1251 303 1251 302 1251 300 1251 300 1253 276 1275 273 1278 265 1275 236 1260 234 1260 232 1260 231 1260 229 1260 202 1278 194 1282 127 1282 129 1320"/></Shape>
	    <String CONTENT="و آنکه حضرت همر عليه اسلام میفرمايد که قاستم"
                    HPOS="127"
                    VPOS="1244"
                    WIDTH="821"
                    HEIGHT="109"
                    WC="0.8328023241625891"></String>
          </TextLine>

          
          
          <TextLine ID="eSc_line_49c7e286"
                    TAGREFS="LT4834"
                    BASELINE="121 1409 1088 1413" 
                    HPOS="120"
                    VPOS="1333"
                    WIDTH="968"
                    HEIGHT="105">
            <Shape><Polygon POINTS="121 1409 120 1422 141 1435 143 1435 145 1437 260 1437 260 1435 262 1435 303 1420 305 1420 458 1420 460 1420 500 1435 502 1435 504 1435 506 1435 535 1420 536 1420 604 1437 606 1438 715 1438 715 1437 717 1437 718 1437 744 1422 779 1422 793 1435 793 1437 795 1437 797 1437 799 1438 848 1438 848 1437 850 1437 851 1437 851 1435 868 1422 993 1437 995 1437 997 1437 999 1437 1019 1422 1064 1433 1066 1433 1068 1433 1070 1433 1072 1433 1086 1420 1088 1413 1088 1362 1055 1335 1053 1335 1052 1335 971 1335 970 1335 968 1335 966 1335 935 1360 910 1337 910 1335 908 1335 906 1335 870 1335 868 1335 866 1335 864 1335 864 1337 840 1360 800 1368 784 1369 777 1368 706 1335 704 1335 702 1335 700 1335 642 1368 640 1369 637 1368 620 1355 618 1355 617 1355 615 1355 613 1355 587 1362 569 1348 569 1346 567 1346 566 1346 564 1346 562 1346 560 1346 547 1355 533 1342 531 1342 529 1342 527 1342 526 1342 487 1362 440 1355 438 1355 436 1355 435 1355 435 1357 422 1368 422 1369 276 1369 274 1368 222 1333 220 1333 218 1333 169 1333 167 1333 165 1333 163 1333 121 1362 121 1409"/></Shape>
	    <String CONTENT="و الجنه کيست گويند علی اين ابی طالب است و در جاى ديگر"
                    HPOS="120"
                    VPOS="1333"
                    WIDTH="968"
                    HEIGHT="105"
                    WC="0.9006148475521015"></String>
          </TextLine>

          
          
          <TextLine ID="eSc_line_333a3b4f"
                    TAGREFS="LT4834"
                    BASELINE="118 1513 1095 1508" 
                    HPOS="116"
                    VPOS="1444"
                    WIDTH="979"
                    HEIGHT="96">
            <Shape><Polygon POINTS="118 1513 118 1522 178 1537 180 1537 182 1537 183 1537 183 1535 185 1535 192 1524 329 1524 354 1539 356 1539 358 1539 360 1540 404 1540 404 1539 405 1539 407 1539 427 1520 444 1520 487 1520 489 1520 509 1537 511 1537 513 1537 515 1537 586 1520 587 1520 637 1520 680 1520 728 1535 729 1535 731 1535 733 1535 735 1535 757 1520 775 1535 777 1535 779 1535 780 1537 920 1537 920 1535 922 1535 924 1535 924 1533 941 1519 971 1519 1064 1535 1066 1535 1068 1535 1070 1535 1095 1517 1095 1508 1090 1460 1026 1471 1013 1460 997 1446 997 1444 995 1444 993 1444 991 1444 990 1444 951 1462 941 1468 893 1471 880 1464 873 1457 871 1457 870 1457 868 1457 866 1457 864 1457 864 1458 857 1464 853 1468 850 1464 844 1460 844 1458 842 1458 840 1458 839 1458 837 1458 826 1464 817 1469 808 1464 786 1449 784 1449 782 1449 780 1449 779 1449 749 1462 718 1446 717 1446 675 1446 673 1446 671 1446 669 1446 640 1468 629 1473 562 1473 553 1469 509 1455 507 1455 506 1455 504 1455 502 1455 482 1469 476 1475 431 1475 422 1471 391 1455 389 1455 387 1455 385 1455 338 1473 333 1475 329 1473 305 1449 305 1448 303 1448 302 1448 231 1448 229 1448 227 1448 225 1448 205 1464 183 1448 182 1448 180 1448 178 1448 176 1448 116 1473 118 1513"/></Shape>
	    <String CONTENT="فرموده معتی او ايناست که در روز قيامت هر چند ملايکه و جن"
                    HPOS="116"
                    VPOS="1444"
                    WIDTH="979"
                    HEIGHT="96"
                    WC="0.878084017762116"></String>
          </TextLine>

          
          
          <TextLine ID="eSc_line_0944e064"
                    TAGREFS="LT4834"
                    BASELINE="116 1593 1092 1604" 
                    HPOS="114"
                    VPOS="1539"
                    WIDTH="978"
                    HEIGHT="100">
            <Shape><Polygon POINTS="116 1593 114 1602 185 1604 218 1628 220 1628 222 1628 223 1628 307 1619 309 1619 311 1619 322 1608 364 1629 365 1629 367 1629 369 1629 414 1608 438 1617 440 1617 442 1617 484 1609 506 1629 506 1631 507 1631 509 1631 511 1631 713 1611 771 1624 773 1624 839 1617 850 1626 850 1628 851 1628 853 1628 928 1637 930 1639 971 1639 971 1637 973 1637 975 1637 975 1635 999 1615 1090 1615 1092 1604 1090 1562 1004 1546 1002 1546 1001 1546 999 1546 979 1560 973 1564 966 1560 930 1544 928 1544 926 1544 924 1544 922 1544 904 1560 899 1564 768 1564 755 1560 691 1542 689 1542 688 1542 433 1555 407 1539 405 1539 404 1539 402 1539 400 1539 398 1539 367 1557 365 1559 364 1557 331 1546 329 1546 327 1546 325 1546 323 1546 323 1548 311 1557 309 1559 229 1559 227 1557 214 1546 212 1546 211 1546 209 1546 207 1546 182 1555 163 1540 161 1540 160 1540 158 1540 156 1540 116 1555 116 1593"/></Shape>
	    <String CONTENT="وان جمع توند و خواهند که علم قيامت را بردارند ننواند"
                    HPOS="114"
                    VPOS="1539"
                    WIDTH="978"
                    HEIGHT="100"
                    WC="0.911467642738269"></String>
          </TextLine>

          
          
          <TextLine ID="eSc_line_1884a574"
                    TAGREFS="LT4834"
                    BASELINE="120 1699 1084 1706" 
                    HPOS="118"
                    VPOS="1633"
                    WIDTH="966"
                    HEIGHT="104">
            <Shape><Polygon POINTS="120 1699 118 1706 151 1717 152 1717 154 1717 156 1717 180 1710 212 1731 214 1731 216 1731 218 1731 369 1713 404 1710 411 1715 433 1733 435 1733 436 1733 438 1733 440 1733 473 1717 480 1713 489 1717 520 1733 522 1733 657 1735 658 1735 660 1735 662 1735 678 1724 688 1719 718 1724 720 1724 722 1724 757 1711 789 1728 791 1728 793 1728 795 1728 797 1728 835 1715 859 1722 860 1722 862 1722 993 1713 1079 1737 1084 1706 1079 1662 1055 1668 1035 1662 1015 1655 1013 1655 1012 1655 964 1662 920 1668 911 1662 877 1639 875 1639 873 1639 831 1637 829 1637 828 1637 826 1637 791 1660 755 1653 753 1653 751 1653 749 1653 749 1655 742 1662 737 1668 708 1668 702 1662 680 1640 680 1639 678 1639 677 1639 644 1637 642 1637 640 1637 586 1662 580 1664 576 1662 553 1644 551 1644 549 1644 547 1644 546 1644 544 1644 531 1653 513 1639 513 1637 511 1637 509 1637 476 1635 475 1635 473 1635 471 1635 471 1637 445 1662 442 1666 400 1666 396 1662 389 1655 389 1653 387 1653 385 1653 384 1653 356 1657 327 1633 325 1633 323 1633 232 1633 231 1633 229 1633 227 1633 187 1662 183 1662 120 1662 120 1699"/></Shape>
	    <String CONTENT="برداشت ودر آن وقت علی ان ابی طالب بيامد و علم قيامت"
                    HPOS="118"
                    VPOS="1633"
                    WIDTH="966"
                    HEIGHT="104"
                    WC="0.8545823217584536"></String>
          </TextLine>

          
          
          <TextLine ID="eSc_line_4e561953"
                    TAGREFS="LT4834"
                    BASELINE="120 1804 1093 1810" 
                    HPOS="118"
                    VPOS="1742"
                    WIDTH="975"
                    HEIGHT="102">
            <Shape><Polygon POINTS="120 1804 118 1830 156 1826 165 1831 174 1840 176 1840 178 1840 180 1842 309 1842 309 1840 344 1833 382 1824 542 1824 564 1833 591 1842 593 1842 595 1842 633 1835 777 1844 779 1844 780 1844 811 1833 819 1831 828 1833 868 1844 870 1844 871 1844 922 1833 955 1828 1090 1833 1093 1810 1093 1760 1075 1755 1073 1755 1072 1755 1070 1755 1068 1755 1061 1762 1059 1762 1057 1762 1035 1746 1033 1746 1032 1746 1030 1746 1028 1746 1026 1746 1026 1748 1012 1760 1010 1764 966 1764 961 1760 931 1746 930 1746 928 1746 926 1746 924 1746 906 1760 879 1750 877 1750 875 1750 873 1750 871 1750 855 1760 846 1766 797 1766 788 1760 764 1744 762 1744 760 1744 708 1744 706 1744 704 1744 667 1759 658 1764 533 1764 526 1759 507 1744 506 1744 504 1744 444 1742 442 1742 440 1742 413 1753 362 1742 360 1742 358 1742 356 1742 340 1757 338 1759 336 1757 309 1742 307 1742 305 1742 303 1742 247 1757 229 1760 120 1757 120 1804"/></Shape>
	    <String CONTENT="بردارد و از اين نوع دليل بسيار است که مولانا قانم القيامه"
                    HPOS="118"
                    VPOS="1742"
                    WIDTH="975"
                    HEIGHT="102"
                    WC="0.9062647809062088"></String>
          </TextLine>

          
        </TextBlock>
        
        <TextBlock HPOS="538"
                   VPOS="167"
                   WIDTH="137"
                   HEIGHT="71"
                   ID="eSc_textblock_8f29744d"
                   TAGREFS="BT16059">
          <Shape><Polygon POINTS="560 167 646 174 675 201 631 238 560 238 538 223 560 167"/></Shape>
          
          
          <TextLine ID="eSc_line_db13868c"
                    TAGREFS="LT4834"
                    BASELINE="575 203 629 207" 
                    HPOS="573"
                    VPOS="167"
                    WIDTH="56"
                    HEIGHT="71">
            <Shape><Polygon POINTS="613 171 595 169 576 167 575 203 573 227 624 238 629 207 629 171 613 171"/></Shape>
	    <String CONTENT="عا"
                    HPOS="573"
                    VPOS="167"
                    WIDTH="56"
                    HEIGHT="71"
                    WC="0.9749855697154999"></String>
          </TextLine>

          
        </TextBlock>
        
        <TextBlock HPOS="123"
                   VPOS="1964"
                   WIDTH="137"
                   HEIGHT="100"
                   ID="eSc_textblock_d10aa669"
                   TAGREFS="BT16061">
          <Shape><Polygon POINTS="176 1964 260 1986 245 2064 123 2021 131 1986 176 1964"/></Shape>
          
          
          <TextLine ID="eSc_line_4930fd60"
                    TAGREFS="LT4834"
                    BASELINE="145 2030 243 2022" 
                    HPOS="145"
                    VPOS="1979"
                    WIDTH="98"
                    HEIGHT="73">
            <Shape><Polygon POINTS="234 1979 152 1991 145 2021 145 2030 145 2042 242 2052 243 2022 238 1979 234 1979"/></Shape>
	    <String CONTENT="بر دا"
                    HPOS="145"
                    VPOS="1979"
                    WIDTH="98"
                    HEIGHT="73"
                    WC="0.734940642118454"></String>
          </TextLine>

          
        </TextBlock>
        
        <TextBlock HPOS="118"
                   VPOS="1884"
                   WIDTH="200"
                   HEIGHT="13"
                   ID="eSc_textblock_8183388e"
                   TAGREFS="BT16060">
          <Shape><Polygon POINTS="118 1884 318 1884 318 1890 131 1897 118 1884"/></Shape>
          
        </TextBlock>
        
        <TextBlock HPOS="835"
                   VPOS="1870"
                   WIDTH="20"
                   HEIGHT="5"
                   ID="eSc_textblock_1a973c11"
                   TAGREFS="BT16058">
          <Shape><Polygon POINTS="835 1870 855 1870 855 1875 835 1875 835 1870"/></Shape>
          
        </TextBlock>
        
        <TextBlock HPOS="959"
                   VPOS="1891"
                   WIDTH="78"
                   HEIGHT="20"
                   ID="eSc_textblock_e83778bb"
                   TAGREFS="BT16060">
          <Shape><Polygon POINTS="1006 1891 1037 1911 959 1904 1001 1899 1006 1891"/></Shape>
          
        </TextBlock>
        
        <TextBlock HPOS="597"
                   VPOS="1979"
                   WIDTH="20"
                   HEIGHT="34"
                   ID="eSc_textblock_1ec4b970"
                   TAGREFS="BT16061">
          <Shape><Polygon POINTS="598 1979 617 1979 617 2013 597 1999 598 1979"/></Shape>
          
        </TextBlock>
        

        
        <TextBlock ID="eSc_dummyblock_">
          
          
          <TextLine ID="eSc_line_04a0a4b2"
                    TAGREFS="LT4834"
                    BASELINE="826 1904 1088 1899" 
                    HPOS="824"
                    VPOS="1844"
                    WIDTH="264"
                    HEIGHT="89">
            <Shape><Polygon POINTS="826 1904 826 1921 911 1933 913 1933 915 1933 941 1921 942 1921 959 1928 961 1928 962 1928 964 1928 991 1921 1004 1917 1008 1921 1019 1930 1021 1930 1022 1930 1024 1930 1086 1919 1088 1899 1082 1844 1015 1850 1013 1850 1012 1850 991 1864 930 1855 910 1853 908 1853 906 1853 895 1859 880 1864 870 1861 851 1851 850 1851 848 1851 846 1851 824 1861 826 1904"/></Shape>
	    <String CONTENT="خواهند بود"
                    HPOS="824"
                    VPOS="1844"
                    WIDTH="264"
                    HEIGHT="89"
                    WC="0.9600892901420593"></String>
          </TextLine>

          
        </TextBlock>
        
      </PrintSpace>
    </Page>
  </Layout>
</alto>
