<?xml version="1.0" encoding="UTF-8"?>
<alto xmlns:xsi="http://www.w3.org/2001/XMLSchema-instance"
      xmlns="http://www.loc.gov/standards/alto/ns-v4#"
      xsi:schemaLocation="http://www.loc.gov/standards/alto/ns-v4# http://www.loc.gov/standards/alto/v4/alto-4-2.xsd">
  <Description>
    <MeasurementUnit>pixel</MeasurementUnit>
    <sourceImageInformation>
      <fileName>TwoIsmailiTreatises027.jpg</fileName>
      
    </sourceImageInformation>
  </Description>
  
  <Tags>
    <OtherTag ID="BT16074" LABEL="MarginTextZone:commentary" DESCRIPTION="block type MarginTextZone:commentary"/><OtherTag ID="BT16073" LABEL="MarginTextZone:note#1" DESCRIPTION="block type MarginTextZone:note#1"/><OtherTag ID="BT16072" LABEL="MainZone:column#2" DESCRIPTION="block type MainZone:column#2"/><OtherTag ID="BT16071" LABEL="MainZone:column#3" DESCRIPTION="block type MainZone:column#3"/><OtherTag ID="BT16070" LABEL="GraphicZone:illustration" DESCRIPTION="block type GraphicZone:illustration"/><OtherTag ID="BT16069" LABEL="MainZone:column#1" DESCRIPTION="block type MainZone:column#1"/><OtherTag ID="BT16068" LABEL="MarginTextZone:note#2" DESCRIPTION="block type MarginTextZone:note#2"/><OtherTag ID="BT16067" LABEL="CustomZone:publication" DESCRIPTION="block type CustomZone:publication"/><OtherTag ID="BT16066" LABEL="RunningTitleZone" DESCRIPTION="block type RunningTitleZone"/><OtherTag ID="BT16065" LABEL="NumberingZone" DESCRIPTION="block type NumberingZone"/><OtherTag ID="BT16064" LABEL="default" DESCRIPTION="block type default"/><OtherTag ID="BT16063" LABEL="TitlePageZone" DESCRIPTION="block type TitlePageZone"/><OtherTag ID="BT16062" LABEL="NumberingZone:other" DESCRIPTION="block type NumberingZone:other"/><OtherTag ID="BT16061" LABEL="QuireMarksZone:catchwords" DESCRIPTION="block type QuireMarksZone:catchwords"/><OtherTag ID="BT16060" LABEL="MainZone" DESCRIPTION="block type MainZone"/><OtherTag ID="BT16059" LABEL="NumberingZone:page" DESCRIPTION="block type NumberingZone:page"/><OtherTag ID="BT16058" LABEL="MarginTextZone:note" DESCRIPTION="block type MarginTextZone:note"/><OtherTag ID="BT16057" LABEL="DigitizationArtefactZone" DESCRIPTION="block type DigitizationArtefactZone"/><OtherTag ID="BT4" LABEL="Illustration" DESCRIPTION="block type Illustration"/><OtherTag ID="BT3" LABEL="Commentary" DESCRIPTION="block type Commentary"/><OtherTag ID="BT2" LABEL="Main" DESCRIPTION="block type Main"/><OtherTag ID="BT1" LABEL="Title" DESCRIPTION="block type Title"/>
    <OtherTag ID="LT4834" LABEL="DefaultLine" DESCRIPTION="line type DefaultLine"/><OtherTag ID="LT4835" LABEL="HeadingLine:title" DESCRIPTION="line type HeadingLine:title"/>
  </Tags>
  
  <Layout>
    <Page WIDTH="1276"
          HEIGHT="2114"
          PHYSICAL_IMG_NR="23"
          ID="eSc_dummypage_">
      <PrintSpace HPOS="0"
                  VPOS="0"
                  WIDTH="1276"
                  HEIGHT="2114">
        
        <TextBlock HPOS="91"
                   VPOS="218"
                   WIDTH="1042"
                   HEIGHT="1661"
                   ID="eSc_textblock_df41ed6d"
                   TAGREFS="BT16060">
          <Shape><Polygon POINTS="126 218 1055 239 1083 373 1062 406 1090 450 1090 907 1133 1365 1062 1529 1041 1865 140 1879 91 1858 91 331 126 218"/></Shape>
          
          
          <TextLine ID="eSc_line_b27bc6c1"
                    TAGREFS="LT4834"
                    BASELINE="111 297 1027 301" 
                    HPOS="109"
                    VPOS="234"
                    WIDTH="918"
                    HEIGHT="97">
            <Shape><Polygon POINTS="1025 237 1008 237 990 237 972 236 971 236 930 257 884 257 860 237 858 236 856 236 854 236 853 236 851 236 849 236 849 237 847 237 824 262 786 262 761 239 757 237 757 236 756 236 754 236 752 236 750 236 749 236 741 241 710 260 669 241 659 237 657 237 655 237 653 237 652 237 645 243 632 251 620 243 611 236 609 236 608 236 569 234 484 234 482 234 481 234 479 234 465 246 445 260 361 260 347 250 345 250 343 250 341 250 281 258 269 250 260 243 259 243 257 243 255 243 253 243 236 250 218 258 209 250 204 246 204 244 202 244 200 244 199 244 114 251 111 266 111 297 109 313 146 327 148 327 149 327 204 318 218 329 220 329 222 329 223 331 262 331 262 329 264 329 266 329 266 327 276 318 311 329 313 329 315 329 317 329 319 329 319 327 331 317 430 317 470 329 472 329 474 329 713 318 738 331 740 331 741 331 743 331 780 318 823 329 824 329 826 329 865 320 875 329 875 331 877 331 879 331 881 331 925 322 978 331 979 331 981 331 1025 317 1027 301 1025 237 1025 237"/></Shape>
	    <String CONTENT="و ديگر خلق را بخدانی رساند و اگر با کسی که او خود اين مرتبه را ندارد"
                    HPOS="109"
                    VPOS="234"
                    WIDTH="918"
                    HEIGHT="97"
                    WC="0.8903277104391771"></String>
          </TextLine>

          
          
          <TextLine ID="eSc_line_45096c53"
                    TAGREFS="LT4834"
                    BASELINE="107 399 1027 399" 
                    HPOS="107"
                    VPOS="336"
                    WIDTH="920"
                    HEIGHT="102">
            <Shape><Polygon POINTS="107 399 107 419 128 433 130 433 132 433 133 433 135 433 155 426 178 436 179 436 181 438 216 438 216 436 218 436 220 436 250 419 287 436 289 436 290 438 348 438 348 436 350 436 352 436 380 419 493 436 495 436 497 436 541 419 583 436 585 436 586 436 588 436 590 436 590 435 609 417 741 417 757 431 757 433 759 433 761 433 763 433 824 431 826 431 828 431 849 417 882 436 884 436 886 438 941 438 941 436 942 436 944 436 969 417 1027 417 1027 399 1027 361 972 345 971 345 969 345 967 345 925 357 902 343 900 343 898 343 897 343 895 343 893 343 882 350 874 343 874 341 872 341 870 341 835 341 833 341 831 341 830 341 830 343 819 354 801 338 801 336 800 336 798 336 749 336 747 336 745 336 743 336 743 338 722 357 683 361 659 338 659 336 657 336 655 336 653 336 590 345 556 336 555 336 553 336 551 336 549 336 514 362 491 362 465 340 463 340 461 340 459 340 458 340 421 361 320 361 259 336 257 336 255 336 253 336 197 361 156 341 155 341 153 341 151 341 107 361 107 399"/></Shape>
	    <String CONTENT="و دعوی بی معنی همی کند و می گويد که من حجت قامم او راگويم دعوی"
                    HPOS="107"
                    VPOS="336"
                    WIDTH="920"
                    HEIGHT="102"
                    WC="0.8653469128954795"></String>
          </TextLine>

          
          
          <TextLine ID="eSc_line_f2105d45"
                    TAGREFS="LT4834"
                    BASELINE="111 495 1025 500" 
                    HPOS="109"
                    VPOS="435"
                    WIDTH="916"
                    HEIGHT="95">
            <Shape><Polygon POINTS="111 495 109 519 289 514 297 521 303 524 303 526 304 526 306 526 308 528 366 528 366 526 442 519 493 516 511 519 542 528 544 528 546 528 548 528 576 519 586 516 592 519 604 528 606 528 608 528 609 528 667 519 669 519 756 530 757 530 810 517 814 517 816 517 837 528 838 528 840 528 842 528 865 521 930 530 932 530 934 530 935 530 935 528 946 519 958 526 960 526 962 526 964 526 1023 516 1025 500 1020 440 967 461 951 450 949 450 948 450 946 450 944 450 942 450 923 466 895 466 879 450 879 449 877 449 875 449 874 449 872 449 842 465 764 463 724 438 722 438 720 438 676 438 675 438 673 438 671 438 671 440 648 461 609 438 608 438 606 438 562 438 560 438 558 438 556 438 556 440 539 456 498 443 497 443 495 443 493 443 491 443 463 465 417 465 380 454 378 454 377 454 315 461 289 442 287 442 285 442 283 442 281 442 280 442 259 461 197 461 172 438 172 436 170 436 169 436 111 435 111 495"/></Shape>
	    <String CONTENT="تو بر حق نباشد بر حق کسی باشد که او هميته موجود است و دارک"
                    HPOS="109"
                    VPOS="435"
                    WIDTH="916"
                    HEIGHT="95"
                    WC="0.911778854912725"></String>
          </TextLine>

          
          
          <TextLine ID="eSc_line_a217600e"
                    TAGREFS="LT4834"
                    BASELINE="752 591 1022 597" 
                    HPOS="750"
                    VPOS="544"
                    WIDTH="272"
                    HEIGHT="90">
            <Shape><Polygon POINTS="752 591 750 607 807 621 808 621 810 621 830 614 845 630 845 632 847 632 849 632 851 634 897 634 897 632 898 632 900 632 919 616 995 630 997 630 999 630 1020 618 1022 597 1022 563 941 563 939 561 925 546 925 544 923 544 921 544 919 544 752 556 752 591"/></Shape>
	    <String CONTENT="هر دو عالم است"
                    HPOS="750"
                    VPOS="544"
                    WIDTH="272"
                    HEIGHT="90"
                    WC="0.9600022988659995"></String>
          </TextLine>

          
          
          <TextLine ID="eSc_line_24f87b9b"
                    TAGREFS="LT4834"
                    BASELINE="114 695 893 690" 
                    HPOS="112"
                    VPOS="614"
                    WIDTH="781"
                    HEIGHT="110">
            <Shape><Polygon POINTS="114 695 114 709 151 722 153 722 155 722 156 722 183 709 185 709 188 709 232 722 234 722 236 724 326 724 326 722 327 722 364 709 373 708 438 708 444 709 463 720 465 720 467 720 528 711 606 720 608 720 609 720 636 709 645 706 669 709 722 716 724 716 726 716 727 716 727 715 734 709 741 716 741 718 743 718 745 718 747 718 891 708 893 690 891 650 842 632 840 632 838 632 837 632 786 644 773 648 763 644 720 627 719 627 717 627 715 627 676 641 666 644 659 639 623 614 622 614 620 614 583 614 581 614 579 614 539 634 534 637 526 634 488 614 486 614 484 614 482 614 481 614 461 632 452 637 414 630 396 627 394 627 393 627 391 627 389 628 357 653 262 653 230 623 230 621 229 621 227 621 112 618 114 695"/></Shape>
	    <String CONTENT="و سخنان با ضافات هر گونه همی گويد تا سبب وجود آن گو"
                    HPOS="112"
                    VPOS="614"
                    WIDTH="781"
                    HEIGHT="110"
                    WC="0.8906140625476837"></String>
          </TextLine>

          
          
          <TextLine ID="eSc_line_33f83c9d"
                    TAGREFS="LT4834"
                    BASELINE="112 785 1025 778" 
                    HPOS="111"
                    VPOS="724"
                    WIDTH="914"
                    HEIGHT="93">
            <Shape><Polygon POINTS="112 785 112 798 199 798 200 798 218 813 218 815 220 815 222 815 223 817 338 817 338 815 340 815 341 815 363 798 415 810 417 810 419 810 421 810 421 808 435 796 474 813 475 813 477 815 530 815 530 813 532 813 567 794 569 794 585 794 782 812 784 812 786 812 787 812 814 792 816 792 847 808 849 808 851 808 853 808 904 792 905 792 907 792 958 801 960 801 1023 790 1025 778 1020 741 972 750 960 741 941 729 939 729 937 729 935 729 934 729 932 729 914 743 902 752 879 752 872 743 868 741 868 739 867 739 865 739 863 739 823 741 810 731 810 729 808 729 807 729 805 729 803 729 801 729 789 739 759 724 757 724 595 724 593 724 592 724 590 724 590 725 563 748 558 755 445 755 442 752 435 745 433 745 431 745 430 745 428 745 401 752 394 753 391 752 340 725 338 725 336 725 334 725 250 755 248 755 246 755 211 738 209 738 207 738 206 738 204 738 179 755 133 743 132 743 130 743 128 743 126 743 111 752 112 785"/></Shape>
	    <String CONTENT="باشد مشلابا ابل تضاد گويد که سبب وجود آن کون باشد"
                    HPOS="111"
                    VPOS="724"
                    WIDTH="914"
                    HEIGHT="93"
                    WC="0.8631159138679504"></String>
          </TextLine>

          
          
          <TextLine ID="eSc_line_03e0633d"
                    TAGREFS="LT4834"
                    BASELINE="126 886 1020 886" 
                    HPOS="126"
                    VPOS="824"
                    WIDTH="894"
                    HEIGHT="86">
            <Shape><Polygon POINTS="126 886 126 910 1020 910 1020 886 1020 843 964 824 962 824 960 824 958 824 957 824 957 826 935 845 927 854 844 854 828 845 778 824 777 824 667 824 666 824 664 824 616 847 611 850 532 852 523 847 479 824 477 824 378 824 377 824 375 824 336 845 303 833 301 833 299 833 297 833 296 833 269 849 262 854 162 854 158 850 151 843 151 842 149 842 148 842 146 842 144 842 126 849 126 886"/></Shape>
	    <String CONTENT="برال ترتب چنان گويد که سب وجود آنکون باشد و با"
                    HPOS="126"
                    VPOS="824"
                    WIDTH="894"
                    HEIGHT="86"
                    WC="0.8922373741231067"></String>
          </TextLine>

          
          
          <TextLine ID="eSc_line_1ba37619"
                    TAGREFS="LT4834"
                    BASELINE="119 983 1023 977" 
                    HPOS="118"
                    VPOS="912"
                    WIDTH="905"
                    HEIGHT="99">
            <Shape><Polygon POINTS="119 983 119 995 140 1005 142 1005 144 1005 146 1005 185 995 287 995 315 1009 317 1009 319 1011 366 1011 366 1009 368 1009 405 1000 428 1007 430 1007 431 1007 433 1007 435 1007 452 993 505 1005 507 1005 562 993 578 1007 579 1007 581 1007 583 1009 638 1009 638 1007 639 1007 641 1007 641 1005 655 993 708 1007 710 1007 712 1007 713 1007 777 991 800 1005 801 1005 803 1005 805 1005 807 1005 842 991 992 1005 994 1005 995 1005 997 1005 1023 990 1023 977 1022 933 992 923 990 923 988 923 986 923 985 923 985 924 976 931 964 944 919 935 918 935 845 944 831 931 831 930 830 930 828 930 826 930 824 930 810 935 805 930 789 914 789 912 787 912 786 912 733 912 731 912 685 914 683 914 682 914 682 916 669 926 657 938 553 946 519 924 507 914 505 914 504 914 502 914 500 914 465 923 458 924 449 923 421 914 419 914 417 914 415 914 414 914 401 921 370 942 348 944 327 930 326 930 324 930 322 930 320 930 319 930 289 949 250 949 202 919 200 919 199 919 118 917 119 983"/></Shape>
	    <String CONTENT="ابل و حدت چنان گويد که سلب وجود آن کون باشد و خلق"
                    HPOS="118"
                    VPOS="912"
                    WIDTH="905"
                    HEIGHT="99"
                    WC="0.8712958228588105"></String>
          </TextLine>

          
          
          <TextLine ID="eSc_line_8d63d9b7"
                    TAGREFS="LT4834"
                    BASELINE="252 1074 1031 1067" 
                    HPOS="250"
                    VPOS="1005"
                    WIDTH="781"
                    HEIGHT="97">
            <Shape><Polygon POINTS="252 1074 252 1085 444 1102 445 1102 493 1101 495 1101 526 1085 706 1099 708 1099 710 1099 754 1083 798 1099 800 1099 801 1099 803 1099 854 1083 923 1081 934 1090 934 1092 935 1092 937 1092 939 1092 1031 1078 1031 1067 1027 1011 979 1005 978 1005 976 1005 974 1005 967 1012 941 1035 858 1035 844 1025 842 1025 840 1025 838 1025 837 1025 835 1025 835 1027 828 1032 814 1020 807 1012 805 1012 803 1012 801 1012 800 1012 798 1012 798 1014 791 1020 777 1035 756 1035 729 1023 697 1007 696 1007 694 1007 692 1007 690 1007 690 1009 673 1025 667 1032 638 1037 602 1028 572 1020 571 1020 569 1020 567 1020 565 1020 553 1030 548 1034 542 1030 523 1012 523 1011 521 1011 519 1011 518 1011 516 1011 514 1011 514 1012 505 1020 447 1009 445 1009 403 1011 401 1011 400 1011 364 1037 361 1039 347 1039 271 1032 269 1032 267 1032 250 1039 252 1074"/></Shape>
	    <String CONTENT="از گدورت برهاند و اهل و حدت را به يکانکی خودرسا"
                    HPOS="250"
                    VPOS="1005"
                    WIDTH="781"
                    HEIGHT="97"
                    WC="0.8970327225137265"></String>
          </TextLine>

          
          
          <TextLine ID="eSc_line_477f1423"
                    TAGREFS="LT4834"
                    BASELINE="118 1167 893 1159" 
                    HPOS="116"
                    VPOS="1101"
                    WIDTH="777"
                    HEIGHT="103">
            <Shape><Polygon POINTS="118 1167 118 1182 149 1203 151 1203 153 1203 155 1204 206 1204 206 1203 207 1203 209 1203 237 1182 278 1192 280 1192 281 1192 283 1192 285 1192 303 1180 366 1199 368 1199 370 1199 371 1199 373 1199 373 1197 389 1183 422 1187 424 1187 426 1187 428 1187 440 1178 479 1199 481 1199 482 1201 581 1201 581 1199 682 1176 710 1176 731 1196 731 1197 733 1197 734 1197 736 1197 738 1197 798 1176 856 1185 858 1185 860 1185 893 1171 893 1159 890 1118 761 1101 759 1101 757 1101 756 1101 734 1120 731 1123 727 1120 703 1106 701 1106 699 1106 697 1106 696 1106 678 1115 627 1108 625 1108 623 1108 622 1108 622 1109 608 1122 606 1125 579 1125 574 1123 555 1108 553 1108 551 1108 549 1108 548 1108 546 1108 546 1109 528 1123 528 1125 463 1127 458 1125 408 1106 407 1106 322 1106 320 1106 319 1106 317 1106 317 1108 296 1129 294 1130 197 1130 193 1130 181 1122 179 1122 178 1122 176 1122 116 1130 118 1167"/></Shape>
	    <String CONTENT="مولانا ذکره السلام میفرمايد انا عبد من عيد"
                    HPOS="116"
                    VPOS="1101"
                    WIDTH="777"
                    HEIGHT="103"
                    WC="0.9135583440462748"></String>
          </TextLine>

          
          
          <TextLine ID="eSc_line_f00a3fb9"
                    TAGREFS="LT4834"
                    BASELINE="114 1266 1031 1261" 
                    HPOS="112"
                    VPOS="1190"
                    WIDTH="919"
                    HEIGHT="104">
            <Shape><Polygon POINTS="114 1266 114 1278 230 1294 232 1294 234 1294 236 1294 253 1278 255 1278 262 1278 431 1293 433 1293 556 1277 562 1277 586 1293 588 1293 590 1293 592 1294 680 1294 680 1293 682 1293 683 1293 701 1278 717 1291 719 1291 720 1291 722 1293 766 1293 766 1291 768 1291 770 1291 782 1280 801 1291 803 1291 805 1291 807 1291 808 1291 808 1289 824 1275 847 1275 874 1275 882 1282 882 1284 884 1284 886 1284 888 1284 890 1284 927 1275 951 1286 953 1286 955 1286 1029 1273 1031 1261 1029 1203 999 1190 997 1190 995 1190 994 1190 962 1204 946 1212 937 1204 918 1190 916 1190 914 1190 805 1190 803 1190 801 1190 800 1190 800 1192 784 1204 738 1203 736 1203 734 1203 733 1203 726 1210 722 1212 720 1210 697 1192 696 1192 694 1192 645 1192 643 1192 641 1192 639 1192 616 1212 604 1222 544 1222 530 1213 493 1194 491 1194 489 1194 488 1194 486 1194 454 1215 445 1222 356 1222 348 1217 322 1196 320 1196 319 1196 317 1196 315 1196 313 1196 280 1219 274 1224 186 1224 185 1222 162 1201 162 1199 160 1199 158 1199 156 1199 155 1199 153 1199 153 1201 130 1222 130 1224 112 1224 114 1266"/></Shape>
	    <String CONTENT="واخو الرسول بينی من يکی از بندگان خداوند هستم و برادر"
                    HPOS="112"
                    VPOS="1190"
                    WIDTH="919"
                    HEIGHT="104"
                    WC="0.843952144091984"></String>
          </TextLine>

          
          
          <TextLine ID="eSc_line_38724855"
                    TAGREFS="LT4834"
                    BASELINE="112 1361 1105 1358" 
                    HPOS="111"
                    VPOS="1293"
                    WIDTH="994"
                    HEIGHT="96">
            <Shape><Polygon POINTS="112 1361 112 1386 192 1389 193 1389 207 1386 252 1377 306 1384 308 1384 310 1384 311 1384 327 1374 359 1384 361 1384 363 1384 364 1384 366 1384 378 1374 440 1374 516 1386 534 1389 535 1389 537 1389 548 1386 595 1374 616 1386 616 1388 618 1388 620 1388 622 1389 678 1389 678 1388 680 1388 682 1388 682 1386 697 1372 743 1386 745 1386 747 1386 749 1386 750 1386 768 1372 831 1372 860 1386 860 1388 861 1388 863 1388 865 1389 893 1389 893 1388 895 1388 897 1388 897 1386 914 1372 969 1384 971 1384 972 1384 974 1384 988 1374 1032 1386 1036 1388 1038 1388 1039 1388 1105 1386 1105 1358 1103 1301 1090 1293 1089 1293 1087 1293 1085 1293 1083 1293 1048 1305 1041 1307 1038 1305 1018 1293 1016 1293 1015 1293 1013 1293 1011 1293 976 1307 955 1314 937 1307 907 1293 905 1293 904 1293 902 1293 900 1293 900 1294 886 1307 886 1308 884 1307 867 1300 865 1300 863 1300 861 1300 835 1308 823 1312 812 1308 763 1293 761 1293 759 1293 757 1293 756 1293 727 1310 719 1315 701 1310 671 1301 669 1301 667 1301 666 1301 664 1301 652 1312 645 1315 615 1312 558 1305 556 1305 555 1305 534 1314 523 1317 512 1314 468 1294 467 1294 380 1294 378 1294 377 1294 336 1317 333 1319 280 1319 278 1317 250 1298 248 1298 246 1298 244 1298 243 1298 209 1307 178 1294 176 1294 174 1294 172 1294 111 1317 112 1361"/></Shape>
	    <String CONTENT="آن حضرت رسول خدايم و باز فرموده اند که اگر خداوند را يين"
                    HPOS="111"
                    VPOS="1293"
                    WIDTH="994"
                    HEIGHT="96"
                    WC="0.9053593204732526"></String>
          </TextLine>

          
          
          <TextLine ID="eSc_line_fc6706d8"
                    TAGREFS="LT4834"
                    BASELINE="126 1456 1020 1444" 
                    HPOS="125"
                    VPOS="1384"
                    WIDTH="895"
                    HEIGHT="104">
            <Shape><Polygon POINTS="126 1456 126 1488 257 1465 377 1479 385 1479 387 1479 389 1479 391 1479 417 1463 497 1474 500 1474 502 1474 504 1474 505 1474 535 1463 544 1472 553 1479 553 1481 555 1481 556 1481 558 1481 606 1472 632 1483 634 1483 636 1483 638 1483 639 1483 659 1470 761 1481 763 1481 881 1460 898 1456 909 1458 941 1465 942 1465 1020 1453 1020 1444 1011 1397 990 1412 953 1412 935 1400 923 1389 921 1389 919 1389 918 1389 916 1389 914 1389 898 1400 888 1409 877 1402 854 1384 853 1384 851 1384 849 1384 807 1393 763 1384 761 1384 759 1384 757 1384 724 1405 713 1412 696 1407 675 1400 673 1400 671 1400 611 1409 569 1416 560 1411 546 1398 544 1398 542 1398 541 1398 539 1398 514 1412 502 1419 468 1419 463 1414 451 1404 451 1402 449 1402 447 1402 445 1402 444 1402 442 1402 442 1404 428 1414 424 1418 410 1416 382 1411 380 1411 378 1411 377 1411 370 1416 366 1418 364 1416 341 1397 340 1397 338 1397 336 1397 334 1397 306 1407 290 1393 290 1391 289 1391 287 1391 252 1391 250 1391 248 1391 125 1423 126 1456"/></Shape>
	    <String CONTENT="گشناسند گفر ديگر بالاى او نباشد و مولانا ر ادر يشيم"
                    HPOS="125"
                    VPOS="1384"
                    WIDTH="895"
                    HEIGHT="104"
                    WC="0.8533595145917406"></String>
          </TextLine>

          
          
          <TextLine ID="eSc_line_713514d5"
                    TAGREFS="LT4834"
                    BASELINE="126 1555 1029 1541" 
                    HPOS="125"
                    VPOS="1470"
                    WIDTH="904"
                    HEIGHT="111">
            <Shape><Polygon POINTS="126 1555 126 1576 232 1581 234 1581 236 1581 253 1574 287 1562 320 1574 338 1580 340 1580 341 1580 343 1580 357 1573 378 1562 461 1571 512 1576 514 1576 516 1576 518 1576 526 1571 544 1557 578 1557 682 1557 694 1567 699 1571 699 1573 701 1573 703 1573 704 1573 738 1566 803 1553 863 1553 884 1564 898 1571 900 1571 902 1571 1029 1560 1029 1541 1027 1493 997 1470 995 1470 994 1470 957 1470 955 1470 953 1470 951 1470 912 1495 877 1472 875 1472 874 1472 803 1472 801 1472 800 1472 798 1472 773 1492 759 1481 757 1481 756 1481 754 1481 752 1481 750 1481 750 1483 733 1499 689 1499 669 1486 667 1486 666 1486 664 1486 662 1486 643 1493 590 1478 588 1478 586 1478 585 1478 583 1478 583 1479 558 1502 541 1502 518 1479 518 1478 516 1478 514 1478 481 1478 479 1478 477 1478 475 1478 465 1488 447 1479 445 1479 444 1479 442 1479 440 1479 414 1502 364 1493 363 1493 361 1493 359 1493 347 1504 315 1481 313 1481 311 1481 310 1481 308 1481 306 1481 281 1502 248 1492 246 1492 244 1492 243 1492 241 1492 241 1493 227 1504 178 1495 176 1495 174 1495 125 1507 126 1555"/></Shape>
	    <String CONTENT="بايد بگويند که فضول بر مقادر عفل گفته اندفی اجمله از اين"
                    HPOS="125"
                    VPOS="1470"
                    WIDTH="904"
                    HEIGHT="111"
                    WC="0.8271625132433006"></String>
          </TextLine>

          
          
          <TextLine ID="eSc_line_7fc52596"
                    TAGREFS="LT4834"
                    BASELINE="130 1641 1029 1636" 
                    HPOS="128"
                    VPOS="1578"
                    WIDTH="901"
                    HEIGHT="99">
            <Shape><Polygon POINTS="130 1641 130 1655 232 1655 257 1675 259 1675 260 1675 262 1677 329 1677 329 1675 331 1675 412 1654 452 1673 454 1673 456 1673 458 1673 459 1673 474 1661 519 1673 521 1673 523 1673 525 1673 526 1673 555 1652 606 1671 608 1671 609 1671 611 1671 630 1664 676 1673 678 1673 680 1673 682 1673 682 1671 699 1655 720 1659 722 1659 724 1659 726 1659 726 1657 733 1650 734 1650 786 1650 787 1650 808 1670 810 1670 812 1670 814 1670 904 1663 905 1663 907 1663 907 1661 919 1650 951 1650 983 1670 985 1670 986 1670 988 1670 990 1670 1029 1648 1029 1636 1023 1587 992 1594 983 1587 974 1580 974 1578 972 1578 971 1578 875 1578 874 1578 872 1578 870 1578 854 1589 842 1596 773 1596 768 1589 756 1580 756 1578 754 1578 752 1578 750 1578 650 1590 606 1596 571 1592 472 1580 470 1580 468 1580 444 1594 438 1596 431 1594 410 1587 408 1587 407 1587 405 1587 391 1594 385 1596 361 1594 290 1589 289 1589 243 1596 230 1597 227 1596 211 1581 209 1581 207 1581 140 1581 139 1581 137 1581 135 1581 135 1583 133 1583 128 1587 130 1641"/></Shape>
	    <String CONTENT="نوع دليل بر خداوندی مولانا علی ذکره السلام بسيار است"
                    HPOS="128"
                    VPOS="1578"
                    WIDTH="901"
                    HEIGHT="99"
                    WC="0.9034120056491631"></String>
          </TextLine>

          
          
          <TextLine ID="eSc_line_de1fa1e0"
                    TAGREFS="LT4834"
                    BASELINE="128 1747 1038 1738" 
                    HPOS="126"
                    VPOS="1678"
                    WIDTH="912"
                    HEIGHT="94">
            <Shape><Polygon POINTS="128 1747 128 1758 260 1772 262 1772 264 1772 266 1772 266 1770 274 1763 389 1770 391 1770 393 1770 394 1770 412 1756 442 1756 491 1754 497 1754 549 1768 551 1768 553 1768 595 1766 597 1766 599 1766 599 1765 613 1754 653 1763 655 1763 657 1763 659 1763 673 1752 676 1752 738 1752 740 1752 766 1766 768 1766 770 1766 771 1766 823 1752 976 1765 978 1765 979 1765 1038 1749 1038 1738 1034 1698 909 1684 907 1684 905 1684 904 1684 904 1685 893 1694 891 1698 817 1698 812 1694 796 1680 796 1678 794 1678 793 1678 791 1678 789 1678 787 1678 768 1692 761 1700 683 1700 676 1692 664 1682 664 1680 662 1680 660 1680 659 1680 567 1691 488 1700 430 1691 428 1691 426 1691 412 1698 396 1689 385 1682 384 1682 382 1682 380 1682 345 1687 296 1696 262 1687 252 1684 250 1684 248 1684 234 1685 186 1698 174 1685 172 1685 172 1684 170 1684 169 1684 167 1684 126 1684 128 1747"/></Shape>
	    <String CONTENT="اما اين قدر خردمند را کفايت است به طول نه آنجامد بعدا"
                    HPOS="126"
                    VPOS="1678"
                    WIDTH="912"
                    HEIGHT="94"
                    WC="0.9045636245497951"></String>
          </TextLine>

          
          
          <TextLine ID="eSc_line_d278898f"
                    TAGREFS="LT4834"
                    BASELINE="133 1839 1029 1837" 
                    HPOS="132"
                    VPOS="1772"
                    WIDTH="897"
                    HEIGHT="102">
            <Shape><Polygon POINTS="133 1839 133 1869 414 1862 445 1867 493 1874 495 1874 497 1874 498 1874 509 1865 512 1863 528 1865 560 1870 562 1870 563 1870 565 1870 572 1865 579 1862 667 1862 678 1863 710 1874 712 1874 713 1874 847 1865 946 1874 948 1874 1027 1860 1029 1837 1025 1789 955 1773 953 1773 951 1773 949 1773 932 1789 927 1795 918 1789 898 1781 897 1781 895 1781 893 1781 865 1791 860 1793 858 1791 837 1775 835 1775 833 1775 831 1775 830 1775 828 1775 828 1777 812 1791 787 1772 786 1772 784 1772 738 1772 736 1772 734 1772 673 1793 657 1800 578 1800 553 1798 551 1795 525 1773 525 1772 523 1772 521 1772 438 1772 437 1772 435 1772 433 1772 410 1791 377 1779 375 1779 373 1779 371 1779 370 1779 350 1795 299 1772 297 1772 296 1772 294 1772 292 1772 257 1796 215 1789 213 1789 132 1800 133 1839"/></Shape>
	    <String CONTENT="ين چهار باب ديگر است و هر جان کتهای در آن باب"
                    HPOS="132"
                    VPOS="1772"
                    WIDTH="897"
                    HEIGHT="102"
                    WC="0.9007300527199454"></String>
          </TextLine>

          
        </TextBlock>
        
        <TextBlock HPOS="500"
                   VPOS="126"
                   WIDTH="139"
                   HEIGHT="83"
                   ID="eSc_textblock_eaac065f"
                   TAGREFS="BT16059">
          <Shape><Polygon POINTS="549 126 639 133 639 202 500 209 500 162 549 126"/></Shape>
          
          
          <TextLine ID="eSc_line_a36c1c47"
                    TAGREFS="LT4834"
                    BASELINE="526 184 593 179" 
                    HPOS="523"
                    VPOS="144"
                    WIDTH="70"
                    HEIGHT="67">
            <Shape><Polygon POINTS="526 184 528 211 593 199 593 179 588 144 523 156 526 184"/></Shape>
	    <String CONTENT="ع"
                    HPOS="523"
                    VPOS="144"
                    WIDTH="70"
                    HEIGHT="67"
                    WC="0.9720453023910522"></String>
          </TextLine>

          
        </TextBlock>
        
        <TextBlock HPOS="556"
                   VPOS="1902"
                   WIDTH="55"
                   HEIGHT="55"
                   ID="eSc_textblock_e4aeb8c8"
                   TAGREFS="BT16061">
          <Shape><Polygon POINTS="578 1902 611 1916 604 1957 556 1936 578 1902"/></Shape>
          
        </TextBlock>
        

        
      </PrintSpace>
    </Page>
  </Layout>
</alto>
