<?xml version="1.0" encoding="UTF-8"?>
<alto xmlns:xsi="http://www.w3.org/2001/XMLSchema-instance"
      xmlns="http://www.loc.gov/standards/alto/ns-v4#"
      xsi:schemaLocation="http://www.loc.gov/standards/alto/ns-v4# http://www.loc.gov/standards/alto/v4/alto-4-2.xsd">
  <Description>
    <MeasurementUnit>pixel</MeasurementUnit>
    <sourceImageInformation>
      <fileName>TwoIsmailiTreatises008.jpg</fileName>
      
    </sourceImageInformation>
  </Description>
  
  <Tags>
    <OtherTag ID="BT16074" LABEL="MarginTextZone:commentary" DESCRIPTION="block type MarginTextZone:commentary"/><OtherTag ID="BT16073" LABEL="MarginTextZone:note#1" DESCRIPTION="block type MarginTextZone:note#1"/><OtherTag ID="BT16072" LABEL="MainZone:column#2" DESCRIPTION="block type MainZone:column#2"/><OtherTag ID="BT16071" LABEL="MainZone:column#3" DESCRIPTION="block type MainZone:column#3"/><OtherTag ID="BT16070" LABEL="GraphicZone:illustration" DESCRIPTION="block type GraphicZone:illustration"/><OtherTag ID="BT16069" LABEL="MainZone:column#1" DESCRIPTION="block type MainZone:column#1"/><OtherTag ID="BT16068" LABEL="MarginTextZone:note#2" DESCRIPTION="block type MarginTextZone:note#2"/><OtherTag ID="BT16067" LABEL="CustomZone:publication" DESCRIPTION="block type CustomZone:publication"/><OtherTag ID="BT16066" LABEL="RunningTitleZone" DESCRIPTION="block type RunningTitleZone"/><OtherTag ID="BT16065" LABEL="NumberingZone" DESCRIPTION="block type NumberingZone"/><OtherTag ID="BT16064" LABEL="default" DESCRIPTION="block type default"/><OtherTag ID="BT16063" LABEL="TitlePageZone" DESCRIPTION="block type TitlePageZone"/><OtherTag ID="BT16062" LABEL="NumberingZone:other" DESCRIPTION="block type NumberingZone:other"/><OtherTag ID="BT16061" LABEL="QuireMarksZone:catchwords" DESCRIPTION="block type QuireMarksZone:catchwords"/><OtherTag ID="BT16060" LABEL="MainZone" DESCRIPTION="block type MainZone"/><OtherTag ID="BT16059" LABEL="NumberingZone:page" DESCRIPTION="block type NumberingZone:page"/><OtherTag ID="BT16058" LABEL="MarginTextZone:note" DESCRIPTION="block type MarginTextZone:note"/><OtherTag ID="BT16057" LABEL="DigitizationArtefactZone" DESCRIPTION="block type DigitizationArtefactZone"/><OtherTag ID="BT4" LABEL="Illustration" DESCRIPTION="block type Illustration"/><OtherTag ID="BT3" LABEL="Commentary" DESCRIPTION="block type Commentary"/><OtherTag ID="BT2" LABEL="Main" DESCRIPTION="block type Main"/><OtherTag ID="BT1" LABEL="Title" DESCRIPTION="block type Title"/>
    <OtherTag ID="LT4834" LABEL="DefaultLine" DESCRIPTION="line type DefaultLine"/><OtherTag ID="LT4835" LABEL="HeadingLine:title" DESCRIPTION="line type HeadingLine:title"/>
  </Tags>
  
  <Layout>
    <Page WIDTH="1455"
          HEIGHT="2244"
          PHYSICAL_IMG_NR="4"
          ID="eSc_dummypage_">
      <PrintSpace HPOS="0"
                  VPOS="0"
                  WIDTH="1455"
                  HEIGHT="2244">
        
        <TextBlock HPOS="321"
                   VPOS="239"
                   WIDTH="1081"
                   HEIGHT="1778"
                   ID="eSc_textblock_7fda1922"
                   TAGREFS="BT16060">
          <Shape><Polygon POINTS="418 239 1395 269 1402 1628 1357 1995 611 2017 351 2017 321 1995 321 374 336 261 418 239"/></Shape>
          
          
          <TextLine ID="eSc_line_8168a8dc"
                    TAGREFS="LT4834"
                    BASELINE="332 336 1352 336" 
                    HPOS="332"
                    VPOS="273"
                    WIDTH="1020"
                    HEIGHT="97">
            <Shape><Polygon POINTS="332 336 332 357 381 368 383 368 385 368 422 357 445 351 473 357 514 364 516 364 518 364 519 364 531 357 536 351 622 351 632 355 656 368 658 368 660 368 662 368 695 359 733 368 734 368 736 368 738 368 740 368 740 366 753 355 757 351 811 351 837 355 936 368 938 368 940 368 942 368 961 353 965 351 993 351 998 353 1021 368 1022 368 1024 368 1026 370 1140 370 1140 368 1142 368 1144 368 1163 355 1206 362 1208 362 1210 362 1245 351 1247 351 1262 366 1262 368 1264 368 1266 368 1267 370 1327 370 1327 368 1329 368 1331 368 1352 353 1352 336 1352 295 1320 278 1318 278 1316 278 1314 278 1312 278 1310 278 1310 280 1294 295 1275 295 1251 276 1249 276 1247 276 1245 276 1206 280 1204 280 1202 280 1202 282 1183 299 1135 284 1133 284 1131 284 1129 284 1127 284 1107 301 1105 301 1097 301 1041 291 1039 291 989 301 985 301 983 301 931 274 929 274 927 274 925 274 923 274 886 301 884 302 744 302 744 301 671 273 669 273 553 273 551 273 549 273 547 273 547 274 519 301 493 301 460 273 458 273 456 273 374 273 372 273 370 273 368 273 332 297 332 336"/></Shape>
	    <String CONTENT="ابل نضاد و ابل ترتب و ابل و حدت باب ششم در معنى"
                    HPOS="332"
                    VPOS="273"
                    WIDTH="1020"
                    HEIGHT="97"
                    WC="0.8914752837191237"></String>
          </TextLine>

          
          
          <TextLine ID="eSc_line_5ce6aa78"
                    TAGREFS="LT4834"
                    BASELINE="344 448 1339 430" 
                    HPOS="342"
                    VPOS="364"
                    WIDTH="997"
                    HEIGHT="116">
            <Shape><Polygon POINTS="344 448 344 471 351 478 351 480 353 480 355 480 357 480 422 469 437 480 439 480 441 480 443 480 445 480 488 463 491 461 503 461 574 473 576 473 577 473 605 460 607 460 630 473 632 473 633 473 635 473 660 460 665 456 774 456 776 456 807 473 809 473 811 473 813 473 815 473 841 456 843 454 852 456 893 461 895 461 940 454 948 452 953 452 1011 469 1013 469 1015 469 1166 465 1168 465 1170 465 1170 463 1180 456 1234 465 1236 465 1297 463 1299 463 1339 445 1339 430 1335 366 1286 364 1284 364 1282 364 1281 364 1281 366 1277 368 1249 394 1217 394 1157 385 1155 385 1153 385 1127 396 1056 387 1054 387 1052 387 1036 396 1006 379 996 375 994 375 993 375 991 375 989 375 983 381 961 400 935 400 837 390 835 390 834 390 791 402 772 390 749 377 748 377 746 377 744 377 742 377 740 377 729 385 641 375 639 375 561 377 559 377 557 377 536 396 503 379 501 379 499 379 497 379 452 402 420 381 418 381 417 381 415 381 413 381 411 381 411 383 387 405 342 409 344 448"/></Shape>
	    <String CONTENT="نظم کردن اين ديوان و حمد و تنای خداوند لذکره اشجود و استيچ غرض"
                    HPOS="342"
                    VPOS="364"
                    WIDTH="997"
                    HEIGHT="116"
                    WC="0.855185188593403"></String>
          </TextLine>

          
          
          <TextLine ID="eSc_line_8b48c17d"
                    TAGREFS="LT4834"
                    BASELINE="340 547 1342 538" 
                    HPOS="338"
                    VPOS="473"
                    WIDTH="1004"
                    HEIGHT="119">
            <Shape><Polygon POINTS="340 547 340 562 364 574 366 574 368 574 370 574 394 562 396 562 446 589 448 589 450 589 452 589 486 575 504 592 506 592 508 592 510 592 512 592 514 592 531 577 547 590 549 590 551 590 553 590 555 590 557 590 589 564 592 561 602 564 678 590 680 590 682 590 770 589 772 589 774 589 774 587 800 564 807 559 856 564 871 566 892 585 892 587 893 587 895 587 897 587 899 587 901 587 931 564 942 557 991 564 1000 566 1002 566 1013 566 1077 557 1101 566 1125 575 1127 575 1129 575 1131 575 1133 575 1133 574 1142 566 1152 575 1153 575 1155 575 1157 575 1247 566 1267 564 1271 566 1292 585 1294 585 1296 585 1297 585 1299 585 1342 566 1342 538 1333 473 1309 495 1266 504 1221 495 1219 495 1174 504 1159 493 1159 491 1157 491 1155 491 1153 491 1152 491 1116 506 1064 491 1062 491 1060 491 1058 491 1056 491 1056 493 1041 508 970 508 950 491 948 491 946 491 944 491 942 491 940 491 940 493 929 504 916 491 903 478 903 476 901 476 899 476 858 476 856 476 854 476 852 476 828 493 824 497 734 510 712 499 691 488 690 488 626 478 624 478 467 480 465 480 426 497 387 480 385 480 383 480 381 480 379 480 338 506 340 547"/></Shape>
	    <String CONTENT="ى خود اين باب است باب م در معنى تا ريخ چگوگی احوال"
                    HPOS="338"
                    VPOS="473"
                    WIDTH="1004"
                    HEIGHT="119"
                    WC="0.8736027723550797"></String>
          </TextLine>

          
          
          <TextLine ID="eSc_line_ad942190"
                    TAGREFS="LT4834"
                    BASELINE="1079 641 1350 643" 
                    HPOS="1077"
                    VPOS="589"
                    WIDTH="273"
                    HEIGHT="91">
            <Shape><Polygon POINTS="1079 641 1077 678 1118 680 1120 680 1122 680 1123 680 1123 678 1125 676 1140 661 1185 656 1269 669 1281 671 1282 671 1348 665 1350 643 1346 590 1279 609 1241 609 1221 594 1219 594 1217 594 1215 594 1213 594 1163 607 1152 598 1152 596 1150 596 1148 596 1079 589 1079 641"/></Shape>
	    <String CONTENT="آن والتداعلم"
                    HPOS="1077"
                    VPOS="589"
                    WIDTH="273"
                    HEIGHT="91"
                    WC="0.9075167637604934"></String>
          </TextLine>

          
          
          <TextLine ID="eSc_line_a877558b"
                    TAGREFS="LT4834"
                    BASELINE="334 748 1325 738" 
                    HPOS="332"
                    VPOS="671"
                    WIDTH="993"
                    HEIGHT="114">
            <Shape><Polygon POINTS="334 748 334 764 364 781 366 781 368 781 370 781 409 762 486 761 533 761 555 781 555 783 557 783 559 783 561 785 695 785 695 783 697 783 699 783 714 770 727 781 729 781 731 781 733 781 815 768 847 779 849 779 850 779 852 779 882 764 1022 779 1024 779 1026 779 1101 757 1166 766 1168 766 1324 753 1325 738 1324 688 1307 676 1305 676 1303 676 1301 676 1299 676 1262 690 1241 697 1161 697 1142 688 1112 675 1110 675 1109 675 1107 675 1105 675 1090 686 1073 673 1073 671 1071 671 1069 671 1015 671 1013 671 1011 671 985 686 963 699 935 699 918 684 916 684 914 684 912 684 910 684 908 684 880 691 856 684 828 673 826 673 824 673 822 673 792 682 740 701 654 701 635 690 633 690 632 690 630 690 628 690 585 701 547 678 542 675 540 675 538 675 536 675 503 676 501 676 499 676 499 678 486 691 460 678 458 676 456 676 332 676 334 748"/></Shape>
	    <String CONTENT="با اول در معنى آنکه خق دهم خيال و پنداشت خود رانج"
                    HPOS="332"
                    VPOS="671"
                    WIDTH="993"
                    HEIGHT="114"
                    WC="0.9336804354190826"></String>
          </TextLine>

          
          
          <TextLine ID="eSc_line_23934006"
                    TAGREFS="LT4834"
                    BASELINE="344 843 1354 843" 
                    HPOS="344"
                    VPOS="781"
                    WIDTH="1010"
                    HEIGHT="90">
            <Shape><Polygon POINTS="344 843 344 860 555 860 566 869 566 871 568 871 570 871 572 871 654 862 794 871 796 871 798 871 800 871 815 860 882 860 895 871 897 871 899 871 901 871 903 871 950 860 966 871 968 871 970 871 972 871 1284 860 1314 871 1316 871 1318 871 1320 871 1354 858 1354 843 1354 805 1198 805 1195 804 1170 794 1168 794 1166 794 1120 802 1109 804 1105 802 1095 792 1094 792 1092 792 1090 792 1051 802 1041 804 1037 802 1030 794 1030 792 1028 792 1026 792 1024 792 1022 792 1002 800 994 804 991 800 963 781 961 781 959 781 957 781 849 792 774 781 772 781 770 781 768 781 753 792 736 781 734 781 733 781 633 781 632 781 630 781 628 781 611 796 602 805 577 805 568 796 553 783 553 781 551 781 549 781 516 781 514 781 512 781 510 781 488 794 480 800 473 794 471 792 469 792 467 792 465 792 463 792 461 792 461 794 460 794 452 804 430 794 400 783 398 783 396 783 344 792 344 843"/></Shape>
	    <String CONTENT="می دارند و در همه روی زيين از گذشت قاميان که محققان روزگاراند و خدا"
                    HPOS="344"
                    VPOS="781"
                    WIDTH="1010"
                    HEIGHT="90"
                    WC="0.9097920567242067"></String>
          </TextLine>

          
          
          <TextLine ID="eSc_line_3b8e50eb"
                    TAGREFS="LT4834"
                    BASELINE="344 946 1350 940" 
                    HPOS="342"
                    VPOS="867"
                    WIDTH="1008"
                    HEIGHT="114">
            <Shape><Polygon POINTS="344 946 344 970 353 979 355 979 357 979 359 979 422 964 439 961 446 964 476 979 478 979 480 979 544 966 572 976 574 976 576 976 577 976 579 976 592 964 611 979 613 979 615 979 617 981 662 981 662 979 663 979 665 979 665 978 678 964 712 978 714 978 716 978 718 978 755 961 763 959 768 961 806 978 807 978 809 979 864 979 864 978 865 978 895 963 953 959 978 959 979 959 1006 978 1008 978 1009 978 1011 978 1157 961 1193 976 1195 976 1196 976 1198 976 1200 976 1200 974 1219 957 1348 957 1350 940 1344 899 1241 903 1232 895 1202 869 1202 867 1200 867 1198 867 1196 867 1129 880 1114 871 1112 871 1110 871 1109 871 1107 871 1105 871 1105 873 1082 891 1071 903 1045 890 1043 890 1041 890 1039 890 1037 890 1036 890 1036 891 1021 905 905 905 886 886 880 882 880 880 878 880 877 880 875 880 873 880 862 886 852 891 845 886 826 869 824 869 822 869 821 869 819 869 794 882 776 869 774 869 772 869 770 869 768 869 742 882 701 905 662 880 647 871 645 871 643 871 641 871 639 871 622 878 589 897 561 878 553 871 551 871 549 871 512 871 510 871 508 871 506 871 501 877 461 906 411 873 407 871 405 871 403 871 402 871 342 871 344 946"/></Shape>
	    <String CONTENT="شناسی که اصل دين است و تنم خويشتن را پيشوای خود کرده اند و"
                    HPOS="342"
                    VPOS="867"
                    WIDTH="1008"
                    HEIGHT="114"
                    WC="0.8582568805793236"></String>
          </TextLine>

          
          
          <TextLine ID="eSc_line_458a4187"
                    TAGREFS="LT4834"
                    BASELINE="244 1035 1352 1045" 
                    HPOS="243"
                    VPOS="972"
                    WIDTH="1109"
                    HEIGHT="110">
            <Shape><Polygon POINTS="244 1035 243 1052 342 1056 357 1071 357 1073 359 1073 360 1073 362 1073 364 1073 366 1073 392 1054 394 1054 418 1054 422 1054 463 1077 465 1077 467 1078 633 1078 633 1077 635 1077 637 1077 652 1065 684 1078 686 1078 688 1080 755 1080 755 1078 757 1078 759 1078 759 1077 770 1067 895 1078 897 1078 991 1060 1011 1077 1013 1077 1015 1077 1017 1077 1019 1077 1036 1069 1066 1080 1067 1080 1069 1080 1071 1080 1107 1060 1125 1075 1127 1075 1129 1075 1131 1077 1166 1077 1166 1075 1168 1075 1170 1075 1170 1073 1183 1064 1202 1080 1204 1080 1206 1080 1208 1082 1208 1080 1210 1080 1211 1080 1234 1062 1350 1062 1352 1045 1352 1002 1327 991 1325 991 1324 991 1275 1002 1273 1002 1249 985 1247 985 1245 985 1243 985 1241 985 1239 985 1230 994 1213 981 1213 979 1211 979 1210 979 1165 979 1163 979 1161 979 1159 979 1131 998 1127 1000 1123 998 1101 978 1099 978 1097 978 1054 978 1052 978 1051 978 1049 978 1049 979 1030 996 1026 1002 991 1002 983 994 966 981 965 981 963 981 961 981 959 981 925 994 908 1000 893 992 860 978 858 978 856 978 854 978 822 992 807 998 759 991 734 987 733 987 731 987 723 989 699 998 690 989 686 987 686 985 684 985 682 985 680 985 656 987 647 989 645 987 632 976 632 974 630 974 628 974 626 974 489 981 435 972 433 972 432 972 430 972 430 974 420 983 407 996 308 996 284 979 282 978 280 978 278 978 276 978 244 978 244 1035"/></Shape>
	    <String CONTENT="و مفتدای خويشتن کرده اند و بر سر آن مناظره مسکنه و کينه و تعصب"
                    HPOS="243"
                    VPOS="972"
                    WIDTH="1109"
                    HEIGHT="110"
                    WC="0.8460220207297613"></String>
          </TextLine>

          
          
          <TextLine ID="eSc_line_a4dc0efe"
                    TAGREFS="LT4834"
                    BASELINE="342 1140 1348 1144" 
                    HPOS="340"
                    VPOS="1073"
                    WIDTH="1008"
                    HEIGHT="101">
            <Shape><Polygon POINTS="342 1140 340 1161 349 1170 349 1172 351 1172 353 1172 355 1172 357 1172 403 1159 432 1170 433 1170 435 1170 437 1170 439 1170 460 1157 559 1172 561 1174 712 1174 712 1172 800 1155 806 1155 807 1155 826 1172 828 1172 830 1172 867 1174 869 1174 871 1174 873 1174 873 1172 890 1157 921 1157 951 1174 953 1174 955 1174 957 1174 1030 1165 1056 1174 1058 1174 1060 1174 1062 1174 1105 1157 1346 1157 1348 1144 1344 1093 1224 1105 1200 1093 1198 1093 1196 1093 1195 1093 1193 1093 1178 1105 1152 1088 1135 1077 1133 1077 1131 1077 1030 1077 1028 1077 1026 1077 1024 1077 1013 1086 991 1103 966 1084 965 1082 963 1082 961 1082 959 1082 931 1084 929 1084 927 1084 901 1107 871 1107 847 1084 847 1082 845 1082 843 1082 841 1082 839 1082 837 1082 813 1105 774 1105 751 1080 746 1077 746 1075 744 1075 742 1075 695 1075 693 1075 691 1075 690 1075 684 1078 667 1090 635 1078 626 1075 624 1075 622 1075 620 1075 619 1075 615 1078 579 1105 529 1105 501 1082 499 1082 497 1082 495 1082 493 1082 417 1103 387 1077 387 1075 385 1075 383 1075 342 1073 342 1140"/></Shape>
	    <String CONTENT="میورزند نکه بعضی به عدمش تسبت می کنند و گويند خدای سرندا"
                    HPOS="340"
                    VPOS="1073"
                    WIDTH="1008"
                    HEIGHT="101"
                    WC="0.8612137697637081"></String>
          </TextLine>

          
          
          <TextLine ID="eSc_line_10023879"
                    TAGREFS="LT4834"
                    BASELINE="340 1241 1355 1252" 
                    HPOS="338"
                    VPOS="1178"
                    WIDTH="1017"
                    HEIGHT="110">
            <Shape><Polygon POINTS="340 1241 338 1254 387 1256 407 1275 407 1277 409 1277 411 1277 413 1277 415 1277 475 1260 506 1280 508 1280 510 1280 512 1280 605 1271 673 1280 675 1280 677 1280 734 1262 843 1273 845 1273 905 1264 921 1275 923 1275 925 1275 927 1275 1073 1265 1095 1284 1095 1286 1097 1286 1099 1286 1185 1288 1187 1288 1189 1288 1223 1277 1264 1288 1266 1288 1267 1288 1269 1288 1354 1265 1355 1252 1355 1187 1281 1187 1279 1187 1277 1187 1275 1187 1275 1189 1256 1208 1219 1189 1215 1187 1213 1187 1211 1187 1210 1187 1208 1187 1206 1189 1180 1213 1109 1213 1090 1196 1090 1194 1088 1194 1086 1194 1084 1194 1082 1194 1058 1208 1024 1193 1013 1187 1011 1187 1009 1187 1008 1187 1006 1187 1000 1193 983 1204 963 1193 959 1191 957 1191 955 1191 953 1191 951 1191 950 1193 923 1209 880 1196 878 1196 877 1196 875 1196 873 1196 852 1209 785 1198 783 1198 781 1198 749 1208 738 1196 734 1194 734 1193 733 1193 731 1193 729 1193 727 1193 725 1193 720 1196 703 1208 669 1208 650 1198 607 1179 605 1179 604 1179 602 1179 564 1200 549 1208 525 1208 516 1200 488 1178 486 1178 484 1178 405 1178 403 1178 402 1178 340 1202 340 1241"/></Shape>
	    <String CONTENT="و گوش و چشم ندارد و زبان ندارد و دست و ياو غيرهم نداردديک"
                    HPOS="338"
                    VPOS="1178"
                    WIDTH="1017"
                    HEIGHT="110"
                    WC="0.8896891307412532"></String>
          </TextLine>

          
          
          <TextLine ID="eSc_line_31d35c58"
                    TAGREFS="LT4834"
                    BASELINE="344 1357 1350 1350" 
                    HPOS="342"
                    VPOS="1288"
                    WIDTH="1008"
                    HEIGHT="103">
            <Shape><Polygon POINTS="344 1357 344 1391 506 1366 521 1378 523 1378 525 1378 527 1378 529 1378 531 1378 549 1365 579 1383 587 1389 589 1389 590 1389 592 1389 624 1383 693 1368 725 1380 727 1380 729 1380 731 1380 733 1380 734 1380 751 1368 865 1372 867 1372 869 1372 916 1361 933 1372 935 1372 936 1372 938 1372 940 1372 955 1365 1011 1370 1109 1381 1110 1381 1112 1381 1114 1381 1114 1380 1129 1366 1133 1363 1174 1361 1181 1365 1200 1380 1202 1380 1204 1380 1206 1380 1208 1380 1239 1363 1241 1363 1243 1363 1271 1372 1273 1372 1275 1372 1348 1359 1350 1350 1342 1288 1305 1309 1284 1292 1282 1292 1281 1292 1279 1292 1153 1309 1137 1294 1135 1294 1135 1292 1133 1292 1131 1292 1129 1292 1127 1292 1125 1292 1123 1294 1107 1307 1049 1310 1019 1297 1002 1290 1000 1290 907 1290 905 1290 903 1290 880 1301 864 1310 849 1303 828 1292 826 1292 824 1292 822 1292 821 1292 807 1303 798 1312 774 1305 736 1292 734 1292 733 1292 731 1292 729 1292 729 1294 716 1307 708 1314 665 1314 660 1309 647 1297 647 1295 645 1295 643 1295 641 1295 639 1295 604 1309 590 1314 585 1310 570 1299 568 1299 566 1299 564 1299 562 1299 519 1312 518 1312 514 1312 465 1294 463 1294 461 1294 460 1294 418 1312 402 1301 400 1301 398 1301 396 1301 394 1301 392 1301 392 1303 377 1316 342 1316 344 1357"/></Shape>
	    <String CONTENT="نک از پهاير مشمارند که فلان ندارد و به عمداهم ندارد و ازين همه"
                    HPOS="342"
                    VPOS="1288"
                    WIDTH="1008"
                    HEIGHT="103"
                    WC="0.8391795091090664"></String>
          </TextLine>

          
          
          <TextLine ID="eSc_line_b22ac2b4"
                    TAGREFS="LT4834"
                    BASELINE="345 1451 1352 1451" 
                    HPOS="345"
                    VPOS="1393"
                    WIDTH="1007"
                    HEIGHT="88">
            <Shape><Polygon POINTS="345 1451 345 1464 359 1477 359 1479 360 1479 362 1479 364 1479 452 1464 475 1479 476 1479 478 1479 480 1481 536 1481 536 1479 538 1479 540 1479 559 1466 626 1479 628 1479 744 1464 759 1477 759 1479 761 1479 763 1479 764 1479 916 1464 970 1464 987 1479 989 1479 991 1479 993 1479 1251 1464 1296 1479 1297 1479 1299 1479 1301 1479 1352 1462 1352 1451 1352 1417 1288 1417 1253 1398 1251 1398 1249 1398 1247 1398 1245 1398 1221 1415 1200 1396 1198 1396 1196 1396 1080 1393 1079 1393 1077 1393 1032 1411 991 1395 989 1395 987 1395 882 1415 858 1395 858 1393 856 1393 854 1393 852 1393 850 1393 849 1393 822 1417 792 1417 772 1400 770 1400 768 1400 766 1400 764 1400 729 1417 663 1417 647 1404 645 1404 643 1404 641 1404 639 1404 609 1415 592 1400 592 1398 590 1398 589 1398 454 1393 452 1393 345 1415 345 1451"/></Shape>
	    <String CONTENT="منزه است آنکه چنين خدا شناس باشند آيبها از جمله باطلان با"
                    HPOS="345"
                    VPOS="1393"
                    WIDTH="1007"
                    HEIGHT="88"
                    WC="0.8910738219649105"></String>
          </TextLine>

          
          
          <TextLine ID="eSc_line_dbadc051"
                    TAGREFS="LT4834"
                    BASELINE="342 1561 1354 1553" 
                    HPOS="340"
                    VPOS="1481"
                    WIDTH="1014"
                    HEIGHT="106">
            <Shape><Polygon POINTS="342 1561 342 1572 353 1583 353 1585 355 1585 357 1585 359 1587 407 1587 407 1585 409 1585 411 1585 411 1583 426 1570 448 1583 450 1583 527 1585 529 1585 531 1585 533 1585 533 1583 547 1568 585 1568 592 1568 596 1568 834 1583 835 1583 837 1583 839 1583 862 1567 864 1567 873 1567 1314 1580 1316 1580 1318 1580 1354 1563 1354 1553 1348 1482 1269 1490 1241 1484 1221 1481 1219 1481 1217 1481 1208 1484 1159 1509 1127 1494 1125 1494 1123 1494 1122 1494 1064 1510 1037 1499 1036 1499 1034 1499 1032 1499 1002 1510 981 1490 974 1484 974 1482 972 1482 970 1482 860 1482 858 1482 856 1482 854 1482 854 1484 843 1494 826 1514 725 1514 693 1497 684 1494 682 1494 680 1494 678 1494 677 1494 671 1499 654 1512 633 1499 628 1497 626 1497 624 1497 622 1497 620 1497 619 1499 602 1514 533 1514 518 1505 516 1505 514 1505 512 1505 510 1505 489 1514 471 1503 439 1486 437 1486 435 1486 359 1490 357 1490 355 1490 340 1499 342 1561"/></Shape>
	    <String CONTENT="و بعضی ديگر به صفات بانند کنند و گويند بر آسمان است يا بر عرش يا"
                    HPOS="340"
                    VPOS="1481"
                    WIDTH="1014"
                    HEIGHT="106"
                    WC="0.8749551575917464"></String>
          </TextLine>

          
          
          <TextLine ID="eSc_line_6c3232b4"
                    TAGREFS="LT4834"
                    BASELINE="345 1649 1346 1653" 
                    HPOS="344"
                    VPOS="1582"
                    WIDTH="1002"
                    HEIGHT="99">
            <Shape><Polygon POINTS="345 1649 344 1660 366 1677 368 1677 370 1677 372 1679 418 1679 418 1677 420 1677 422 1677 441 1660 471 1677 473 1677 475 1677 476 1677 534 1662 547 1673 547 1675 549 1675 551 1675 553 1675 555 1675 585 1662 589 1660 628 1660 630 1662 645 1675 647 1675 648 1675 650 1675 652 1675 677 1664 684 1660 796 1660 804 1668 815 1675 815 1677 817 1677 819 1677 865 1679 867 1681 985 1681 985 1679 987 1679 989 1679 989 1677 996 1671 1004 1664 1015 1671 1024 1679 1026 1679 1028 1679 1030 1681 1082 1681 1082 1679 1084 1679 1086 1679 1092 1673 1107 1662 1159 1662 1178 1675 1181 1679 1183 1679 1185 1679 1187 1681 1211 1681 1211 1679 1213 1679 1215 1679 1215 1677 1217 1677 1232 1662 1275 1677 1279 1679 1281 1679 1282 1679 1284 1679 1286 1679 1303 1668 1340 1679 1346 1653 1344 1591 1290 1583 1288 1583 1286 1583 1284 1583 1277 1591 1256 1608 1200 1608 1170 1593 1168 1593 1166 1593 1095 1606 1080 1591 1073 1585 1073 1583 1071 1583 1069 1583 1067 1583 1066 1583 1049 1591 1017 1608 901 1608 884 1591 882 1591 882 1589 880 1589 878 1589 877 1589 875 1589 869 1591 845 1604 710 1593 708 1593 660 1602 648 1593 639 1583 639 1582 637 1582 635 1582 633 1582 583 1593 572 1595 566 1593 546 1582 544 1582 362 1582 360 1582 359 1582 357 1582 345 1589 345 1649"/></Shape>
	    <String CONTENT="بر فرش است يا چچسين يا چنان است ايشان از جمله متشها"
                    HPOS="344"
                    VPOS="1582"
                    WIDTH="1002"
                    HEIGHT="99"
                    WC="0.9083066547618193"></String>
          </TextLine>

          
          
          <TextLine ID="eSc_line_91b63d9e"
                    TAGREFS="LT4834"
                    BASELINE="355 1750 1352 1746" 
                    HPOS="353"
                    VPOS="1681"
                    WIDTH="999"
                    HEIGHT="101">
            <Shape><Polygon POINTS="355 1750 355 1763 413 1780 415 1780 417 1780 488 1765 504 1763 546 1763 551 1767 566 1780 568 1780 570 1780 572 1782 648 1782 648 1780 650 1780 652 1780 652 1778 663 1769 667 1763 678 1769 705 1780 706 1780 708 1782 850 1782 850 1780 852 1780 880 1770 888 1769 895 1770 908 1776 910 1776 912 1776 914 1776 916 1776 921 1770 936 1761 970 1770 972 1770 974 1770 1043 1761 1079 1774 1092 1778 1094 1778 1095 1780 1131 1780 1131 1778 1133 1778 1135 1778 1135 1776 1138 1774 1150 1761 1174 1772 1176 1772 1178 1772 1180 1772 1206 1761 1223 1774 1224 1774 1226 1774 1228 1774 1309 1761 1325 1776 1325 1778 1327 1778 1329 1778 1331 1778 1350 1776 1352 1746 1342 1681 1297 1709 1226 1709 1211 1694 1211 1692 1210 1692 1208 1692 1206 1692 1204 1692 1157 1703 1120 1688 1103 1681 1101 1681 993 1681 991 1681 989 1681 987 1681 987 1683 976 1692 968 1699 957 1692 944 1684 942 1684 940 1684 938 1684 936 1684 916 1694 888 1709 849 1709 779 1699 777 1699 776 1699 746 1709 736 1699 729 1694 729 1692 727 1692 725 1692 723 1692 721 1692 697 1701 682 1707 677 1701 658 1684 658 1683 656 1683 654 1683 576 1683 574 1683 572 1683 570 1683 538 1705 534 1709 525 1707 439 1683 437 1683 435 1683 433 1683 432 1683 432 1684 405 1711 353 1711 355 1750"/></Shape>
	    <String CONTENT="باشند دحال از آن کرده پشين بايد پرسيد که يک مرد ديمی در"
                    HPOS="353"
                    VPOS="1681"
                    WIDTH="999"
                    HEIGHT="101"
                    WC="0.8729766543422427"></String>
          </TextLine>

          
          
          <TextLine ID="eSc_line_0edaa8a5"
                    TAGREFS="LT4834"
                    BASELINE="347 1849 1355 1855" 
                    HPOS="345"
                    VPOS="1782"
                    WIDTH="1010"
                    HEIGHT="101">
            <Shape><Polygon POINTS="347 1849 345 1860 396 1871 398 1871 480 1866 495 1877 495 1879 497 1879 499 1879 501 1881 568 1881 568 1879 570 1879 600 1864 639 1879 641 1879 643 1879 798 1866 826 1881 828 1881 830 1881 895 1879 897 1879 899 1879 899 1877 914 1866 983 1877 985 1877 987 1877 1019 1866 1066 1883 1067 1883 1069 1883 1071 1883 1094 1871 1191 1883 1193 1883 1258 1868 1354 1868 1355 1855 1355 1802 1333 1795 1331 1795 1329 1795 1327 1795 1310 1802 1288 1813 1264 1802 1234 1787 1232 1787 1176 1787 1174 1787 1172 1787 1170 1787 1170 1789 1159 1798 1152 1808 1129 1798 1114 1793 1112 1793 1110 1793 1109 1793 1097 1798 1064 1815 1036 1815 1013 1797 1011 1797 1009 1797 1008 1797 1006 1797 948 1812 925 1795 923 1791 921 1791 920 1791 918 1791 916 1791 914 1791 912 1793 890 1813 835 1813 794 1791 791 1789 789 1789 787 1789 785 1789 781 1791 734 1812 705 1812 688 1795 688 1793 686 1793 684 1793 682 1793 680 1793 620 1810 587 1785 585 1785 583 1785 581 1785 579 1785 576 1785 484 1810 430 1783 428 1783 347 1782 347 1849"/></Shape>
	    <String CONTENT="اصفهان بايکی از ايشان مناظره می داشت و طرف مقابل او در خداشا"
                    HPOS="345"
                    VPOS="1782"
                    WIDTH="1010"
                    HEIGHT="101"
                    WC="0.880909156302611"></String>
          </TextLine>

          
          
          <TextLine ID="eSc_line_149630a8"
                    TAGREFS="LT4834"
                    BASELINE="344 1963 1256 1957 1316 1944" 
                    HPOS="342"
                    VPOS="1881"
                    WIDTH="974"
                    HEIGHT="129">
            <Shape><Polygon POINTS="344 1963 344 1997 605 2010 607 2010 633 2006 635 2006 637 2006 637 2004 647 1997 663 1978 744 1978 783 1997 806 2006 807 2006 809 2006 811 2006 832 1995 871 1976 903 1985 905 1985 907 1985 908 1985 931 1976 1090 1985 1092 1985 1094 1985 1109 1978 1137 1995 1152 2004 1153 2004 1155 2004 1157 2004 1316 1993 1316 1944 1307 1881 1277 1894 1264 1883 1264 1881 1262 1881 1260 1881 1215 1881 1213 1881 1211 1881 1210 1881 1210 1883 1208 1883 1189 1903 1146 1884 1135 1881 1133 1881 1131 1881 1129 1881 1110 1886 1075 1898 1064 1888 1058 1883 1056 1883 1054 1883 1052 1883 1051 1883 1030 1888 1009 1896 991 1890 985 1888 983 1888 981 1888 979 1888 974 1890 940 1905 929 1896 927 1896 925 1896 923 1896 822 1907 802 1896 794 1892 792 1892 791 1892 789 1892 779 1896 759 1909 716 1909 699 1899 671 1884 669 1884 667 1884 665 1884 622 1901 602 1909 551 1907 549 1903 531 1888 531 1886 529 1886 527 1886 525 1886 523 1886 521 1886 521 1888 504 1905 501 1909 495 1905 469 1892 467 1892 465 1892 463 1892 420 1905 390 1892 388 1892 387 1892 385 1892 383 1892 383 1894 364 1909 364 1911 342 1911 344 1963"/></Shape>
	    <String CONTENT="يل می گرد و ي گفت که خدا فلان بعمد اندارد و آن مرد ديلى اصفهانى"
                    HPOS="342"
                    VPOS="1881"
                    WIDTH="974"
                    HEIGHT="129"
                    WC="0.8638856722973287"></String>
          </TextLine>

          
        </TextBlock>
        
        <TextBlock HPOS="783"
                   VPOS="157"
                   WIDTH="118"
                   HEIGHT="73"
                   ID="eSc_textblock_24354273"
                   TAGREFS="BT16059">
          <Shape><Polygon POINTS="821 157 893 164 901 230 791 230 783 187 821 157"/></Shape>
          
          
          <TextLine ID="eSc_line_8fe89261"
                    TAGREFS="LT4834"
                    BASELINE="809 213 856 213" 
                    HPOS="809"
                    VPOS="179"
                    WIDTH="47"
                    HEIGHT="58">
            <Shape><Polygon POINTS="809 213 809 228 854 237 856 213 854 179 809 185 809 213"/></Shape>
	    <String CONTENT=""
                    HPOS="809"
                    VPOS="179"
                    WIDTH="47"
                    HEIGHT="58"></String>
          </TextLine>

          
        </TextBlock>
        
        <TextBlock HPOS="821"
                   VPOS="2019"
                   WIDTH="57"
                   HEIGHT="58"
                   ID="eSc_textblock_14d1ea32"
                   TAGREFS="BT16061">
          <Shape><Polygon POINTS="835 2019 878 2034 878 2077 821 2070 835 2019"/></Shape>
          
          
          <TextLine ID="eSc_line_74253004"
                    TAGREFS="LT4834"
                    BASELINE="839 2053 871 2053" 
                    HPOS="839"
                    VPOS="2023"
                    WIDTH="32"
                    HEIGHT="91">
            <Shape><Polygon POINTS="858 2027 845 2023 839 2023 839 2053 841 2114 871 2105 871 2053 871 2032 858 2027"/></Shape>
	    <String CONTENT=""
                    HPOS="839"
                    VPOS="2023"
                    WIDTH="32"
                    HEIGHT="91"></String>
          </TextLine>

          
        </TextBlock>
        
        <TextBlock HPOS="239"
                   VPOS="987"
                   WIDTH="58"
                   HEIGHT="65"
                   ID="eSc_textblock_65bdb983"
                   TAGREFS="BT16062">
          <Shape><Polygon POINTS="261 987 297 1009 297 1052 239 1045 261 987"/></Shape>
          
        </TextBlock>
        

        
      </PrintSpace>
    </Page>
  </Layout>
</alto>
