<?xml version="1.0" encoding="UTF-8"?>
<alto xmlns:xsi="http://www.w3.org/2001/XMLSchema-instance"
      xmlns="http://www.loc.gov/standards/alto/ns-v4#"
      xsi:schemaLocation="http://www.loc.gov/standards/alto/ns-v4# http://www.loc.gov/standards/alto/v4/alto-4-2.xsd">
  <Description>
    <MeasurementUnit>pixel</MeasurementUnit>
    <sourceImageInformation>
      <fileName>TwoIsmailiTreatises013.jpg</fileName>
      
    </sourceImageInformation>
  </Description>
  
  <Tags>
    <OtherTag ID="BT16074" LABEL="MarginTextZone:commentary" DESCRIPTION="block type MarginTextZone:commentary"/><OtherTag ID="BT16073" LABEL="MarginTextZone:note#1" DESCRIPTION="block type MarginTextZone:note#1"/><OtherTag ID="BT16072" LABEL="MainZone:column#2" DESCRIPTION="block type MainZone:column#2"/><OtherTag ID="BT16071" LABEL="MainZone:column#3" DESCRIPTION="block type MainZone:column#3"/><OtherTag ID="BT16070" LABEL="GraphicZone:illustration" DESCRIPTION="block type GraphicZone:illustration"/><OtherTag ID="BT16069" LABEL="MainZone:column#1" DESCRIPTION="block type MainZone:column#1"/><OtherTag ID="BT16068" LABEL="MarginTextZone:note#2" DESCRIPTION="block type MarginTextZone:note#2"/><OtherTag ID="BT16067" LABEL="CustomZone:publication" DESCRIPTION="block type CustomZone:publication"/><OtherTag ID="BT16066" LABEL="RunningTitleZone" DESCRIPTION="block type RunningTitleZone"/><OtherTag ID="BT16065" LABEL="NumberingZone" DESCRIPTION="block type NumberingZone"/><OtherTag ID="BT16064" LABEL="default" DESCRIPTION="block type default"/><OtherTag ID="BT16063" LABEL="TitlePageZone" DESCRIPTION="block type TitlePageZone"/><OtherTag ID="BT16062" LABEL="NumberingZone:other" DESCRIPTION="block type NumberingZone:other"/><OtherTag ID="BT16061" LABEL="QuireMarksZone:catchwords" DESCRIPTION="block type QuireMarksZone:catchwords"/><OtherTag ID="BT16060" LABEL="MainZone" DESCRIPTION="block type MainZone"/><OtherTag ID="BT16059" LABEL="NumberingZone:page" DESCRIPTION="block type NumberingZone:page"/><OtherTag ID="BT16058" LABEL="MarginTextZone:note" DESCRIPTION="block type MarginTextZone:note"/><OtherTag ID="BT16057" LABEL="DigitizationArtefactZone" DESCRIPTION="block type DigitizationArtefactZone"/><OtherTag ID="BT4" LABEL="Illustration" DESCRIPTION="block type Illustration"/><OtherTag ID="BT3" LABEL="Commentary" DESCRIPTION="block type Commentary"/><OtherTag ID="BT2" LABEL="Main" DESCRIPTION="block type Main"/><OtherTag ID="BT1" LABEL="Title" DESCRIPTION="block type Title"/>
    <OtherTag ID="LT4834" LABEL="DefaultLine" DESCRIPTION="line type DefaultLine"/><OtherTag ID="LT4835" LABEL="HeadingLine:title" DESCRIPTION="line type HeadingLine:title"/>
  </Tags>
  
  <Layout>
    <Page WIDTH="1549"
          HEIGHT="2208"
          PHYSICAL_IMG_NR="9"
          ID="eSc_dummypage_">
      <PrintSpace HPOS="0"
                  VPOS="0"
                  WIDTH="1549"
                  HEIGHT="2208">
        
        <TextBlock HPOS="66"
                   VPOS="257"
                   WIDTH="1077"
                   HEIGHT="1610"
                   ID="eSc_textblock_74c626a2"
                   TAGREFS="BT16060">
          <Shape><Polygon POINTS="698 257 1106 264 1106 1109 1143 1354 1129 1838 1077 1867 66 1860 88 301 125 264 698 257"/></Shape>
          
          
          <TextLine ID="eSc_line_0cecf708"
                    TAGREFS="LT4834"
                    BASELINE="97 338 1060 320" 
                    HPOS="95"
                    VPOS="266"
                    WIDTH="965"
                    HEIGHT="105">
            <Shape><Polygon POINTS="97 338 97 356 143 371 145 371 147 371 228 355 230 355 232 355 265 369 267 369 268 369 270 369 311 355 383 371 384 371 386 371 388 371 388 369 405 353 462 369 464 369 465 369 552 349 554 349 672 366 674 366 1059 338 1060 320 1057 281 966 266 965 266 963 266 911 285 904 287 898 285 869 268 867 268 865 268 863 268 815 285 766 287 744 276 742 276 740 276 738 276 736 276 736 277 725 287 687 279 685 279 543 292 526 294 524 294 489 276 488 276 486 276 484 276 482 276 482 277 465 296 464 298 410 298 410 296 390 281 388 281 386 281 384 281 244 294 193 281 191 281 189 281 187 281 143 303 95 303 97 338"/></Shape>
	    <String CONTENT="معروف است که ايام نام خداوند است که در هزارو يک نام خدا"
                    HPOS="95"
                    VPOS="266"
                    WIDTH="965"
                    HEIGHT="105"
                    WC="0.9108202609148892"></String>
          </TextLine>

          
          
          <TextLine ID="eSc_line_1a7a46c6"
                    TAGREFS="LT4834"
                    BASELINE="86 452 1073 430" 
                    HPOS="84"
                    VPOS="386"
                    WIDTH="989"
                    HEIGHT="92">
            <Shape><Polygon POINTS="84 439 86 452 86 474 384 478 386 478 388 478 442 465 462 460 478 463 497 469 499 469 500 469 661 458 723 454 727 456 736 463 738 463 740 463 742 463 744 463 764 454 769 452 775 454 804 469 806 469 808 469 810 469 858 452 863 450 869 452 904 467 906 467 908 467 909 467 944 450 946 448 952 448 1000 458 1001 458 1071 445 1073 430 1070 391 909 386 908 386 906 386 885 397 869 406 823 408 795 408 784 401 771 390 769 390 768 390 766 390 764 390 736 402 727 406 722 402 705 391 703 391 701 391 699 391 698 391 674 404 668 406 661 404 618 393 617 393 615 393 613 393 578 406 554 395 552 395 550 395 548 395 547 395 528 408 523 414 443 414 442 412 432 404 432 402 430 402 429 402 427 402 425 402 401 414 395 415 362 414 268 410 267 410 265 410 248 419 228 402 226 402 224 402 191 402 189 402 86 423 84 439"/></Shape>
	    <String CONTENT="نود و نه نام عز وعلا ببايد داست و مومن و هوقن و همن"
                    HPOS="84"
                    VPOS="386"
                    WIDTH="989"
                    HEIGHT="92"
                    WC="0.8735373557782641"></String>
          </TextLine>

          
          
          <TextLine ID="eSc_line_9f8ffd95"
                    TAGREFS="LT4834"
                    BASELINE="169 542 1066 542" 
                    HPOS="169"
                    VPOS="487"
                    WIDTH="897"
                    HEIGHT="92">
            <Shape><Polygon POINTS="169 542 171 575 204 559 228 575 230 577 232 577 233 577 235 579 296 579 296 577 298 577 300 577 302 575 318 563 368 568 370 568 372 568 416 557 495 561 521 575 523 575 524 575 526 575 528 575 554 557 583 557 607 575 607 577 609 577 611 577 613 577 615 577 618 575 661 561 703 566 705 566 707 566 742 557 771 557 797 575 797 577 799 577 801 577 803 577 804 577 806 577 806 575 838 557 939 557 959 575 959 577 961 577 963 577 965 577 1066 575 1066 542 1066 502 1042 487 1040 487 1038 487 1036 487 1035 487 1003 502 944 489 943 489 941 489 939 489 911 507 909 507 906 507 841 487 839 487 838 487 766 498 755 489 755 487 753 487 751 487 659 487 657 487 655 487 653 487 628 507 622 511 591 507 506 500 504 500 502 500 477 509 469 511 460 509 434 500 432 500 430 500 429 500 408 509 405 511 399 509 379 500 377 500 375 500 373 500 372 500 362 509 361 511 359 509 338 498 337 498 335 498 333 498 331 498 316 509 313 513 254 513 250 509 237 500 235 500 233 500 232 500 169 509 169 542"/></Shape>
	    <String CONTENT="هم نام خداود تعالیست که خوب معروف است و تشرح حاجت"
                    HPOS="169"
                    VPOS="487"
                    WIDTH="897"
                    HEIGHT="92"
                    WC="0.9053963860686944"></String>
          </TextLine>

          
          
          <TextLine ID="eSc_line_c757f0fd"
                    TAGREFS="LT4834"
                    BASELINE="95 647 939 638" 
                    HPOS="93"
                    VPOS="572"
                    WIDTH="846"
                    HEIGHT="108">
            <Shape><Polygon POINTS="95 647 95 660 261 680 263 680 265 680 267 680 285 664 322 662 425 678 427 678 429 678 486 656 488 656 526 677 528 677 530 677 532 677 600 655 604 655 605 655 652 669 653 669 655 669 657 669 681 656 703 671 705 671 707 671 709 671 710 671 744 653 751 653 838 653 876 673 878 673 880 673 882 673 939 651 939 638 933 572 884 574 882 574 826 603 729 599 701 583 701 581 699 581 698 581 696 581 694 581 690 583 648 603 618 586 602 575 600 575 598 575 596 575 524 588 523 588 521 588 519 590 493 609 449 609 436 596 432 592 432 590 430 590 429 590 427 590 425 590 408 596 377 609 359 599 346 590 344 590 342 590 340 590 338 590 294 601 257 610 208 610 204 607 174 581 173 581 171 581 121 581 119 581 117 581 116 581 116 583 93 603 95 647"/></Shape>
	    <String CONTENT="و تقل است در ميان عامه که بيغر عليه السلام فرمودند که"
                    HPOS="93"
                    VPOS="572"
                    WIDTH="846"
                    HEIGHT="108"
                    WC="0.8820045950277796"></String>
          </TextLine>

          
          
          <TextLine ID="eSc_line_2e0545f6"
                    TAGREFS="LT4834"
                    BASELINE="101 748 1073 734" 
                    HPOS="99"
                    VPOS="678"
                    WIDTH="974"
                    HEIGHT="105">
            <Shape><Polygon POINTS="101 748 101 769 123 782 125 782 127 783 184 783 184 782 186 782 208 770 259 778 261 778 263 778 265 778 283 763 285 761 291 763 338 780 340 780 342 780 344 780 403 761 408 758 488 758 491 759 530 776 532 776 534 776 535 776 559 763 582 776 583 776 585 776 628 774 629 774 631 774 631 772 644 761 663 774 664 774 666 774 668 776 707 776 707 774 804 758 825 767 826 767 828 767 830 767 832 767 854 752 856 752 885 752 961 752 1001 767 1003 767 1005 767 1007 767 1009 767 1009 765 1024 750 1073 747 1073 734 1070 697 992 697 981 686 979 686 978 686 976 686 974 686 972 686 972 688 963 697 895 697 876 680 876 678 874 678 873 678 871 678 869 678 826 697 806 678 804 678 803 678 801 678 799 678 775 690 766 680 766 678 764 678 762 678 709 678 707 678 705 678 657 695 587 680 585 680 530 693 495 682 493 682 491 682 489 682 488 682 458 704 364 695 362 695 313 706 268 686 267 686 265 686 99 710 101 748"/></Shape>
	    <String CONTENT="در عرفات خدای را ديدم که بالای شتری ننشسته بود و فطيفه فيدی"
                    HPOS="99"
                    VPOS="678"
                    WIDTH="974"
                    HEIGHT="105"
                    WC="0.8632225171994354"></String>
          </TextLine>

          
          
          <TextLine ID="eSc_line_1200c3cb"
                    TAGREFS="LT4834"
                    BASELINE="95 844 1068 831" 
                    HPOS="93"
                    VPOS="774"
                    WIDTH="975"
                    HEIGHT="96">
            <Shape><Polygon POINTS="95 844 95 855 127 870 128 870 130 870 206 861 291 868 292 868 294 868 296 868 313 857 326 866 326 868 327 868 329 868 331 868 333 868 377 857 405 866 407 866 408 866 545 864 547 864 548 864 548 862 556 857 559 853 565 857 576 864 578 864 580 864 582 864 668 861 670 861 672 861 672 859 675 857 679 853 683 857 690 862 692 862 694 862 696 862 698 862 710 857 725 850 736 857 742 861 744 861 745 861 747 862 747 861 749 861 751 861 757 857 768 850 819 857 838 859 839 859 856 857 933 846 1033 846 1064 857 1068 831 1060 774 1018 794 979 794 957 778 955 776 954 776 952 776 950 776 948 776 946 776 946 778 944 778 930 793 906 780 900 778 898 778 896 778 895 778 893 778 893 780 891 782 863 805 814 805 775 785 762 780 760 780 758 780 757 780 755 780 745 787 720 804 699 789 690 780 688 780 687 780 663 780 661 780 659 780 657 780 657 782 646 791 626 809 576 809 543 794 508 782 506 782 504 782 449 783 447 783 445 783 445 785 429 800 421 807 410 800 397 794 395 794 394 794 392 794 390 794 379 802 364 811 342 804 322 796 320 796 318 796 316 796 279 805 263 811 257 807 244 794 244 793 243 793 241 793 239 793 237 793 235 793 235 794 221 809 217 811 213 809 198 798 197 798 195 798 193 798 93 813 95 844"/></Shape>
	    <String CONTENT="برسرانداخته و ساير همه اشارت بمردی کرده اند و بشارت بدو"
                    HPOS="93"
                    VPOS="774"
                    WIDTH="975"
                    HEIGHT="96"
                    WC="0.8643655481663617"></String>
          </TextLine>

          
          
          <TextLine ID="eSc_line_2519a894"
                    TAGREFS="LT4834"
                    BASELINE="88 942 1079 934" 
                    HPOS="86"
                    VPOS="875"
                    WIDTH="993"
                    HEIGHT="103">
            <Shape><Polygon POINTS="88 942 88 953 154 953 156 953 180 975 180 977 182 977 184 977 186 978 232 978 232 977 233 977 259 964 289 973 291 973 292 973 342 966 344 966 346 966 362 951 405 975 407 975 408 975 410 975 478 951 480 951 537 975 539 975 541 977 583 977 583 975 585 975 652 949 655 949 692 949 694 949 725 973 727 973 729 973 731 975 782 975 782 973 784 973 786 973 812 951 845 966 847 966 849 966 850 966 852 966 882 947 885 947 1077 947 1079 934 1077 892 1055 877 1053 877 1051 877 1049 877 1048 877 1046 877 1022 896 1016 899 1011 896 998 886 996 886 994 886 992 886 990 886 968 896 955 901 952 896 931 877 931 875 930 875 928 875 926 875 924 875 898 886 871 875 869 875 867 875 865 875 863 875 863 877 843 897 838 903 727 903 718 899 683 877 681 877 679 877 677 877 675 877 604 899 594 903 587 901 548 885 547 885 545 885 543 885 541 885 541 886 528 899 510 901 478 907 331 907 326 903 292 881 291 881 289 881 128 881 127 881 125 881 123 881 86 901 88 942"/></Shape>
	    <String CONTENT="دادهاند چنانچه آدم و امتش را صابه خواند و گويند ملک"
                    HPOS="86"
                    VPOS="875"
                    WIDTH="993"
                    HEIGHT="103"
                    WC="0.87340786250738"></String>
          </TextLine>

          
          
          <TextLine ID="eSc_line_0cc52ec8"
                    TAGREFS="LT4834"
                    BASELINE="99 1048 1071 1034" 
                    HPOS="97"
                    VPOS="971"
                    WIDTH="974"
                    HEIGHT="110">
            <Shape><Polygon POINTS="99 1048 99 1058 182 1081 184 1081 186 1081 187 1081 189 1081 222 1059 279 1072 281 1072 348 1061 373 1078 375 1078 377 1078 379 1080 414 1080 414 1078 563 1054 622 1074 624 1074 626 1076 681 1076 681 1074 683 1074 685 1074 685 1072 709 1048 908 1048 943 1070 944 1070 946 1070 948 1070 1033 1069 1035 1069 1036 1069 1071 1045 1071 1034 1068 971 1020 971 1018 971 1016 971 1014 971 1014 973 998 988 981 982 979 982 978 982 976 982 957 991 922 980 920 980 919 980 917 980 915 980 891 1002 847 1002 812 982 808 980 806 980 804 980 803 980 801 980 799 982 777 1000 758 984 749 977 747 977 745 977 705 975 703 975 594 991 504 1006 489 997 465 978 464 978 462 978 460 978 379 980 377 980 375 980 340 1002 329 1012 202 1012 200 1010 186 997 186 995 184 995 182 995 180 995 97 1013 99 1048"/></Shape>
	    <String CONTENT="شوليم به قيامت ببايد و حکم بکند و اسراراکی که درددر شريعت"
                    HPOS="97"
                    VPOS="971"
                    WIDTH="974"
                    HEIGHT="110"
                    WC="0.8611885486987599"></String>
          </TextLine>

          
          
          <TextLine ID="eSc_line_1e32955d"
                    TAGREFS="LT4834"
                    BASELINE="97 1148 1084 1131" 
                    HPOS="95"
                    VPOS="1072"
                    WIDTH="989"
                    HEIGHT="103">
            <Shape><Polygon POINTS="97 1148 97 1166 121 1175 123 1175 125 1175 127 1175 128 1175 143 1166 151 1161 165 1164 202 1175 204 1175 206 1175 208 1175 257 1162 274 1159 278 1162 285 1168 287 1168 289 1168 291 1168 346 1161 351 1161 355 1161 423 1172 425 1172 506 1157 519 1155 528 1157 570 1166 572 1166 574 1166 576 1166 576 1164 587 1155 589 1153 600 1155 642 1161 644 1161 733 1151 757 1150 780 1150 972 1162 974 1162 1084 1142 1084 1131 1083 1091 1055 1080 1053 1080 1051 1080 957 1092 955 1092 913 1072 911 1072 909 1072 908 1072 906 1072 906 1074 884 1094 882 1098 852 1098 849 1096 830 1078 830 1076 828 1076 826 1076 825 1076 823 1076 801 1083 768 1074 766 1074 764 1074 762 1074 690 1098 687 1100 683 1100 637 1078 635 1078 537 1078 535 1078 477 1087 475 1087 473 1087 473 1089 454 1104 454 1105 423 1105 421 1105 386 1085 384 1085 383 1085 381 1085 379 1085 361 1102 346 1091 346 1089 344 1089 342 1089 340 1089 338 1089 337 1089 318 1104 291 1083 289 1083 287 1083 285 1083 283 1083 281 1083 254 1109 95 1111 97 1148"/></Shape>
	    <String CONTENT="ابسياپوشده داشته بودند آشکا را کند و مولانا را در عهد و دور"
                    HPOS="95"
                    VPOS="1072"
                    WIDTH="989"
                    HEIGHT="103"
                    WC="0.8966461410125096"></String>
          </TextLine>

          
          
          <TextLine ID="eSc_line_1b682069"
                    TAGREFS="LT4834"
                    BASELINE="104 1254 1081 1227" 
                    HPOS="103"
                    VPOS="1159"
                    WIDTH="978"
                    HEIGHT="129">
            <Shape><Polygon POINTS="104 1254 104 1280 134 1288 136 1288 138 1288 154 1280 173 1269 211 1278 243 1284 244 1284 246 1284 267 1276 302 1262 359 1271 361 1271 362 1271 364 1271 377 1260 397 1273 407 1278 408 1278 410 1278 412 1278 414 1278 416 1278 427 1271 443 1262 547 1267 559 1267 561 1267 563 1267 565 1267 565 1265 578 1254 622 1265 657 1273 659 1273 661 1273 681 1264 709 1249 766 1249 780 1260 790 1269 791 1269 793 1269 795 1269 867 1267 869 1267 871 1267 871 1265 880 1258 891 1245 935 1245 952 1254 963 1264 965 1264 966 1264 968 1265 1014 1265 1014 1264 1016 1264 1018 1264 1029 1253 1042 1242 1077 1251 1081 1227 1073 1166 1038 1175 1027 1168 1014 1159 1013 1159 1011 1159 978 1159 976 1159 974 1159 948 1172 933 1179 928 1172 917 1162 917 1161 915 1161 913 1161 911 1161 858 1162 803 1173 801 1173 799 1173 799 1175 795 1179 782 1192 764 1192 749 1181 731 1166 729 1166 727 1166 725 1166 723 1166 685 1184 674 1188 664 1184 624 1168 622 1168 620 1168 618 1168 550 1190 528 1197 521 1192 497 1172 495 1172 493 1172 491 1172 489 1172 432 1196 423 1201 357 1203 349 1199 305 1177 303 1177 302 1177 300 1177 298 1177 298 1179 270 1203 270 1205 103 1210 104 1254"/></Shape>
	    <String CONTENT="اوم ملک شوليم خواشد و آن همه گفت حکايت يس در دور"
                    HPOS="103"
                    VPOS="1159"
                    WIDTH="978"
                    HEIGHT="129"
                    WC="0.8701676622945436"></String>
          </TextLine>

          
          
          <TextLine ID="eSc_line_91e660af"
                    TAGREFS="LT4834"
                    BASELINE="710 1328 1083 1322" 
                    HPOS="709"
                    VPOS="1264"
                    WIDTH="374"
                    HEIGHT="104">
            <Shape><Polygon POINTS="710 1328 710 1337 769 1359 771 1359 773 1359 775 1359 810 1343 871 1367 873 1367 874 1368 939 1368 939 1367 941 1367 943 1367 943 1365 944 1365 965 1341 1024 1345 1025 1345 1027 1345 1029 1345 1029 1343 1040 1334 1081 1334 1083 1322 1079 1264 1033 1264 1031 1264 1029 1264 1020 1267 996 1278 966 1271 935 1265 933 1265 931 1265 908 1276 884 1289 791 1289 779 1288 738 1276 736 1276 734 1276 733 1276 731 1276 709 1288 710 1328"/></Shape>
	    <String CONTENT="ملک توليم بوده است"
                    HPOS="709"
                    VPOS="1264"
                    WIDTH="374"
                    HEIGHT="104"
                    WC="0.9347754518191019"></String>
          </TextLine>

          
          
          <TextLine ID="eSc_line_0efa5f46"
                    TAGREFS="LT4834"
                    BASELINE="108 1451 939 1433" 
                    HPOS="106"
                    VPOS="1370"
                    WIDTH="833"
                    HEIGHT="109">
            <Shape><Polygon POINTS="108 1451 108 1466 147 1477 149 1477 151 1477 152 1477 154 1477 173 1466 178 1462 182 1464 209 1479 211 1479 213 1479 215 1479 243 1464 254 1457 322 1457 331 1462 351 1477 353 1477 355 1477 357 1477 359 1477 407 1460 408 1460 410 1460 517 1473 519 1473 521 1473 523 1473 543 1457 550 1451 578 1457 644 1470 646 1470 648 1470 650 1470 674 1455 681 1449 690 1453 723 1468 725 1468 727 1468 729 1468 779 1451 799 1446 817 1451 834 1457 836 1457 838 1457 839 1457 841 1457 850 1451 858 1448 935 1448 939 1433 931 1380 891 1396 860 1381 858 1381 856 1381 854 1381 852 1381 849 1383 821 1398 795 1385 771 1372 769 1372 768 1372 766 1372 764 1372 744 1387 738 1391 727 1387 710 1383 709 1383 707 1383 705 1383 692 1389 666 1402 631 1392 594 1381 593 1381 591 1381 589 1381 587 1381 570 1394 561 1402 508 1405 499 1398 471 1372 471 1370 469 1370 467 1370 465 1370 296 1374 294 1374 292 1374 243 1407 239 1411 208 1411 204 1409 176 1392 174 1392 173 1392 171 1392 169 1392 167 1392 139 1413 106 1413 108 1451"/></Shape>
	    <String CONTENT="و در عهد حضرت توح اسم مبارکش را ملک پزداق"
                    HPOS="106"
                    VPOS="1370"
                    WIDTH="833"
                    HEIGHT="109"
                    WC="0.9322993973406349"></String>
          </TextLine>

          
          
          <TextLine ID="eSc_line_97d063ff"
                    TAGREFS="LT4834"
                    BASELINE="104 1547 1081 1529" 
                    HPOS="103"
                    VPOS="1468"
                    WIDTH="978"
                    HEIGHT="108">
            <Shape><Polygon POINTS="104 1547 104 1558 125 1573 127 1573 128 1573 130 1573 132 1573 162 1564 248 1576 250 1576 252 1576 254 1576 272 1560 329 1556 349 1571 351 1571 353 1571 355 1571 357 1571 395 1560 436 1575 438 1575 440 1575 442 1575 443 1575 443 1573 458 1560 513 1554 532 1571 532 1573 534 1573 535 1573 537 1575 591 1575 591 1573 624 1571 626 1571 628 1571 628 1569 650 1549 672 1549 694 1567 696 1567 698 1567 784 1569 786 1569 788 1569 856 1545 946 1551 948 1551 1081 1538 1081 1529 1077 1483 1013 1468 1011 1468 1009 1468 989 1477 957 1472 955 1472 954 1472 952 1472 931 1486 922 1492 915 1486 896 1473 895 1473 893 1473 891 1473 889 1473 887 1473 869 1488 858 1495 791 1495 782 1490 758 1473 757 1473 755 1473 753 1473 751 1473 749 1473 734 1484 723 1475 723 1473 722 1473 720 1473 685 1473 683 1473 681 1473 679 1473 648 1494 622 1475 620 1475 618 1475 587 1475 585 1475 583 1475 582 1475 554 1495 548 1501 517 1501 513 1497 499 1484 499 1483 497 1483 495 1483 493 1483 491 1483 445 1497 427 1481 427 1479 425 1479 423 1479 397 1479 395 1479 300 1503 289 1505 287 1503 270 1490 268 1490 267 1490 265 1490 263 1490 239 1497 206 1483 204 1483 202 1483 103 1506 104 1547"/></Shape>
	    <String CONTENT="خوانده اند دامتش را برآهيمه گويند و آن حکايتهای طوفان"
                    HPOS="103"
                    VPOS="1468"
                    WIDTH="978"
                    HEIGHT="108"
                    WC="0.8714333740147677"></String>
          </TextLine>

          
          
          <TextLine ID="eSc_line_2be0ff72"
                    TAGREFS="LT4834"
                    BASELINE="108 1639 1083 1621" 
                    HPOS="106"
                    VPOS="1562"
                    WIDTH="977"
                    HEIGHT="105">
            <Shape><Polygon POINTS="108 1639 108 1644 143 1656 145 1656 147 1656 197 1646 217 1663 219 1663 221 1663 222 1663 224 1663 257 1648 298 1667 300 1667 302 1667 303 1667 342 1646 364 1656 366 1656 368 1656 370 1656 372 1656 386 1644 388 1644 469 1644 491 1663 493 1663 495 1663 497 1663 499 1663 532 1650 547 1661 548 1661 550 1661 552 1661 692 1659 694 1659 733 1643 751 1635 817 1641 817 1643 830 1654 830 1656 832 1656 834 1656 836 1656 867 1654 869 1654 871 1654 871 1652 882 1643 893 1633 1081 1641 1083 1621 1081 1584 1055 1575 1053 1575 1051 1575 1049 1575 1031 1584 989 1562 987 1562 985 1562 983 1562 981 1562 952 1586 952 1587 920 1587 908 1587 895 1575 893 1575 891 1575 889 1575 887 1575 860 1587 814 1565 812 1565 810 1565 808 1565 768 1582 755 1569 755 1567 753 1567 751 1567 749 1567 747 1567 725 1576 707 1569 705 1569 703 1569 701 1569 699 1569 699 1571 688 1584 657 1569 655 1569 653 1569 600 1578 558 1571 556 1571 554 1571 552 1571 524 1591 500 1571 499 1571 497 1571 495 1571 425 1578 423 1578 421 1578 421 1580 403 1597 372 1597 346 1578 344 1578 342 1578 340 1578 338 1578 337 1578 313 1598 272 1598 232 1576 230 1576 228 1576 226 1576 167 1602 106 1602 108 1639"/></Shape>
	    <String CONTENT="و در خواست توح تا آمتش غرق بشود با ملک ب زداق رفته است"
                    HPOS="106"
                    VPOS="1562"
                    WIDTH="977"
                    HEIGHT="105"
                    WC="0.8815565754066814"></String>
          </TextLine>

          
          
          <TextLine ID="eSc_line_eeae6359"
                    TAGREFS="LT4834"
                    BASELINE="114 1736 1088 1724" 
                    HPOS="112"
                    VPOS="1657"
                    WIDTH="976"
                    HEIGHT="113">
            <Shape><Polygon POINTS="114 1736 114 1753 193 1770 195 1770 197 1770 230 1757 244 1768 246 1768 248 1768 250 1770 359 1770 359 1768 361 1768 416 1749 418 1749 434 1764 434 1766 436 1766 438 1766 440 1768 530 1768 530 1766 532 1766 569 1748 570 1748 572 1748 622 1764 624 1764 626 1764 628 1764 666 1746 670 1744 828 1744 830 1744 861 1760 863 1760 865 1760 867 1760 906 1744 978 1757 979 1757 981 1757 1009 1744 1027 1759 1029 1759 1031 1759 1033 1759 1035 1759 1036 1759 1059 1742 1086 1742 1088 1724 1081 1661 1051 1674 1014 1665 1013 1665 1011 1665 1009 1665 1007 1665 1007 1667 992 1679 944 1683 876 1683 832 1667 830 1667 828 1667 826 1667 825 1667 806 1681 793 1672 791 1672 790 1672 788 1672 786 1672 784 1672 768 1685 675 1685 652 1661 648 1659 648 1657 646 1657 644 1657 642 1657 640 1657 631 1661 596 1679 570 1661 569 1661 567 1661 539 1661 537 1661 535 1661 534 1661 534 1663 506 1689 486 1689 469 1672 469 1670 467 1670 465 1670 464 1670 462 1670 447 1676 432 1661 429 1659 429 1657 427 1657 425 1657 423 1657 392 1661 344 1668 252 1661 232 1661 230 1661 228 1661 226 1661 226 1663 211 1676 195 1661 193 1661 191 1661 189 1661 112 1661 114 1736"/></Shape>
	    <String CONTENT="که میفرمايد رب لاتذر علی الارض من اکافرين ريا را چون"
                    HPOS="112"
                    VPOS="1657"
                    WIDTH="976"
                    HEIGHT="113"
                    WC="0.896946628506367"></String>
          </TextLine>

          
          
          <TextLine ID="eSc_line_b033dbcb"
                    TAGREFS="LT4834"
                    BASELINE="117 1847 1081 1823" 
                    HPOS="114"
                    VPOS="1757"
                    WIDTH="967"
                    HEIGHT="117">
            <Shape><Polygon POINTS="117 1847 117 1858 186 1874 187 1874 257 1873 259 1873 261 1873 261 1871 276 1858 305 1867 307 1867 309 1867 311 1867 348 1854 392 1863 394 1863 513 1854 558 1865 559 1865 561 1865 626 1863 628 1863 670 1847 773 1860 775 1860 876 1856 878 1856 880 1856 880 1854 891 1843 915 1856 917 1856 919 1856 920 1856 922 1856 922 1854 935 1841 989 1840 1036 1852 1038 1852 1040 1852 1042 1852 1081 1836 1081 1823 1073 1757 1038 1777 1009 1759 1007 1757 1005 1757 1003 1757 1001 1757 1000 1757 998 1757 996 1759 966 1781 917 1786 861 1762 858 1760 856 1760 854 1760 852 1760 849 1762 803 1788 786 1779 784 1779 782 1779 629 1799 580 1799 569 1788 569 1786 567 1786 565 1786 563 1786 561 1786 539 1794 502 1770 500 1770 499 1770 497 1770 495 1770 491 1771 471 1781 384 1773 375 1773 373 1773 372 1773 370 1773 331 1806 276 1806 267 1797 267 1795 265 1795 263 1795 261 1795 209 1806 174 1779 173 1779 171 1779 169 1779 114 1779 117 1847"/></Shape>
	    <String CONTENT="نوح مستجاب کرد بفرمود تا ذور شريعت اشکاراکند تا همه را بدان"
                    HPOS="114"
                    VPOS="1757"
                    WIDTH="967"
                    HEIGHT="117"
                    WC="0.8552397262241881"></String>
          </TextLine>

          
        </TextBlock>
        
        <TextBlock HPOS="528"
                   VPOS="176"
                   WIDTH="101"
                   HEIGHT="72"
                   ID="eSc_textblock_93ff60f2"
                   TAGREFS="BT16059">
          <Shape><Polygon POINTS="550 176 629 191 629 233 528 248 550 176"/></Shape>
          
          
          <TextLine ID="eSc_line_083b90f9"
                    TAGREFS="LT4834"
                    BASELINE="559 220 611 220" 
                    HPOS="559"
                    VPOS="180"
                    WIDTH="52"
                    HEIGHT="64">
            <Shape><Polygon POINTS="598 184 559 180 559 220 559 237 570 244 572 244 574 244 576 244 611 237 611 220 611 187 598 184"/></Shape>
	    <String CONTENT=""
                    HPOS="559"
                    VPOS="180"
                    WIDTH="52"
                    HEIGHT="64"></String>
          </TextLine>

          
        </TextBlock>
        
        <TextBlock HPOS="1138"
                   VPOS="1059"
                   WIDTH="57"
                   HEIGHT="87"
                   ID="eSc_textblock_58c1320f"
                   TAGREFS="BT16062">
          <Shape><Polygon POINTS="1153 1059 1195 1104 1173 1146 1138 1146 1153 1059"/></Shape>
          
          
          <TextLine ID="eSc_line_51233581"
                    TAGREFS="LT4834"
                    BASELINE="1132 1131 1175 1118" 
                    HPOS="1118"
                    VPOS="1065"
                    WIDTH="66"
                    HEIGHT="96">
            <Shape><Polygon POINTS="1151 1065 1143 1105 1130 1074 1118 1083 1132 1131 1141 1161 1184 1150 1175 1118 1153 1065 1151 1065"/></Shape>
	    <String CONTENT=""
                    HPOS="1118"
                    VPOS="1065"
                    WIDTH="66"
                    HEIGHT="96"></String>
          </TextLine>

          
        </TextBlock>
        
        <TextBlock HPOS="95"
                   VPOS="1876"
                   WIDTH="1056"
                   HEIGHT="102"
                   ID="eSc_textblock_2a655b00"
                   TAGREFS="BT16058">
          <Shape><Polygon POINTS="486 1876 1121 1884 1136 1904 1114 1919 1151 1941 1099 1963 587 1978 491 1941 95 1926 117 1898 337 1884 307 1898 324 1920 469 1928 449 1884 486 1876"/></Shape>
          
          
          <TextLine ID="eSc_line_27e5f9e3"
                    TAGREFS="LT4834"
                    BASELINE="594 1932 1077 1920" 
                    HPOS="593"
                    VPOS="1880"
                    WIDTH="484"
                    HEIGHT="79">
            <Shape><Polygon POINTS="1071 1882 1053 1882 1035 1882 1016 1882 1001 1882 990 1889 924 1884 889 1880 887 1880 860 1886 830 1893 791 1889 725 1884 723 1884 659 1895 635 1886 633 1886 631 1886 629 1886 593 1898 594 1932 594 1954 694 1948 716 1952 751 1959 753 1959 810 1948 838 1944 858 1946 913 1955 915 1955 1007 1943 1018 1941 1020 1941 1040 1952 1042 1952 1044 1952 1046 1952 1077 1939 1077 1920 1073 1882 1071 1882"/></Shape>
	    <String CONTENT="هآيه از سوره نوح الاما"
                    HPOS="593"
                    VPOS="1880"
                    WIDTH="484"
                    HEIGHT="79"
                    WC="0.8205800030542456"></String>
          </TextLine>

          
        </TextBlock>
        
        <TextBlock HPOS="543"
                   VPOS="1987"
                   WIDTH="123"
                   HEIGHT="79"
                   ID="eSc_textblock_9e04d5eb"
                   TAGREFS="BT16061">
          <Shape><Polygon POINTS="572 1987 644 1994 666 2014 602 2066 543 2029 572 1987"/></Shape>
          
          
          <TextLine ID="eSc_line_167d1791"
                    TAGREFS="LT4834"
                    BASELINE="559 2027 629 2022" 
                    HPOS="558"
                    VPOS="1989"
                    WIDTH="71"
                    HEIGHT="53">
            <Shape><Polygon POINTS="611 1990 593 1989 565 1996 558 2005 559 2027 559 2042 629 2040 629 2022 624 1990 611 1990"/></Shape>
	    <String CONTENT="ظاهر"
                    HPOS="558"
                    VPOS="1989"
                    WIDTH="71"
                    HEIGHT="53"
                    WC="0.7894773483276367"></String>
          </TextLine>

          
        </TextBlock>
        

        
      </PrintSpace>
    </Page>
  </Layout>
</alto>
