<?xml version="1.0" encoding="UTF-8"?>
<alto xmlns:xsi="http://www.w3.org/2001/XMLSchema-instance"
      xmlns="http://www.loc.gov/standards/alto/ns-v4#"
      xsi:schemaLocation="http://www.loc.gov/standards/alto/ns-v4# http://www.loc.gov/standards/alto/v4/alto-4-2.xsd">
  <Description>
    <MeasurementUnit>pixel</MeasurementUnit>
    <sourceImageInformation>
      <fileName>TwoIsmailiTreatises039.jpg</fileName>
      
    </sourceImageInformation>
  </Description>
  
  <Tags>
    <OtherTag ID="BT16074" LABEL="MarginTextZone:commentary" DESCRIPTION="block type MarginTextZone:commentary"/><OtherTag ID="BT16073" LABEL="MarginTextZone:note#1" DESCRIPTION="block type MarginTextZone:note#1"/><OtherTag ID="BT16072" LABEL="MainZone:column#2" DESCRIPTION="block type MainZone:column#2"/><OtherTag ID="BT16071" LABEL="MainZone:column#3" DESCRIPTION="block type MainZone:column#3"/><OtherTag ID="BT16070" LABEL="GraphicZone:illustration" DESCRIPTION="block type GraphicZone:illustration"/><OtherTag ID="BT16069" LABEL="MainZone:column#1" DESCRIPTION="block type MainZone:column#1"/><OtherTag ID="BT16068" LABEL="MarginTextZone:note#2" DESCRIPTION="block type MarginTextZone:note#2"/><OtherTag ID="BT16067" LABEL="CustomZone:publication" DESCRIPTION="block type CustomZone:publication"/><OtherTag ID="BT16066" LABEL="RunningTitleZone" DESCRIPTION="block type RunningTitleZone"/><OtherTag ID="BT16065" LABEL="NumberingZone" DESCRIPTION="block type NumberingZone"/><OtherTag ID="BT16064" LABEL="default" DESCRIPTION="block type default"/><OtherTag ID="BT16063" LABEL="TitlePageZone" DESCRIPTION="block type TitlePageZone"/><OtherTag ID="BT16062" LABEL="NumberingZone:other" DESCRIPTION="block type NumberingZone:other"/><OtherTag ID="BT16061" LABEL="QuireMarksZone:catchwords" DESCRIPTION="block type QuireMarksZone:catchwords"/><OtherTag ID="BT16060" LABEL="MainZone" DESCRIPTION="block type MainZone"/><OtherTag ID="BT16059" LABEL="NumberingZone:page" DESCRIPTION="block type NumberingZone:page"/><OtherTag ID="BT16058" LABEL="MarginTextZone:note" DESCRIPTION="block type MarginTextZone:note"/><OtherTag ID="BT16057" LABEL="DigitizationArtefactZone" DESCRIPTION="block type DigitizationArtefactZone"/><OtherTag ID="BT4" LABEL="Illustration" DESCRIPTION="block type Illustration"/><OtherTag ID="BT3" LABEL="Commentary" DESCRIPTION="block type Commentary"/><OtherTag ID="BT2" LABEL="Main" DESCRIPTION="block type Main"/><OtherTag ID="BT1" LABEL="Title" DESCRIPTION="block type Title"/>
    <OtherTag ID="LT4834" LABEL="DefaultLine" DESCRIPTION="line type DefaultLine"/><OtherTag ID="LT4835" LABEL="HeadingLine:title" DESCRIPTION="line type HeadingLine:title"/>
  </Tags>
  
  <Layout>
    <Page WIDTH="1614"
          HEIGHT="2276"
          PHYSICAL_IMG_NR="35"
          ID="eSc_dummypage_">
      <PrintSpace HPOS="0"
                  VPOS="0"
                  WIDTH="1614"
                  HEIGHT="2276">
        
        <TextBlock HPOS="98"
                   VPOS="265"
                   WIDTH="1136"
                   HEIGHT="1773"
                   ID="eSc_textblock_695d8299"
                   TAGREFS="BT16060">
          <Shape><Polygon POINTS="151 265 1188 280 1211 432 1211 1674 1234 1775 1226 1993 1203 2016 167 2038 98 2008 121 1409 106 348 151 265"/></Shape>
          
          
          <TextLine ID="eSc_line_d3e45a72"
                    TAGREFS="LT4834"
                    BASELINE="117 333 1021 341" 
                    HPOS="115"
                    VPOS="282"
                    WIDTH="906"
                    HEIGHT="99">
            <Shape><Polygon POINTS="117 324 117 333 115 347 174 352 208 373 210 373 212 373 214 373 216 373 286 350 341 375 343 375 345 377 377 377 377 375 379 375 381 375 381 373 404 352 431 367 432 367 434 367 436 367 472 358 497 366 499 366 501 366 503 366 525 352 565 377 567 377 569 377 571 379 653 379 653 377 655 377 656 377 683 354 761 371 763 371 765 371 767 371 793 354 829 379 831 379 833 379 835 381 884 381 884 379 886 379 888 379 926 356 994 369 996 369 998 369 1000 369 1019 354 1021 341 1017 297 958 303 947 297 936 288 934 288 932 288 930 288 928 288 926 288 917 297 905 307 871 307 858 297 846 288 844 288 843 288 841 288 799 297 789 299 784 297 757 286 755 286 753 286 751 286 719 297 712 301 702 297 672 286 670 286 668 286 666 286 632 297 628 299 626 299 611 286 609 286 607 286 489 284 487 284 486 284 484 284 467 299 463 303 372 303 368 299 345 290 343 290 341 290 260 299 206 282 205 282 203 282 201 282 199 282 187 293 168 284 167 284 165 284 163 284 132 295 117 324"/></Shape>
	    <String CONTENT="و خداوند قيامت میفر مايد که صواب قربت با خداست"
                    HPOS="115"
                    VPOS="282"
                    WIDTH="906"
                    HEIGHT="99"
                    WC="0.902907757655434"></String>
          </TextLine>

          
          
          <TextLine ID="eSc_line_1ba80539"
                    TAGREFS="LT4834"
                    BASELINE="132 453 1173 453" 
                    HPOS="132"
                    VPOS="390"
                    WIDTH="1041"
                    HEIGHT="99">
            <Shape><Polygon POINTS="132 453 132 468 186 487 187 487 189 489 256 489 256 487 258 487 290 470 377 487 379 489 427 489 427 487 429 487 465 470 512 487 514 487 516 489 563 489 563 487 565 487 567 487 586 470 630 483 632 483 634 483 636 483 685 470 748 479 750 479 786 472 803 487 805 487 807 487 808 487 810 487 841 476 871 487 873 487 875 487 877 487 879 487 907 470 936 470 953 485 953 487 955 487 957 487 958 487 960 487 1008 470 1078 472 1091 485 1093 485 1095 485 1097 485 1173 468 1173 453 1173 411 1135 400 1133 400 1131 400 1129 400 1110 407 1089 390 1088 390 1086 390 1015 390 1013 390 964 396 962 396 960 396 960 398 949 407 941 415 930 407 922 402 920 402 919 402 917 402 915 402 901 407 877 417 805 405 780 402 778 402 776 402 769 403 740 417 706 405 704 405 702 405 700 405 698 405 683 419 554 419 524 403 522 403 520 403 518 403 493 413 440 400 438 400 436 400 434 400 387 417 353 396 345 390 343 390 341 390 292 390 290 390 288 390 277 394 246 405 210 394 208 394 206 394 205 394 203 394 178 411 157 392 157 390 155 390 153 390 151 390 132 390 132 453"/></Shape>
	    <String CONTENT=" چون توچ نباشی همه او باشد قربت از اين نزد يکتر مخواها"
                    HPOS="132"
                    VPOS="390"
                    WIDTH="1041"
                    HEIGHT="99"
                    WC="0.8772595425446829"></String>
          </TextLine>

          
          
          <TextLine ID="eSc_line_4c94f133"
                    TAGREFS="LT4834"
                    BASELINE="127 565 1179 565" 
                    HPOS="127"
                    VPOS="493"
                    WIDTH="1052"
                    HEIGHT="110">
            <Shape><Polygon POINTS="127 565 127 574 167 589 168 589 170 589 222 578 244 599 244 601 246 601 248 601 250 603 336 603 336 601 337 601 339 601 381 576 421 601 423 601 425 601 427 601 429 601 518 576 524 576 529 578 586 595 588 595 590 595 592 595 653 578 685 593 687 593 689 593 772 582 822 601 824 601 825 603 882 603 882 601 884 601 886 601 915 580 919 576 934 580 962 586 964 586 993 580 1010 576 1013 580 1023 587 1023 589 1025 589 1027 589 1029 589 1076 587 1101 599 1103 599 1105 599 1107 599 1108 599 1108 597 1126 580 1131 576 1177 580 1179 565 1179 493 1105 493 1103 493 1101 493 1099 493 1097 495 1069 519 1027 523 970 512 968 512 966 512 964 512 964 513 960 517 951 510 951 508 949 508 947 508 945 508 943 508 900 532 871 504 860 495 860 493 858 493 856 493 825 493 824 493 822 493 820 493 820 495 805 508 780 532 757 513 755 513 753 513 751 513 750 513 706 536 639 525 638 525 636 525 603 536 582 517 581 515 579 515 577 515 575 515 573 515 567 517 531 536 493 521 446 502 444 502 442 502 440 502 417 510 398 493 396 493 394 493 343 493 341 493 339 493 337 493 337 495 296 531 290 536 277 531 237 513 235 513 233 513 231 513 229 513 201 534 195 538 127 538 127 565"/></Shape>
	    <String CONTENT="ديگر ع علا میفر مايد که دعوت با خداو خداتی مکنم نه باخد"
                    HPOS="127"
                    VPOS="493"
                    WIDTH="1052"
                    HEIGHT="110"
                    WC="0.8450698668306524"></String>
          </TextLine>

          
          
          <TextLine ID="eSc_line_149e3539"
                    TAGREFS="LT4834"
                    BASELINE="134 679 1171 661" 
                    HPOS="132"
                    VPOS="603"
                    WIDTH="1039"
                    HEIGHT="108">
            <Shape><Polygon POINTS="134 679 134 692 246 711 248 711 336 709 337 709 339 709 366 690 467 707 469 707 470 707 541 688 558 703 558 705 560 705 562 705 563 707 590 707 590 705 592 705 634 686 738 701 740 701 742 701 780 684 816 701 818 701 820 701 822 701 824 701 846 682 877 699 879 699 881 701 922 701 922 699 924 699 958 680 975 694 977 694 979 694 981 694 983 694 985 694 996 686 1031 697 1032 697 1034 697 1036 697 1038 697 1038 696 1057 679 1072 686 1074 686 1076 686 1171 675 1171 661 1162 612 1150 622 1141 614 1127 603 1126 603 1124 603 1122 603 1120 603 1118 603 1099 614 1099 616 1097 614 1084 605 1082 605 1080 605 1078 605 1076 605 1055 616 1031 629 945 629 936 620 922 608 922 606 920 606 919 606 917 606 915 606 862 620 825 606 824 606 822 606 740 625 706 633 693 627 662 612 660 612 658 612 656 612 619 629 609 635 535 635 531 631 487 612 486 612 484 612 417 624 402 614 400 614 398 614 396 614 394 614 358 631 328 616 326 616 324 616 322 616 320 616 320 618 303 631 256 625 254 625 252 625 206 641 189 625 189 624 187 624 186 624 184 624 182 624 180 624 180 625 163 642 132 642 134 679"/></Shape>
	    <String CONTENT="شناهی و خدا پرستی پس در حمله حفيقت که فصول مبارک"
                    HPOS="132"
                    VPOS="603"
                    WIDTH="1039"
                    HEIGHT="108"
                    WC="0.9557753379146258"></String>
          </TextLine>

          
          
          <TextLine ID="eSc_line_4cdfa435"
                    TAGREFS="LT4834"
                    BASELINE="129 785 1169 779" 
                    HPOS="127"
                    VPOS="720"
                    WIDTH="1042"
                    HEIGHT="97">
            <Shape><Polygon POINTS="129 785 129 798 151 815 153 815 155 815 157 817 277 817 277 815 279 815 336 796 400 815 402 815 404 817 444 817 444 815 446 815 480 796 482 796 506 813 508 813 510 813 512 813 514 813 516 813 516 811 533 798 535 794 543 798 562 804 563 804 565 804 632 800 647 811 647 813 649 813 651 813 653 815 677 815 677 813 679 813 681 813 698 798 704 792 833 792 844 800 858 811 860 811 862 811 863 811 913 800 951 792 987 792 998 802 1010 811 1012 811 1013 811 1015 811 1017 811 1019 811 1032 802 1046 792 1076 802 1108 811 1110 811 1112 811 1169 802 1169 779 1167 735 1143 720 1141 720 1139 720 1137 720 1135 720 1107 730 1055 722 1053 722 1051 722 1050 722 1023 739 1019 741 1017 739 985 722 983 722 981 722 979 722 977 722 957 739 951 745 894 745 890 741 871 722 871 720 869 720 867 720 865 720 863 720 825 735 807 722 805 722 803 722 674 722 672 722 670 722 668 722 668 724 649 741 628 724 626 724 624 724 622 724 620 724 571 745 569 745 546 734 544 734 543 734 491 743 436 724 434 724 432 724 431 724 429 724 429 726 412 743 366 747 358 747 356 747 300 724 298 724 296 724 294 724 292 724 292 726 269 749 127 749 129 785"/></Shape>
	    <String CONTENT="براين معی مفراست که خلق را در اين عالم عدم خويش"
                    HPOS="127"
                    VPOS="720"
                    WIDTH="1042"
                    HEIGHT="97"
                    WC="0.912912999061828"></String>
          </TextLine>

          
          
          <TextLine ID="eSc_line_7e6e91fe"
                    TAGREFS="LT4834"
                    BASELINE="134 887 1179 880" 
                    HPOS="132"
                    VPOS="811"
                    WIDTH="1047"
                    HEIGHT="118">
            <Shape><Polygon POINTS="134 887 134 902 163 921 165 921 167 921 168 921 170 921 254 899 256 899 258 899 284 925 284 927 286 927 288 927 290 929 324 929 324 927 326 927 328 927 353 906 375 910 377 910 379 910 381 910 394 899 423 910 425 910 427 910 429 910 431 910 431 908 444 897 459 908 461 908 463 908 465 908 539 897 541 897 601 921 603 921 605 921 607 921 662 899 704 906 706 906 708 906 710 906 729 895 731 893 814 893 816 893 825 902 827 902 829 902 831 902 881 899 909 923 911 923 913 923 915 923 1027 921 1029 921 1031 921 1065 893 1093 912 1095 912 1097 912 1099 912 1101 912 1103 912 1103 910 1124 891 1177 889 1179 880 1177 844 1122 828 1120 828 1118 828 1116 828 1097 834 1070 811 1069 811 1067 811 966 811 964 811 962 811 882 845 881 845 856 832 854 832 852 832 850 832 824 845 799 828 797 828 795 828 793 828 791 828 789 828 763 845 738 823 736 823 734 823 732 823 731 823 729 823 729 825 706 845 664 845 611 815 609 815 607 815 605 815 603 815 541 847 541 849 533 849 434 849 398 817 398 815 396 815 394 815 393 815 334 826 281 817 279 817 277 817 275 817 275 819 243 851 182 851 159 834 157 834 155 834 153 834 151 834 150 834 132 845 134 887"/></Shape>
	    <String CONTENT="ديدن تا بحکم حفيقت باخداو خدانی رسند و از کون گفرد"
                    HPOS="132"
                    VPOS="811"
                    WIDTH="1047"
                    HEIGHT="118"
                    WC="0.8978711783885955"></String>
          </TextLine>

          
          
          <TextLine ID="eSc_line_549a48c1"
                    TAGREFS="LT4834"
                    BASELINE="129 995 960 982 1181 986" 
                    HPOS="127"
                    VPOS="921"
                    WIDTH="1054"
                    HEIGHT="108">
            <Shape><Polygon POINTS="129 995 129 1029 229 1029 231 1029 233 1029 233 1027 244 1018 254 1027 256 1027 256 1029 258 1029 260 1029 262 1029 300 1027 301 1027 303 1027 305 1026 336 1005 366 1005 423 1022 440 1026 442 1026 444 1026 446 1026 448 1026 457 1020 486 1003 537 1016 563 1024 565 1024 567 1024 569 1024 571 1024 571 1022 579 1014 594 1001 632 1001 653 1012 672 1024 674 1024 675 1024 677 1024 744 1009 788 999 810 1007 852 1020 854 1020 856 1020 858 1020 860 1020 884 1003 896 997 909 1003 945 1018 947 1018 949 1018 951 1018 953 1018 953 1016 968 1001 972 995 979 999 994 1007 996 1007 998 1007 1000 1007 1015 999 1019 997 1027 999 1069 1007 1070 1007 1179 991 1181 986 1179 950 1101 931 1099 931 1097 931 1095 931 1072 948 1070 950 1059 948 1000 938 998 938 996 938 962 948 945 952 939 948 926 936 924 936 922 936 920 936 919 936 894 948 884 952 881 946 852 923 852 921 850 921 848 921 846 921 786 923 784 923 782 923 748 946 738 954 729 946 706 929 704 929 702 929 700 929 698 929 696 929 670 946 668 946 630 925 628 925 605 925 603 925 601 925 600 925 600 927 581 944 569 957 533 957 512 944 510 942 508 942 506 942 505 942 503 942 497 944 470 959 375 959 356 944 355 944 353 944 351 944 349 944 347 944 336 954 320 942 305 929 303 929 301 929 300 929 233 931 231 931 229 931 229 933 218 942 216 944 210 942 176 931 174 931 172 931 127 940 129 995"/></Shape>
	    <String CONTENT="و نضاد و ترتب برهند که در اين مطلب حضرت رسول اکرم مفرا"
                    HPOS="127"
                    VPOS="921"
                    WIDTH="1054"
                    HEIGHT="108"
                    WC="0.8882599497834841"></String>
          </TextLine>

          
          
          <TextLine ID="eSc_line_3bc5daef"
                    TAGREFS="LT4834"
                    BASELINE="446 1088 1171 1082" 
                    HPOS="444"
                    VPOS="1012"
                    WIDTH="727"
                    HEIGHT="107">
            <Shape><Polygon POINTS="446 1088 446 1101 495 1113 497 1113 577 1103 611 1119 613 1119 615 1119 617 1119 649 1105 740 1117 742 1117 744 1117 746 1117 763 1101 810 1101 831 1117 833 1117 835 1117 837 1119 877 1119 877 1117 879 1117 881 1117 881 1115 892 1105 949 1115 951 1115 953 1115 955 1115 955 1113 970 1101 987 1113 989 1113 991 1113 1038 1115 1040 1115 1042 1115 1044 1115 1044 1113 1059 1101 1112 1113 1114 1113 1116 1113 1171 1096 1171 1082 1165 1018 1103 1024 1097 1020 1091 1014 1091 1012 1089 1012 1088 1012 1029 1012 1027 1012 1025 1012 1006 1022 970 1041 930 1024 907 1014 905 1014 903 1014 901 1014 881 1026 875 1027 865 1026 822 1014 820 1014 818 1014 816 1014 789 1027 757 1045 643 1045 630 1033 628 1033 626 1033 624 1033 622 1033 594 1045 577 1033 552 1016 550 1016 548 1016 546 1016 544 1016 505 1031 476 1016 474 1016 472 1016 470 1016 469 1016 444 1031 446 1088"/></Shape>
	    <String CONTENT="من قال لا إله إلا الله دخل الجنة"
                    HPOS="444"
                    VPOS="1012"
                    WIDTH="727"
                    HEIGHT="107"
                    WC="0.9713580099975362"></String>
          </TextLine>

          
          
          <TextLine ID="eSc_line_846e701a"
                    TAGREFS="LT4834"
                    BASELINE="142 1193 1048 1183" 
                    HPOS="140"
                    VPOS="1117"
                    WIDTH="908"
                    HEIGHT="110">
            <Shape><Polygon POINTS="142 1193 142 1204 237 1227 239 1227 356 1204 360 1204 362 1204 417 1213 419 1213 421 1213 442 1204 467 1225 469 1225 470 1225 472 1227 503 1227 503 1225 563 1223 565 1223 567 1223 567 1221 577 1213 584 1221 584 1223 586 1223 588 1223 590 1225 683 1225 683 1223 685 1223 687 1223 713 1202 717 1200 816 1200 816 1202 856 1221 858 1221 860 1221 862 1221 922 1202 934 1198 957 1198 960 1202 977 1217 977 1219 979 1219 981 1219 983 1219 985 1219 1048 1200 1048 1183 1046 1149 970 1128 968 1128 966 1128 964 1128 962 1128 938 1145 928 1153 877 1153 863 1143 827 1119 825 1119 824 1119 769 1117 767 1117 765 1117 763 1117 734 1139 713 1155 522 1155 497 1132 486 1122 486 1120 484 1120 482 1120 446 1120 444 1120 442 1120 440 1120 440 1122 431 1130 415 1145 410 1139 408 1139 406 1139 404 1139 402 1139 362 1155 334 1128 328 1122 328 1120 326 1120 324 1120 322 1120 282 1122 281 1122 279 1122 275 1126 246 1149 210 1124 210 1122 208 1122 206 1122 140 1122 142 1193"/></Shape>
	    <String CONTENT="و با باسيد ناقدش شره سفر مايد که اميدی که با خدان"
                    HPOS="140"
                    VPOS="1117"
                    WIDTH="908"
                    HEIGHT="110"
                    WC="0.8882782550490632"></String>
          </TextLine>

          
          
          <TextLine ID="eSc_line_24ccef03"
                    TAGREFS="LT4834"
                    BASELINE="132 1293 1184 1293" 
                    HPOS="132"
                    VPOS="1221"
                    WIDTH="1052"
                    HEIGHT="114">
            <Shape><Polygon POINTS="132 1293 132 1304 176 1308 199 1331 199 1333 201 1333 203 1333 205 1335 284 1335 284 1333 286 1333 288 1333 288 1331 315 1306 387 1333 389 1333 391 1335 412 1335 412 1333 413 1333 415 1333 415 1331 440 1306 486 1327 487 1327 489 1327 491 1327 493 1327 524 1306 562 1321 563 1321 565 1321 567 1321 601 1306 639 1333 641 1333 643 1333 645 1333 647 1333 731 1306 751 1325 753 1325 755 1325 757 1325 886 1306 934 1329 936 1329 938 1329 1051 1310 1086 1333 1088 1333 1089 1333 1091 1335 1122 1335 1122 1333 1124 1333 1126 1333 1126 1331 1152 1306 1184 1304 1184 1293 1182 1244 1099 1249 1088 1244 1067 1229 1065 1229 1063 1229 1061 1229 1059 1229 1021 1244 1008 1249 994 1244 981 1238 979 1238 977 1238 930 1244 907 1248 900 1246 865 1230 863 1230 862 1230 860 1230 858 1230 839 1246 833 1249 827 1246 807 1234 805 1234 803 1234 801 1234 799 1234 782 1246 774 1251 586 1251 582 1248 558 1223 558 1221 556 1221 554 1221 552 1221 499 1232 487 1223 487 1221 486 1221 484 1221 440 1221 438 1221 436 1221 410 1234 389 1221 387 1221 385 1221 214 1221 212 1221 210 1221 208 1221 208 1223 189 1242 132 1249 132 1293"/></Shape>
	    <String CONTENT="تو هم دارى با اين برادران مومن دست كوته نكن و بحکم حقيقت"
                    HPOS="132"
                    VPOS="1221"
                    WIDTH="1052"
                    HEIGHT="114"
                    WC="0.9306339578969138"></String>
          </TextLine>

          
          
          <TextLine ID="eSc_line_c41e1dea"
                    TAGREFS="LT4834"
                    BASELINE="142 1403 1167 1386" 
                    HPOS="140"
                    VPOS="1316"
                    WIDTH="1027"
                    HEIGHT="114">
            <Shape><Polygon POINTS="142 1403 142 1413 252 1430 254 1430 334 1416 410 1426 412 1426 413 1426 415 1426 415 1424 431 1409 554 1409 575 1424 577 1424 579 1424 581 1424 582 1424 584 1424 603 1407 626 1422 628 1422 630 1422 632 1422 727 1405 731 1405 774 1405 791 1405 818 1420 820 1420 822 1420 824 1420 920 1418 922 1418 945 1407 991 1413 993 1413 994 1413 1017 1401 1082 1413 1084 1413 1167 1397 1167 1386 1165 1327 1146 1316 1144 1316 1143 1316 1141 1316 1139 1316 1095 1331 1067 1342 1057 1333 1050 1327 1050 1325 1048 1325 1046 1325 1044 1325 1042 1325 1040 1325 1029 1335 1002 1354 968 1354 947 1337 922 1318 920 1318 919 1318 867 1318 865 1318 863 1318 862 1318 837 1340 803 1331 801 1331 799 1331 797 1331 795 1331 795 1333 784 1342 770 1358 696 1358 685 1346 679 1342 679 1340 677 1340 675 1340 674 1340 672 1340 655 1348 653 1348 605 1321 603 1321 601 1321 600 1321 556 1344 522 1339 520 1339 518 1339 516 1339 516 1340 503 1354 495 1361 446 1361 431 1356 360 1327 358 1327 275 1327 273 1327 271 1327 269 1327 269 1329 233 1363 229 1367 140 1367 142 1403"/></Shape>
	    <String CONTENT="سخنان محقان يکی باشند ه چنانکه ذات ايشان يکيست"
                    HPOS="140"
                    VPOS="1316"
                    WIDTH="1027"
                    HEIGHT="114"
                    WC="0.9097229980904123"></String>
          </TextLine>

          
          
          <TextLine ID="eSc_line_ffae5930"
                    TAGREFS="LT4834"
                    BASELINE="142 1507 1167 1486" 
                    HPOS="140"
                    VPOS="1414"
                    WIDTH="1027"
                    HEIGHT="122">
            <Shape><Polygon POINTS="142 1507 142 1523 168 1536 170 1536 172 1536 174 1536 176 1536 176 1534 193 1521 193 1519 197 1519 227 1530 229 1530 231 1530 233 1530 254 1519 262 1515 267 1519 281 1524 282 1524 284 1524 286 1524 288 1524 288 1523 294 1517 301 1511 353 1517 396 1521 398 1521 400 1521 402 1521 408 1515 413 1509 423 1515 446 1526 448 1526 450 1526 451 1526 453 1526 453 1524 465 1515 469 1509 489 1507 499 1513 506 1521 508 1521 510 1521 512 1521 514 1521 516 1521 525 1513 535 1505 554 1513 573 1519 575 1519 577 1519 579 1519 592 1511 603 1505 619 1511 643 1521 645 1521 647 1521 649 1521 677 1509 702 1502 767 1502 778 1507 789 1517 791 1517 793 1517 795 1517 797 1517 814 1507 825 1502 865 1507 892 1509 894 1509 896 1509 898 1509 901 1505 911 1500 926 1505 966 1521 968 1521 970 1521 972 1521 974 1521 974 1519 989 1504 994 1500 1006 1504 1057 1519 1059 1519 1061 1519 1152 1517 1154 1517 1156 1517 1156 1515 1167 1502 1167 1486 1160 1414 1069 1449 1038 1428 1036 1428 1034 1428 1032 1428 1031 1428 970 1447 943 1445 924 1426 919 1422 919 1420 917 1420 915 1420 913 1420 911 1420 890 1428 860 1441 846 1430 835 1422 833 1422 831 1422 791 1422 789 1422 788 1422 748 1435 687 1458 628 1458 613 1443 598 1430 598 1428 596 1428 594 1428 558 1428 556 1428 554 1428 518 1449 495 1460 453 1450 438 1449 436 1449 434 1449 423 1452 400 1464 319 1464 311 1458 301 1450 300 1450 298 1450 296 1450 294 1450 260 1460 235 1437 235 1435 233 1435 231 1435 187 1435 186 1435 184 1435 182 1435 140 1462 142 1507"/></Shape>
	    <String CONTENT="بحکم اضافه عبارتشان گسسته و برا کنده باشد همچنانکه"
                    HPOS="140"
                    VPOS="1414"
                    WIDTH="1027"
                    HEIGHT="122"
                    WC="0.9191380786895752"></String>
          </TextLine>

          
          
          <TextLine ID="eSc_line_f13d6737"
                    TAGREFS="LT4834"
                    BASELINE="138 1612 1158 1583" 
                    HPOS="136"
                    VPOS="1517"
                    WIDTH="1022"
                    HEIGHT="119">
            <Shape><Polygon POINTS="138 1612 138 1631 229 1621 250 1629 269 1636 271 1636 273 1636 275 1636 277 1636 288 1627 301 1619 339 1625 381 1633 383 1633 385 1633 387 1633 400 1623 412 1617 461 1621 544 1629 546 1629 548 1629 592 1617 617 1610 649 1614 712 1623 713 1623 780 1610 799 1606 812 1608 865 1619 867 1619 869 1619 871 1619 871 1617 884 1606 888 1602 936 1602 939 1604 962 1615 964 1615 966 1615 968 1615 996 1602 1000 1600 1008 1600 1086 1614 1088 1614 1089 1614 1158 1595 1158 1583 1150 1517 1103 1543 1080 1543 1051 1523 1050 1523 1048 1523 1046 1523 1044 1523 1000 1543 938 1547 915 1530 913 1530 911 1530 909 1530 865 1540 856 1532 850 1528 850 1526 848 1526 846 1526 801 1526 799 1526 774 1528 772 1528 770 1528 770 1530 763 1538 748 1551 712 1540 710 1540 708 1540 706 1540 704 1540 683 1551 666 1541 660 1540 658 1540 656 1540 655 1540 653 1540 649 1543 632 1557 601 1557 577 1547 543 1534 541 1534 539 1534 537 1534 535 1534 535 1536 520 1549 508 1560 451 1560 438 1553 423 1543 421 1543 419 1543 326 1540 324 1540 322 1540 320 1540 296 1560 290 1566 244 1566 241 1564 206 1545 205 1545 203 1545 201 1545 136 1566 138 1612"/></Shape>
	    <String CONTENT="خص شان خداويرا کنده بينمايد و ابل و حدت همه مومن د موقن"
                    HPOS="136"
                    VPOS="1517"
                    WIDTH="1022"
                    HEIGHT="119"
                    WC="0.8785021711479534"></String>
          </TextLine>

          
          
          <TextLine ID="eSc_line_b622e028"
                    TAGREFS="LT4834"
                    BASELINE="212 1699 1177 1682" 
                    HPOS="210"
                    VPOS="1619"
                    WIDTH="967"
                    HEIGHT="106">
            <Shape><Polygon POINTS="212 1699 212 1725 265 1725 265 1724 267 1724 269 1724 269 1722 282 1710 345 1722 355 1722 356 1722 358 1722 364 1720 427 1705 482 1718 495 1720 497 1720 499 1720 501 1720 505 1718 520 1708 594 1714 636 1718 638 1718 639 1718 651 1714 674 1703 691 1712 698 1716 700 1716 702 1716 772 1714 774 1714 776 1714 776 1712 780 1710 791 1699 827 1708 829 1708 831 1708 833 1708 869 1697 896 1707 898 1707 900 1707 901 1707 962 1695 1027 1703 1065 1708 1067 1708 1069 1708 1070 1708 1078 1703 1093 1693 1175 1699 1177 1682 1173 1642 1097 1633 1095 1633 1032 1642 989 1621 987 1621 985 1621 983 1621 941 1638 856 1619 854 1619 812 1621 810 1621 808 1621 782 1646 746 1627 744 1627 742 1627 740 1627 687 1640 656 1627 655 1627 653 1627 651 1627 649 1627 638 1638 615 1631 613 1631 611 1631 609 1631 607 1631 607 1633 590 1648 569 1634 567 1634 565 1634 563 1634 562 1634 512 1651 440 1627 438 1627 436 1627 434 1627 432 1627 432 1629 408 1651 364 1653 324 1629 322 1629 320 1629 319 1629 260 1631 258 1631 256 1631 256 1633 231 1657 210 1657 212 1699"/></Shape>
	    <String CONTENT="و عارف اند مولانا تو فشيق ارزانی دهاد و هو حبنا و کفی"
                    HPOS="210"
                    VPOS="1619"
                    WIDTH="967"
                    HEIGHT="106"
                    WC="0.898287906399313"></String>
          </TextLine>

          
          
          <TextLine ID="eSc_line_bafb260d"
                    TAGREFS="LT4834"
                    BASELINE="151 1803 1156 1779" 
                    HPOS="150"
                    VPOS="1712"
                    WIDTH="1006"
                    HEIGHT="129">
            <Shape><Polygon POINTS="151 1803 151 1817 203 1841 205 1841 206 1841 208 1841 210 1841 210 1839 225 1826 275 1832 277 1832 279 1832 322 1815 353 1837 355 1837 356 1837 358 1839 383 1839 383 1837 385 1837 423 1824 480 1834 482 1834 484 1834 486 1834 486 1832 510 1809 510 1807 563 1805 573 1807 607 1820 609 1820 611 1820 613 1820 660 1807 666 1805 668 1807 708 1828 710 1828 712 1830 769 1830 769 1828 770 1828 846 1803 867 1796 945 1796 957 1801 972 1813 974 1813 975 1813 977 1813 1044 1799 1089 1792 1152 1798 1156 1779 1148 1712 1067 1744 1021 1744 987 1716 983 1712 981 1712 979 1712 941 1712 939 1712 938 1712 920 1718 839 1750 675 1752 647 1741 645 1741 643 1741 641 1741 603 1754 575 1733 573 1733 571 1733 569 1733 567 1733 565 1733 565 1735 558 1741 505 1731 459 1724 457 1724 383 1725 381 1725 379 1725 379 1727 372 1735 356 1750 332 1741 330 1741 328 1741 246 1754 229 1739 222 1733 222 1731 220 1731 218 1731 216 1731 150 1741 151 1803"/></Shape>
	    <String CONTENT="در بسان معنى نظم كردن اين ديوان"
                    HPOS="150"
                    VPOS="1712"
                    WIDTH="1006"
                    HEIGHT="129"
                    WC="0.9423527323430584"></String>
          </TextLine>

          
          
          <TextLine ID="eSc_line_75d32558"
                    TAGREFS="LT4834"
                    BASELINE="140 1902 601 1889 1179 1885" 
                    HPOS="138"
                    VPOS="1818"
                    WIDTH="1041"
                    HEIGHT="109">
            <Shape><Polygon POINTS="140 1902 140 1911 161 1927 163 1927 165 1927 167 1927 218 1917 336 1925 337 1925 339 1925 341 1925 341 1923 355 1911 372 1925 374 1925 375 1925 377 1925 482 1923 484 1923 486 1923 505 1908 514 1902 581 1908 691 1919 693 1919 694 1919 696 1919 696 1917 706 1908 713 1900 907 1900 928 1909 939 1913 941 1913 943 1913 945 1913 947 1913 947 1911 951 1909 964 1896 1017 1904 1019 1904 1139 1892 1175 1909 1179 1885 1177 1830 1154 1818 1152 1818 1150 1818 1148 1818 1146 1818 1146 1820 1133 1832 1122 1843 1074 1843 1042 1834 998 1818 996 1818 994 1818 993 1818 953 1835 936 1843 913 1837 875 1826 873 1826 871 1826 814 1837 772 1826 770 1826 769 1826 767 1826 765 1826 746 1841 736 1849 696 1849 689 1843 672 1826 672 1824 670 1824 668 1824 624 1824 622 1824 620 1824 619 1824 582 1845 577 1849 571 1845 527 1826 525 1826 524 1826 522 1826 461 1843 427 1828 425 1828 423 1828 421 1828 375 1851 374 1853 332 1854 326 1853 282 1830 281 1830 279 1830 277 1830 275 1830 237 1854 231 1858 138 1858 140 1902"/></Shape>
	    <String CONTENT="و حمد و تنای مولانا تقدش ذکره و اعلی گليمته با اين سبب"
                    HPOS="138"
                    VPOS="1818"
                    WIDTH="1041"
                    HEIGHT="109"
                    WC="0.9189791006070597"></String>
          </TextLine>

          
          
          <TextLine ID="eSc_line_ff371309"
                    TAGREFS="LT4834"
                    BASELINE="151 1991 1175 1978" 
                    HPOS="150"
                    VPOS="1911"
                    WIDTH="1025"
                    HEIGHT="118">
            <Shape><Polygon POINTS="151 1991 151 2008 315 2010 339 2027 341 2027 343 2027 345 2029 429 2029 429 2027 431 2027 467 2014 552 2025 554 2025 556 2025 594 2012 609 2008 622 2012 656 2023 658 2023 660 2023 662 2023 664 2023 664 2021 674 2014 683 2004 751 2014 788 2018 789 2018 791 2018 799 2014 822 2000 907 2000 1173 2016 1175 1978 1165 1911 1154 1923 1139 1913 1137 1911 1135 1911 1133 1911 1131 1911 1129 1911 1127 1911 1124 1913 1097 1928 1086 1919 1086 1917 1084 1917 1082 1917 1078 1915 1010 1913 1008 1913 1006 1913 1004 1913 1004 1915 998 1919 987 1932 966 1925 964 1925 962 1925 960 1925 958 1925 943 1938 919 1923 905 1913 903 1913 901 1913 900 1913 875 1915 873 1915 871 1915 871 1917 862 1925 848 1938 822 1927 793 1915 791 1915 736 1915 734 1915 732 1915 731 1915 712 1930 693 1947 588 1947 569 1936 543 1919 541 1919 539 1919 499 1919 497 1919 495 1919 436 1942 417 1949 402 1944 366 1930 364 1930 362 1930 360 1930 305 1947 294 1951 286 1949 260 1936 258 1936 256 1936 254 1936 252 1936 235 1951 233 1953 150 1953 151 1991"/></Shape>
	    <String CONTENT="گفه شد که حد عزو علا به نظم و نتر ببندگان حاجت دست"
                    HPOS="150"
                    VPOS="1911"
                    WIDTH="1025"
                    HEIGHT="118"
                    WC="0.8743102985620499"></String>
          </TextLine>

          
        </TextBlock>
        
        <TextBlock HPOS="569"
                   VPOS="144"
                   WIDTH="150"
                   HEIGHT="112"
                   ID="eSc_textblock_7782812f"
                   TAGREFS="BT16059">
          <Shape><Polygon POINTS="630 144 719 182 681 248 622 256 569 225 569 174 630 144"/></Shape>
          
          
          <TextLine ID="eSc_line_b6927fe2"
                    TAGREFS="LT4834"
                    BASELINE="605 204 685 199" 
                    HPOS="601"
                    VPOS="159"
                    WIDTH="84"
                    HEIGHT="74">
            <Shape><Polygon POINTS="677 165 666 159 601 170 605 204 605 223 655 233 656 233 658 233 685 218 685 199 679 165 677 165"/></Shape>
	    <String CONTENT="س"
                    HPOS="601"
                    VPOS="159"
                    WIDTH="84"
                    HEIGHT="74"
                    WC="0.9596998691558838"></String>
          </TextLine>

          
        </TextBlock>
        
        <TextBlock HPOS="1236"
                   VPOS="1206"
                   WIDTH="81"
                   HEIGHT="112"
                   ID="eSc_textblock_6da11b82"
                   TAGREFS="BT16062">
          <Shape><Polygon POINTS="1251 1206 1317 1221 1302 1318 1236 1310 1251 1206"/></Shape>
          
          
          <TextLine ID="eSc_line_76391898"
                    TAGREFS="LT4834"
                    BASELINE="1241 1289 1276 1276" 
                    HPOS="1238"
                    VPOS="1246"
                    WIDTH="47"
                    HEIGHT="64">
            <Shape><Polygon POINTS="1238 1282 1241 1289 1249 1310 1285 1303 1276 1276 1260 1246 1239 1257 1238 1282"/></Shape>
	    <String CONTENT=""
                    HPOS="1238"
                    VPOS="1246"
                    WIDTH="47"
                    HEIGHT="64"></String>
          </TextLine>

          
        </TextBlock>
        
        <TextBlock HPOS="630"
                   VPOS="2033"
                   WIDTH="74"
                   HEIGHT="66"
                   ID="eSc_textblock_c7b09d52"
                   TAGREFS="BT16061">
          <Shape><Polygon POINTS="655 2033 704 2055 704 2099 630 2076 655 2033"/></Shape>
          
          
          <TextLine ID="eSc_line_f0119b2b"
                    TAGREFS="LT4834"
                    BASELINE="641 2078 708 2074" 
                    HPOS="641"
                    VPOS="2033"
                    WIDTH="67"
                    HEIGHT="76">
            <Shape><Polygon POINTS="696 2052 677 2044 666 2038 653 2042 641 2069 641 2078 641 2109 708 2109 708 2074 702 2033 696 2033 696 2052"/></Shape>
	    <String CONTENT="غزو"
                    HPOS="641"
                    VPOS="2033"
                    WIDTH="67"
                    HEIGHT="76"
                    WC="0.9615718126296997"></String>
          </TextLine>

          
        </TextBlock>
        
        <TextBlock HPOS="1258"
                   VPOS="1266"
                   WIDTH="6"
                   HEIGHT="6"
                   ID="eSc_textblock_ffbd937a"
                   TAGREFS="BT16061">
          <Shape><Polygon POINTS="1260 1266 1264 1266 1264 1272 1258 1272 1260 1266"/></Shape>
          
        </TextBlock>
        

        
      </PrintSpace>
    </Page>
  </Layout>
</alto>
