<?xml version="1.0" encoding="UTF-8"?>
<alto xmlns:xsi="http://www.w3.org/2001/XMLSchema-instance"
      xmlns="http://www.loc.gov/standards/alto/ns-v4#"
      xsi:schemaLocation="http://www.loc.gov/standards/alto/ns-v4# http://www.loc.gov/standards/alto/v4/alto-4-2.xsd">
  <Description>
    <MeasurementUnit>pixel</MeasurementUnit>
    <sourceImageInformation>
      <fileName>TwoIsmailiTreatises057.jpg</fileName>
      
    </sourceImageInformation>
  </Description>
  
  <Tags>
    <OtherTag ID="BT16074" LABEL="MarginTextZone:commentary" DESCRIPTION="block type MarginTextZone:commentary"/><OtherTag ID="BT16073" LABEL="MarginTextZone:note#1" DESCRIPTION="block type MarginTextZone:note#1"/><OtherTag ID="BT16072" LABEL="MainZone:column#2" DESCRIPTION="block type MainZone:column#2"/><OtherTag ID="BT16071" LABEL="MainZone:column#3" DESCRIPTION="block type MainZone:column#3"/><OtherTag ID="BT16070" LABEL="GraphicZone:illustration" DESCRIPTION="block type GraphicZone:illustration"/><OtherTag ID="BT16069" LABEL="MainZone:column#1" DESCRIPTION="block type MainZone:column#1"/><OtherTag ID="BT16068" LABEL="MarginTextZone:note#2" DESCRIPTION="block type MarginTextZone:note#2"/><OtherTag ID="BT16067" LABEL="CustomZone:publication" DESCRIPTION="block type CustomZone:publication"/><OtherTag ID="BT16066" LABEL="RunningTitleZone" DESCRIPTION="block type RunningTitleZone"/><OtherTag ID="BT16065" LABEL="NumberingZone" DESCRIPTION="block type NumberingZone"/><OtherTag ID="BT16064" LABEL="default" DESCRIPTION="block type default"/><OtherTag ID="BT16063" LABEL="TitlePageZone" DESCRIPTION="block type TitlePageZone"/><OtherTag ID="BT16062" LABEL="NumberingZone:other" DESCRIPTION="block type NumberingZone:other"/><OtherTag ID="BT16061" LABEL="QuireMarksZone:catchwords" DESCRIPTION="block type QuireMarksZone:catchwords"/><OtherTag ID="BT16060" LABEL="MainZone" DESCRIPTION="block type MainZone"/><OtherTag ID="BT16059" LABEL="NumberingZone:page" DESCRIPTION="block type NumberingZone:page"/><OtherTag ID="BT16058" LABEL="MarginTextZone:note" DESCRIPTION="block type MarginTextZone:note"/><OtherTag ID="BT16057" LABEL="DigitizationArtefactZone" DESCRIPTION="block type DigitizationArtefactZone"/><OtherTag ID="BT4" LABEL="Illustration" DESCRIPTION="block type Illustration"/><OtherTag ID="BT3" LABEL="Commentary" DESCRIPTION="block type Commentary"/><OtherTag ID="BT2" LABEL="Main" DESCRIPTION="block type Main"/><OtherTag ID="BT1" LABEL="Title" DESCRIPTION="block type Title"/>
    <OtherTag ID="LT4834" LABEL="DefaultLine" DESCRIPTION="line type DefaultLine"/><OtherTag ID="LT4835" LABEL="HeadingLine:title" DESCRIPTION="line type HeadingLine:title"/>
  </Tags>
  
  <Layout>
    <Page WIDTH="1492"
          HEIGHT="2151"
          PHYSICAL_IMG_NR="53"
          ID="eSc_dummypage_">
      <PrintSpace HPOS="0"
                  VPOS="0"
                  WIDTH="1492"
                  HEIGHT="2151">
        
        <TextBlock HPOS="86"
                   VPOS="250"
                   WIDTH="1095"
                   HEIGHT="1569"
                   ID="eSc_textblock_e0b765be"
                   TAGREFS="BT16060">
          <Shape><Polygon POINTS="164 250 1138 272 1145 937 1181 1046 1153 1118 1181 1183 1160 1218 1181 1254 1160 1319 1181 1675 1153 1819 93 1819 86 387 100 301 164 250"/></Shape>
          
          
          <TextLine ID="eSc_line_4fea4a18"
                    TAGREFS="LT4834"
                    BASELINE="139 338 1113 331" 
                    HPOS="138"
                    VPOS="270"
                    WIDTH="975"
                    HEIGHT="95">
            <Shape><Polygon POINTS="139 338 139 356 191 365 193 365 195 365 216 358 234 351 251 358 270 365 272 365 274 365 276 365 294 358 306 353 322 358 346 365 347 365 349 365 351 365 367 358 389 349 455 349 485 358 502 363 503 363 505 363 541 358 606 349 616 358 618 360 618 362 620 362 622 362 624 362 625 362 634 358 667 349 747 356 749 356 751 356 771 347 789 360 790 362 792 362 794 362 796 363 867 363 867 362 869 362 875 360 905 347 934 358 936 358 937 358 939 358 984 345 1018 360 1020 360 1022 362 1111 362 1113 331 1111 286 1058 270 1056 270 1054 270 1052 270 1050 270 1029 288 1016 297 898 297 893 290 885 285 885 283 884 283 882 283 839 279 837 279 835 279 833 279 833 281 821 292 814 299 758 299 746 293 710 277 708 277 706 277 704 277 645 293 616 274 615 274 613 274 577 274 575 274 573 274 511 297 473 274 471 274 469 274 468 274 466 274 464 274 444 290 423 274 421 274 419 274 380 274 378 274 308 281 306 281 304 281 281 302 260 302 225 301 188 276 186 276 184 276 182 276 181 276 179 276 138 299 139 338"/></Shape>
	    <String CONTENT="ياد کرده شد به جای آرند تا مرد حقيقت باشند که آمرد توای"
                    HPOS="138"
                    VPOS="270"
                    WIDTH="975"
                    HEIGHT="95"
                    WC="0.8656869196055228"></String>
          </TextLine>

          
          
          <TextLine ID="eSc_line_336b7e83"
                    TAGREFS="LT4834"
                    BASELINE="138 433 1013 428 1115 435" 
                    HPOS="136"
                    VPOS="369"
                    WIDTH="979"
                    HEIGHT="93">
            <Shape><Polygon POINTS="138 433 138 448 154 460 156 460 157 460 159 462 306 462 306 460 308 460 346 446 511 453 512 453 561 446 573 444 581 446 618 458 620 458 622 458 686 446 701 444 706 446 733 458 735 458 737 460 823 460 823 458 824 458 826 458 826 457 837 448 841 442 850 448 869 457 871 457 873 458 919 458 919 457 921 457 939 448 952 442 979 448 1020 457 1022 457 1115 448 1115 435 1113 371 1049 369 1047 369 1045 369 1043 369 1043 371 1041 372 1018 396 936 396 916 376 909 371 909 369 907 369 905 369 858 369 857 369 855 369 853 369 853 371 844 378 826 397 702 397 683 383 674 376 672 376 670 376 668 376 667 376 647 385 622 396 600 385 584 378 582 378 581 378 518 388 484 394 477 390 448 372 446 372 444 372 378 372 376 372 374 372 373 372 373 374 351 394 349 396 347 394 326 374 326 372 324 372 322 372 303 372 301 372 299 372 256 397 252 399 218 399 218 397 200 381 200 380 199 380 197 380 195 380 193 380 136 399 138 433"/></Shape>
	    <String CONTENT="و تکاليف شرعی بسيار آسان تراست از تکاليف حقيقی بدان"
                    HPOS="136"
                    VPOS="369"
                    WIDTH="979"
                    HEIGHT="93"
                    WC="0.8983161569787905"></String>
          </TextLine>

          
          
          <TextLine ID="eSc_line_ea341c67"
                    TAGREFS="LT4834"
                    BASELINE="136 530 1106 525" 
                    HPOS="134"
                    VPOS="467"
                    WIDTH="972"
                    HEIGHT="97">
            <Shape><Polygon POINTS="136 530 136 543 182 562 184 562 186 562 188 562 190 562 213 544 283 553 285 553 365 544 407 562 408 562 410 564 451 564 451 562 453 562 455 562 475 548 546 557 548 557 550 557 552 557 552 555 563 546 581 561 582 561 584 561 586 561 588 561 634 548 658 561 659 561 661 562 731 562 731 561 733 561 735 561 760 544 860 559 862 559 864 559 866 559 891 541 912 559 914 559 916 559 918 559 919 559 961 541 1049 559 1050 559 1052 559 1054 559 1054 557 1072 539 1106 537 1106 525 1102 483 997 467 995 467 993 467 991 467 966 485 952 496 878 496 869 487 858 478 858 476 857 476 855 476 853 476 851 476 850 476 833 487 824 494 815 487 785 467 783 467 781 467 780 467 742 469 740 469 738 469 738 471 719 489 711 498 688 498 683 491 668 478 668 476 667 476 665 476 579 469 577 469 575 469 525 492 521 496 477 496 473 494 450 476 448 476 446 476 444 476 442 476 441 476 423 491 398 487 396 487 394 487 376 496 373 498 369 496 326 480 324 480 322 480 320 480 281 498 243 475 242 475 240 475 238 475 236 475 234 475 193 500 134 500 136 530"/></Shape>
	    <String CONTENT="سب که مرد شريعت اگر هر طاعتی که در شريعت بر او واجب"
                    HPOS="134"
                    VPOS="467"
                    WIDTH="972"
                    HEIGHT="97"
                    WC="0.9115123287135479"></String>
          </TextLine>

          
          
          <TextLine ID="eSc_line_2bf83d87"
                    TAGREFS="LT4834"
                    BASELINE="145 623 1106 627" 
                    HPOS="143"
                    VPOS="566"
                    WIDTH="963"
                    HEIGHT="77">
            <Shape><Polygon POINTS="145 623 143 643 1104 639 1106 627 1102 580 1061 587 1052 580 1040 570 1040 568 1038 568 1036 568 1034 568 1032 568 1031 568 1031 570 1020 580 1007 593 995 586 993 586 991 586 989 586 988 586 988 587 977 598 936 598 919 586 918 586 916 586 914 586 894 589 884 578 878 575 878 573 876 573 875 573 873 573 842 578 767 596 740 578 731 573 729 573 728 573 726 573 724 573 722 573 715 578 692 598 661 598 636 582 634 582 633 582 631 582 629 582 604 596 552 596 534 580 534 578 532 578 530 578 529 578 523 578 475 591 459 578 448 570 446 570 444 570 442 570 441 570 439 570 426 578 417 586 410 578 398 568 398 566 396 566 394 566 313 566 312 566 310 566 308 566 308 568 295 578 281 595 242 578 236 577 234 577 233 577 231 577 225 578 216 582 204 578 164 568 163 568 161 568 159 568 157 568 145 575 145 623"/></Shape>
	    <String CONTENT="باشد دو ساعت در شبانروزی تواند کرد و بعد از"
                    HPOS="143"
                    VPOS="566"
                    WIDTH="963"
                    HEIGHT="77"
                    WC="0.9058225134084391"></String>
          </TextLine>

          
          
          <TextLine ID="eSc_line_71224fc4"
                    TAGREFS="LT4834"
                    BASELINE="147 725 1115 729" 
                    HPOS="145"
                    VPOS="661"
                    WIDTH="970"
                    HEIGHT="99">
            <Shape><Polygon POINTS="147 725 145 754 193 756 195 756 197 756 199 756 200 754 216 742 295 743 308 752 312 756 313 756 315 756 317 756 319 756 320 756 324 752 340 740 351 749 353 749 355 749 356 749 358 749 360 749 376 738 509 738 521 749 529 754 529 756 530 756 532 756 534 756 536 756 559 749 575 743 591 747 633 758 634 758 636 758 789 743 803 743 805 743 833 758 835 758 837 758 839 758 841 758 841 756 857 743 860 740 887 740 893 742 910 758 912 758 914 758 916 760 957 760 957 758 959 758 1022 740 1023 740 1052 758 1054 758 1056 758 1058 758 1059 758 1113 738 1115 729 1111 663 1084 677 1068 673 1066 673 1065 673 1063 673 1061 673 1061 675 1040 693 1011 691 975 666 970 663 968 663 966 663 887 663 885 663 884 663 882 663 873 670 842 691 814 672 801 663 799 663 798 663 765 663 763 663 762 663 760 663 747 673 724 691 692 693 672 675 665 670 665 668 663 668 661 668 631 661 595 661 593 661 591 661 589 661 589 663 572 679 559 690 541 679 539 677 537 677 536 677 534 677 514 681 451 691 437 682 423 670 421 670 419 670 417 670 416 670 376 684 371 686 369 684 342 661 340 661 338 661 337 661 335 661 333 661 295 686 286 691 147 691 147 725"/></Shape>
	    <String CONTENT="ان هر مهم و حسب و کارد نيوی که باشد مشقول شوند و م"
                    HPOS="145"
                    VPOS="661"
                    WIDTH="970"
                    HEIGHT="99"
                    WC="0.8628619408607483"></String>
          </TextLine>

          
          
          <TextLine ID="eSc_line_e9151375"
                    TAGREFS="LT4834"
                    BASELINE="138 815 1108 824" 
                    HPOS="136"
                    VPOS="758"
                    WIDTH="972"
                    HEIGHT="97">
            <Shape><Polygon POINTS="138 815 136 826 173 840 175 840 177 840 179 840 195 831 208 844 208 846 209 846 211 846 213 847 286 847 286 846 288 846 290 846 303 835 331 847 333 847 335 849 376 849 376 847 378 847 380 847 401 829 423 844 425 844 426 844 428 844 430 844 468 829 534 840 536 840 537 840 554 833 568 846 570 846 572 846 573 846 575 846 577 846 597 831 701 831 710 838 710 840 711 840 713 840 715 840 717 840 737 833 762 846 763 846 765 846 767 846 805 833 823 849 823 851 824 851 826 851 828 851 959 835 1014 853 1016 853 1018 855 1072 855 1072 853 1074 853 1075 853 1106 833 1108 824 1106 770 1054 765 1052 765 1050 765 1034 770 982 790 948 790 916 772 907 767 905 767 903 767 902 767 900 767 894 772 880 781 729 786 715 774 704 763 704 761 702 761 701 761 699 761 697 761 667 774 654 779 649 774 636 763 636 761 634 761 633 761 573 761 572 761 570 761 568 761 568 763 555 774 545 785 527 776 525 776 523 776 521 776 493 783 484 776 480 772 480 770 478 770 477 770 475 770 473 770 460 776 451 779 442 776 421 765 419 765 417 765 416 765 414 765 414 767 403 776 398 783 344 783 319 783 313 777 295 761 294 761 292 761 199 758 197 758 195 758 193 758 163 777 159 779 138 779 138 815"/></Shape>
	    <String CONTENT="شريعت خداى پرست ورستگار بود و آمر و نواهی فيقت"
                    HPOS="136"
                    VPOS="758"
                    WIDTH="972"
                    HEIGHT="97"
                    WC="0.9326405296934411"></String>
          </TextLine>

          
          
          <TextLine ID="eSc_line_76c6d95f"
                    TAGREFS="LT4834"
                    BASELINE="156 917 1113 919" 
                    HPOS="154"
                    VPOS="855"
                    WIDTH="959"
                    HEIGHT="89">
            <Shape><Polygon POINTS="156 917 154 933 168 942 170 942 172 942 173 944 243 944 243 942 245 942 247 942 247 941 260 930 261 928 263 930 301 942 303 942 304 944 374 944 374 942 376 942 378 942 392 930 394 928 396 930 425 942 426 942 428 942 430 942 480 930 489 928 534 928 537 930 555 942 557 942 559 942 561 942 563 942 588 930 591 928 593 930 609 937 611 937 613 937 615 937 631 930 633 928 634 930 656 942 658 942 659 942 661 942 663 942 690 930 693 928 774 928 776 930 789 941 789 942 790 942 792 942 794 942 857 930 866 928 961 928 964 930 982 942 984 942 986 942 988 942 989 942 1029 932 1095 942 1097 942 1099 942 1101 942 1111 930 1113 919 1113 885 1083 856 1083 855 1081 855 1079 855 1077 855 1075 855 1016 883 977 871 975 871 973 871 971 871 946 885 878 885 805 856 803 856 801 856 799 856 754 881 715 881 685 856 685 855 683 855 681 855 631 855 629 855 627 855 625 855 579 883 579 885 563 885 563 883 532 860 530 860 529 860 527 860 525 860 523 860 523 862 500 883 500 885 468 885 468 883 435 856 435 855 433 855 432 855 387 855 385 855 383 855 381 855 381 856 364 872 342 858 340 858 338 858 337 858 335 858 333 858 310 878 290 860 288 860 286 860 240 855 238 855 236 855 234 855 200 883 199 883 156 883 156 917"/></Shape>
	    <String CONTENT="شوار ترست بدان سيب که مرد حفيقت اگر طرفه العينی"
                    HPOS="154"
                    VPOS="855"
                    WIDTH="959"
                    HEIGHT="89"
                    WC="0.8576599885808661"></String>
          </TextLine>

          
          
          <TextLine ID="eSc_line_f9579e56"
                    TAGREFS="LT4834"
                    BASELINE="156 1010 1194 1010" 
                    HPOS="156"
                    VPOS="955"
                    WIDTH="1038"
                    HEIGHT="93">
            <Shape><Polygon POINTS="1160 989 1149 958 1113 978 1049 964 1047 964 1045 964 1043 964 1043 966 1027 980 875 980 853 962 846 957 844 957 842 957 841 957 839 957 821 964 789 976 762 964 754 962 753 962 751 962 749 962 738 966 699 978 622 978 607 969 602 964 600 964 598 964 597 964 552 969 541 971 539 971 520 955 518 955 516 955 378 955 376 955 374 955 373 955 346 975 338 980 317 980 304 976 209 955 208 955 206 955 156 978 156 1010 156 1036 234 1046 236 1046 238 1046 258 1036 272 1028 288 1036 315 1046 317 1046 319 1046 320 1046 322 1046 337 1036 338 1034 349 1036 392 1039 394 1039 396 1039 407 1034 416 1028 423 1034 439 1046 441 1046 442 1046 444 1048 471 1048 471 1046 473 1046 475 1046 475 1045 487 1034 489 1032 491 1034 503 1045 503 1046 505 1046 507 1046 509 1048 586 1048 586 1046 588 1046 624 1032 633 1028 641 1032 674 1046 676 1046 677 1046 679 1046 711 1032 720 1028 728 1032 749 1041 751 1041 753 1041 837 1030 858 1028 864 1030 893 1043 894 1043 896 1043 898 1043 945 1030 946 1030 948 1030 1049 1041 1050 1041 1194 1027 1194 1010 1194 955 1163 955 1162 955 1160 955 1160 989"/></Shape>
	    <String CONTENT="نماز و روزه دطاعت امر و نوای باطی باز ماند و غافل شو"
                    HPOS="156"
                    VPOS="955"
                    WIDTH="1038"
                    HEIGHT="93"
                    WC="0.8926565836255367"></String>
          </TextLine>

          
          
          <TextLine ID="eSc_line_909b0411"
                    TAGREFS="LT4834"
                    BASELINE="136 1105 1115 1116" 
                    HPOS="134"
                    VPOS="1046"
                    WIDTH="981"
                    HEIGHT="94">
            <Shape><Polygon POINTS="136 1105 134 1113 299 1131 301 1131 303 1131 342 1118 423 1127 425 1127 478 1120 491 1129 493 1129 494 1129 496 1129 498 1129 500 1129 511 1122 521 1131 521 1132 523 1132 525 1132 527 1132 606 1120 622 1132 624 1132 625 1132 627 1132 629 1132 658 1125 789 1136 790 1136 937 1123 945 1123 946 1123 984 1138 986 1138 988 1140 1084 1140 1084 1138 1086 1138 1113 1125 1115 1116 1115 1084 1063 1082 1029 1061 1027 1061 1025 1061 1023 1061 1022 1061 982 1080 918 1061 916 1061 914 1061 912 1061 864 1079 826 1052 824 1052 823 1052 787 1050 754 1050 753 1050 751 1050 693 1077 665 1052 663 1052 661 1052 659 1052 658 1052 656 1052 622 1075 575 1075 552 1055 550 1055 548 1055 546 1055 545 1055 543 1055 536 1062 521 1050 521 1048 520 1048 518 1048 460 1046 459 1046 457 1046 455 1046 417 1075 396 1075 374 1055 374 1053 373 1053 371 1053 369 1053 367 1053 365 1053 344 1070 324 1052 322 1052 320 1052 319 1052 317 1052 315 1052 283 1071 208 1052 206 1052 204 1052 202 1052 200 1052 200 1053 179 1073 136 1073 136 1105"/></Shape>
	    <String CONTENT="در آن وفت هر چه گويد و ببندو کندنه ب سوی خدا باشد"
                    HPOS="134"
                    VPOS="1046"
                    WIDTH="981"
                    HEIGHT="94"
                    WC="0.920268828868866"></String>
          </TextLine>

          
          
          <TextLine ID="eSc_line_c889ae1e"
                    TAGREFS="LT4834"
                    BASELINE="141 1202 1110 1213" 
                    HPOS="139"
                    VPOS="1138"
                    WIDTH="971"
                    HEIGHT="100">
            <Shape><Polygon POINTS="141 1202 139 1213 170 1229 172 1229 173 1229 224 1220 267 1229 268 1229 270 1229 312 1217 326 1229 326 1231 328 1231 329 1231 331 1233 362 1233 362 1231 364 1231 365 1231 385 1217 448 1217 503 1218 516 1231 516 1233 518 1233 520 1233 521 1233 523 1233 559 1224 597 1233 598 1233 600 1233 602 1233 604 1233 604 1231 618 1218 652 1235 654 1235 656 1235 785 1220 841 1236 842 1236 844 1236 946 1222 988 1238 989 1238 991 1238 993 1238 1031 1227 1092 1238 1093 1238 1095 1238 1097 1238 1097 1236 1108 1224 1110 1213 1110 1147 997 1147 995 1147 993 1147 989 1148 939 1174 896 1172 876 1154 876 1152 875 1152 873 1152 871 1152 869 1152 867 1152 835 1174 803 1152 790 1143 789 1143 787 1143 763 1143 762 1143 760 1143 758 1143 758 1145 749 1154 729 1172 695 1159 693 1159 692 1159 690 1159 667 1172 650 1156 645 1150 645 1148 643 1148 641 1148 602 1147 600 1147 598 1147 573 1157 570 1157 566 1157 548 1152 546 1152 545 1152 543 1152 541 1152 536 1157 521 1168 509 1157 503 1154 502 1154 500 1154 498 1154 496 1154 485 1159 464 1170 419 1170 410 1159 398 1150 398 1148 396 1148 394 1148 392 1148 390 1148 389 1148 371 1161 358 1170 329 1170 313 1163 258 1138 256 1138 254 1138 252 1138 251 1138 251 1140 233 1157 209 1147 208 1147 206 1147 204 1147 202 1147 179 1165 175 1166 141 1166 141 1202"/></Shape>
	    <String CONTENT="بلکه اگر کاسه آبی و يا نقمسه نانی بی باد خدای تعالی ار"
                    HPOS="139"
                    VPOS="1138"
                    WIDTH="971"
                    HEIGHT="100"
                    WC="0.8921868215907703"></String>
          </TextLine>

          
          
          <TextLine ID="eSc_line_feaaaf89"
                    TAGREFS="LT4834"
                    BASELINE="132 1297 1097 1313" 
                    HPOS="130"
                    VPOS="1226"
                    WIDTH="967"
                    HEIGHT="116">
            <Shape><Polygon POINTS="132 1297 130 1306 181 1328 182 1328 184 1328 186 1328 188 1328 204 1317 233 1326 234 1326 236 1326 238 1326 268 1310 288 1321 290 1321 292 1321 294 1321 312 1312 356 1321 358 1321 421 1312 450 1333 451 1333 453 1333 455 1333 457 1333 530 1315 677 1337 679 1338 740 1338 740 1337 742 1337 744 1337 771 1317 772 1317 792 1317 792 1319 812 1337 812 1338 814 1338 815 1338 817 1338 819 1338 858 1326 916 1340 918 1340 919 1340 921 1340 923 1340 923 1338 941 1321 943 1321 988 1321 995 1322 1056 1342 1058 1342 1059 1342 1061 1342 1095 1324 1097 1313 1097 1272 1036 1236 1034 1236 1032 1236 928 1235 927 1235 925 1235 923 1235 902 1254 882 1235 882 1233 880 1233 878 1233 876 1233 875 1233 808 1252 778 1231 776 1231 774 1231 735 1231 733 1231 731 1231 729 1231 672 1270 670 1270 650 1270 625 1269 607 1254 606 1254 604 1254 602 1254 600 1254 564 1269 550 1254 550 1252 548 1252 546 1252 545 1252 543 1252 541 1252 525 1265 482 1229 480 1229 478 1229 451 1226 450 1226 448 1226 446 1226 396 1265 276 1265 265 1254 265 1252 263 1252 261 1252 260 1252 132 1261 132 1297"/></Shape>
	    <String CONTENT="ررفع تتشنگی و گرسنگی خورد او را رفع نکند و آن آب"
                    HPOS="130"
                    VPOS="1226"
                    WIDTH="967"
                    HEIGHT="116"
                    WC="0.9241900438070297"></String>
          </TextLine>

          
          
          <TextLine ID="eSc_line_e0518deb"
                    TAGREFS="LT4834"
                    BASELINE="129 1401 1110 1398" 
                    HPOS="127"
                    VPOS="1344"
                    WIDTH="983"
                    HEIGHT="91">
            <Shape><Polygon POINTS="129 1401 129 1414 179 1432 181 1432 182 1432 270 1414 285 1412 304 1414 405 1428 407 1428 408 1428 435 1414 441 1412 532 1412 572 1414 604 1416 622 1432 622 1434 624 1434 625 1434 627 1435 713 1435 713 1434 715 1434 751 1414 753 1412 803 1410 808 1414 841 1434 842 1434 844 1434 846 1434 936 1417 982 1417 1007 1432 1009 1432 1011 1432 1013 1432 1014 1432 1066 1414 1075 1410 1079 1414 1092 1423 1093 1423 1095 1423 1097 1423 1099 1423 1101 1423 1110 1416 1110 1398 1102 1344 1081 1356 1066 1347 1065 1347 1063 1347 1061 1347 1059 1347 1058 1347 1032 1365 993 1346 991 1346 989 1346 988 1346 980 1347 932 1358 921 1347 918 1346 918 1344 916 1344 914 1344 912 1344 910 1344 909 1344 903 1347 878 1365 828 1349 824 1349 823 1349 821 1349 819 1349 817 1349 817 1351 801 1367 769 1367 749 1351 740 1344 738 1344 737 1344 659 1344 658 1344 656 1344 633 1355 602 1369 530 1369 514 1356 498 1346 496 1346 494 1346 493 1346 491 1346 450 1358 423 1367 410 1360 390 1346 389 1346 387 1346 385 1346 267 1362 233 1367 227 1364 209 1347 209 1346 208 1346 206 1346 154 1346 152 1346 150 1346 148 1346 127 1358 129 1401"/></Shape>
	    <String CONTENT="تان براد حرام باشد بحکم حفيقت داو مرد حفيقت وال"
                    HPOS="127"
                    VPOS="1344"
                    WIDTH="983"
                    HEIGHT="91"
                    WC="0.8689560319514985"></String>
          </TextLine>

          
          
          <TextLine ID="eSc_line_dee37f9a"
                    TAGREFS="LT4834"
                    BASELINE="134 1505 1110 1505" 
                    HPOS="134"
                    VPOS="1435"
                    WIDTH="976"
                    HEIGHT="94">
            <Shape><Polygon POINTS="134 1505 134 1514 150 1527 152 1527 154 1527 156 1527 157 1527 200 1512 211 1512 238 1512 240 1512 258 1527 260 1527 261 1527 263 1527 265 1527 267 1527 267 1525 281 1514 295 1525 297 1525 299 1525 301 1525 367 1514 369 1514 381 1525 381 1527 383 1527 385 1527 387 1529 441 1529 441 1527 442 1527 444 1527 457 1516 460 1512 478 1516 503 1521 505 1521 552 1518 611 1512 627 1520 645 1527 647 1527 649 1527 650 1527 668 1520 688 1512 708 1520 726 1527 728 1527 729 1527 756 1521 792 1512 806 1521 814 1527 815 1527 817 1527 819 1527 851 1523 923 1512 936 1525 937 1525 937 1527 939 1527 941 1527 943 1527 945 1527 954 1525 993 1512 1007 1525 1007 1527 1009 1527 1011 1527 1013 1529 1049 1529 1049 1527 1050 1527 1052 1527 1070 1512 1106 1527 1110 1505 1110 1453 1065 1435 1063 1435 1061 1435 1059 1435 1058 1435 1058 1437 1038 1455 1034 1460 988 1460 982 1457 959 1437 959 1435 957 1435 955 1435 900 1435 898 1435 896 1435 894 1435 860 1459 851 1464 842 1459 806 1435 805 1435 803 1435 699 1435 697 1435 695 1435 693 1435 693 1437 668 1460 663 1468 613 1468 604 1460 591 1453 589 1453 588 1453 586 1453 584 1453 568 1462 559 1468 509 1468 496 1462 408 1435 407 1435 405 1435 403 1435 401 1435 362 1464 358 1468 312 1468 310 1466 285 1446 283 1446 281 1446 279 1446 277 1446 227 1466 202 1442 200 1442 199 1442 197 1442 195 1442 134 1466 134 1505"/></Shape>
	    <String CONTENT="باطن نبود ملکه هر طاعتی که کرده باشد ضايع بود و او خدای"
                    HPOS="134"
                    VPOS="1435"
                    WIDTH="976"
                    HEIGHT="94"
                    WC="0.8860973878340288"></String>
          </TextLine>

          
          
          <TextLine ID="eSc_line_382220cb"
                    TAGREFS="LT4834"
                    BASELINE="134 1595 1101 1588" 
                    HPOS="132"
                    VPOS="1532"
                    WIDTH="969"
                    HEIGHT="84">
            <Shape><Polygon POINTS="134 1595 134 1604 364 1616 365 1616 367 1616 369 1616 369 1615 381 1602 383 1602 405 1602 604 1615 606 1615 607 1615 649 1600 652 1600 681 1600 683 1600 693 1611 693 1613 695 1613 697 1613 699 1613 701 1613 749 1600 753 1600 754 1600 821 1613 823 1613 824 1613 876 1598 882 1598 889 1598 954 1609 955 1609 957 1609 959 1609 959 1607 968 1598 988 1609 989 1609 991 1609 1099 1597 1101 1588 1099 1550 1074 1541 1072 1541 1070 1541 1068 1541 1066 1541 1054 1550 1047 1555 970 1555 964 1552 936 1532 934 1532 932 1532 930 1532 928 1532 887 1545 858 1532 857 1532 855 1532 853 1532 792 1554 787 1555 783 1554 774 1546 772 1546 771 1546 769 1546 692 1555 681 1555 679 1555 668 1545 668 1543 667 1543 665 1543 663 1543 636 1548 624 1537 622 1537 620 1537 552 1536 550 1536 548 1536 475 1557 441 1536 439 1536 437 1536 435 1536 433 1536 432 1536 417 1546 329 1545 328 1545 326 1545 324 1545 306 1559 238 1537 236 1537 234 1537 132 1561 134 1595"/></Shape>
	    <String CONTENT="رست درسسنگار نبود جماعتی که خود را بدين قوت می ببند"
                    HPOS="132"
                    VPOS="1532"
                    WIDTH="969"
                    HEIGHT="84"
                    WC="0.917355711553611"></String>
          </TextLine>

          
          
          <TextLine ID="eSc_line_454bb44b"
                    TAGREFS="LT4834"
                    BASELINE="136 1683 1111 1697" 
                    HPOS="134"
                    VPOS="1620"
                    WIDTH="977"
                    HEIGHT="102">
            <Shape><Polygon POINTS="136 1683 134 1695 213 1710 215 1710 216 1710 243 1697 256 1692 274 1697 308 1708 310 1708 312 1708 313 1708 315 1708 315 1706 326 1697 328 1695 333 1697 349 1704 351 1704 353 1704 355 1704 369 1697 378 1693 392 1697 441 1713 442 1713 444 1713 446 1713 448 1713 469 1699 469 1697 512 1697 514 1699 532 1713 532 1715 534 1715 536 1715 537 1715 539 1715 588 1699 593 1697 597 1699 620 1717 622 1717 624 1717 625 1719 688 1719 688 1717 690 1717 692 1717 692 1715 708 1701 710 1699 740 1699 744 1701 774 1719 776 1719 778 1719 780 1719 837 1708 873 1720 875 1720 876 1720 878 1720 930 1704 941 1715 943 1715 945 1715 946 1715 948 1715 973 1706 991 1722 993 1722 995 1722 997 1722 998 1722 1036 1704 1070 1704 1081 1713 1081 1715 1083 1715 1084 1715 1086 1715 1088 1715 1110 1702 1111 1697 1111 1658 1065 1641 1063 1641 1061 1641 1002 1656 998 1656 997 1656 869 1629 867 1629 866 1629 817 1645 780 1631 778 1631 776 1631 774 1631 772 1631 744 1652 742 1652 711 1627 710 1627 708 1627 663 1627 661 1627 659 1627 609 1652 606 1654 555 1654 554 1650 534 1632 534 1631 532 1631 530 1631 505 1627 503 1627 502 1627 460 1650 457 1652 385 1652 360 1650 360 1649 333 1624 333 1622 331 1622 329 1622 261 1620 238 1620 236 1620 234 1620 233 1620 197 1647 195 1647 136 1647 136 1683"/></Shape>
	    <String CONTENT="و يا مرو تواهى حقيقى قتام ميتواند يمود و الا آنكه دست"
                    HPOS="134"
                    VPOS="1620"
                    WIDTH="977"
                    HEIGHT="102"
                    WC="0.8672259935626278"></String>
          </TextLine>

          
          
          <TextLine ID="eSc_line_eff244e5"
                    TAGREFS="LT4834"
                    BASELINE="134 1788 1111 1794" 
                    HPOS="132"
                    VPOS="1706"
                    WIDTH="979"
                    HEIGHT="118">
            <Shape><Polygon POINTS="134 1788 132 1805 148 1819 148 1821 150 1821 152 1821 154 1822 347 1822 347 1821 349 1821 351 1821 369 1810 468 1822 469 1822 471 1822 498 1808 502 1806 520 1808 597 1817 598 1817 693 1812 778 1806 806 1814 844 1824 846 1824 848 1824 850 1824 875 1815 896 1808 1108 1819 1111 1794 1110 1747 1061 1747 1059 1745 1049 1735 1047 1735 1045 1735 1043 1735 1041 1735 1014 1744 1011 1747 873 1747 866 1742 860 1736 858 1736 857 1736 855 1736 853 1736 841 1740 830 1745 824 1740 796 1713 796 1711 794 1711 792 1711 790 1711 789 1711 737 1731 713 1710 713 1708 711 1708 710 1708 688 1708 686 1708 685 1708 683 1708 683 1710 654 1736 647 1745 634 1745 627 1736 598 1710 598 1708 597 1708 595 1708 572 1708 570 1708 568 1708 566 1708 566 1710 537 1733 507 1708 505 1708 503 1708 502 1708 500 1708 498 1708 480 1720 419 1713 417 1713 416 1713 414 1713 403 1720 387 1708 387 1706 385 1706 383 1706 381 1706 313 1715 304 1708 304 1706 303 1706 301 1706 200 1706 199 1706 197 1706 195 1706 173 1722 159 1710 157 1710 156 1710 154 1710 152 1710 150 1710 134 1720 134 1788"/></Shape>
	    <String CONTENT="از طاعت شريعت کوتاه نکند که خسر الدنيا و الآخره"
                    HPOS="132"
                    VPOS="1706"
                    WIDTH="979"
                    HEIGHT="118"
                    WC="0.9317888803780079"></String>
          </TextLine>

          
        </TextBlock>
        
        <TextBlock HPOS="559"
                   VPOS="172"
                   WIDTH="163"
                   HEIGHT="77"
                   ID="eSc_textblock_655e8ebc"
                   TAGREFS="BT16059">
          <Shape><Polygon POINTS="581 172 701 172 722 227 573 249 559 193 581 172"/></Shape>
          
          
          <TextLine ID="eSc_line_570fa6b9"
                    TAGREFS="LT4834"
                    BASELINE="586 218 672 213" 
                    HPOS="582"
                    VPOS="172"
                    WIDTH="90"
                    HEIGHT="69">
            <Shape><Polygon POINTS="654 172 636 172 618 172 616 172 582 184 586 218 586 241 672 233 672 213 668 172 654 172"/></Shape>
	    <String CONTENT="ع"
                    HPOS="582"
                    VPOS="172"
                    WIDTH="90"
                    HEIGHT="69"
                    WC="0.9947468638420105"></String>
          </TextLine>

          
        </TextBlock>
        
        <TextBlock HPOS="93"
                   VPOS="1835"
                   WIDTH="1074"
                   HEIGHT="99"
                   ID="eSc_textblock_c3c38963"
                   TAGREFS="BT16058">
          <Shape><Polygon POINTS="459 1835 1153 1842 1167 1905 616 1934 543 1905 129 1905 93 1883 100 1849 143 1842 459 1835"/></Shape>
          
          
          <TextLine ID="eSc_line_ebb064fe"
                    TAGREFS="LT4834"
                    BASELINE="607 1892 1111 1882" 
                    HPOS="606"
                    VPOS="1840"
                    WIDTH="505"
                    HEIGHT="90">
            <Shape><Polygon POINTS="607 1892 611 1926 625 1917 647 1925 663 1930 665 1930 667 1930 668 1930 670 1930 677 1923 693 1910 713 1921 722 1926 724 1926 772 1928 774 1928 776 1928 823 1916 826 1916 839 1926 841 1926 842 1926 844 1926 846 1926 848 1926 867 1914 882 1905 918 1912 934 1914 936 1914 937 1914 939 1914 939 1912 941 1912 941 1910 948 1903 980 1909 1007 1912 1009 1912 1111 1901 1111 1882 1106 1840 855 1855 846 1849 828 1840 826 1840 824 1840 767 1851 747 1842 746 1842 744 1842 643 1846 641 1846 606 1858 607 1892"/></Shape>
	    <String CONTENT="شآيهاا از سوره اججل"
                    HPOS="606"
                    VPOS="1840"
                    WIDTH="505"
                    HEIGHT="90"
                    WC="0.8003384232521057"></String>
          </TextLine>

          
        </TextBlock>
        
        <TextBlock HPOS="537"
                   VPOS="1935"
                   WIDTH="164"
                   HEIGHT="106"
                   ID="eSc_textblock_e4a8944d"
                   TAGREFS="BT16061">
          <Shape><Polygon POINTS="581 1935 701 1957 701 2012 672 2041 537 2012 537 1950 581 1935"/></Shape>
          
          
          <TextLine ID="eSc_line_951551d7"
                    TAGREFS="LT4834"
                    BASELINE="566 1991 668 1986" 
                    HPOS="563"
                    VPOS="1944"
                    WIDTH="105"
                    HEIGHT="99">
            <Shape><Polygon POINTS="652 1948 641 1944 563 1952 566 1991 568 2043 668 2023 668 1986 663 1948 652 1948"/></Shape>
	    <String CONTENT="شد"
                    HPOS="563"
                    VPOS="1944"
                    WIDTH="105"
                    HEIGHT="99"
                    WC="0.9979640245437622"></String>
          </TextLine>

          
        </TextBlock>
        
        <TextBlock HPOS="1154"
                   VPOS="953"
                   WIDTH="70"
                   HEIGHT="77"
                   ID="eSc_textblock_56b46117"
                   TAGREFS="BT16062">
          <Shape><Polygon POINTS="1169 953 1224 967 1210 1030 1154 1030 1169 953"/></Shape>
          
        </TextBlock>
        

        
      </PrintSpace>
    </Page>
  </Layout>
</alto>
