<?xml version="1.0" encoding="UTF-8"?>
<alto xmlns:xsi="http://www.w3.org/2001/XMLSchema-instance"
      xmlns="http://www.loc.gov/standards/alto/ns-v4#"
      xsi:schemaLocation="http://www.loc.gov/standards/alto/ns-v4# http://www.loc.gov/standards/alto/v4/alto-4-2.xsd">
  <Description>
    <MeasurementUnit>pixel</MeasurementUnit>
    <sourceImageInformation>
      <fileName>TwoIsmailiTreatises021.jpg</fileName>
      
    </sourceImageInformation>
  </Description>
  
  <Tags>
    <OtherTag ID="BT16074" LABEL="MarginTextZone:commentary" DESCRIPTION="block type MarginTextZone:commentary"/><OtherTag ID="BT16073" LABEL="MarginTextZone:note#1" DESCRIPTION="block type MarginTextZone:note#1"/><OtherTag ID="BT16072" LABEL="MainZone:column#2" DESCRIPTION="block type MainZone:column#2"/><OtherTag ID="BT16071" LABEL="MainZone:column#3" DESCRIPTION="block type MainZone:column#3"/><OtherTag ID="BT16070" LABEL="GraphicZone:illustration" DESCRIPTION="block type GraphicZone:illustration"/><OtherTag ID="BT16069" LABEL="MainZone:column#1" DESCRIPTION="block type MainZone:column#1"/><OtherTag ID="BT16068" LABEL="MarginTextZone:note#2" DESCRIPTION="block type MarginTextZone:note#2"/><OtherTag ID="BT16067" LABEL="CustomZone:publication" DESCRIPTION="block type CustomZone:publication"/><OtherTag ID="BT16066" LABEL="RunningTitleZone" DESCRIPTION="block type RunningTitleZone"/><OtherTag ID="BT16065" LABEL="NumberingZone" DESCRIPTION="block type NumberingZone"/><OtherTag ID="BT16064" LABEL="default" DESCRIPTION="block type default"/><OtherTag ID="BT16063" LABEL="TitlePageZone" DESCRIPTION="block type TitlePageZone"/><OtherTag ID="BT16062" LABEL="NumberingZone:other" DESCRIPTION="block type NumberingZone:other"/><OtherTag ID="BT16061" LABEL="QuireMarksZone:catchwords" DESCRIPTION="block type QuireMarksZone:catchwords"/><OtherTag ID="BT16060" LABEL="MainZone" DESCRIPTION="block type MainZone"/><OtherTag ID="BT16059" LABEL="NumberingZone:page" DESCRIPTION="block type NumberingZone:page"/><OtherTag ID="BT16058" LABEL="MarginTextZone:note" DESCRIPTION="block type MarginTextZone:note"/><OtherTag ID="BT16057" LABEL="DigitizationArtefactZone" DESCRIPTION="block type DigitizationArtefactZone"/><OtherTag ID="BT4" LABEL="Illustration" DESCRIPTION="block type Illustration"/><OtherTag ID="BT3" LABEL="Commentary" DESCRIPTION="block type Commentary"/><OtherTag ID="BT2" LABEL="Main" DESCRIPTION="block type Main"/><OtherTag ID="BT1" LABEL="Title" DESCRIPTION="block type Title"/>
    <OtherTag ID="LT4834" LABEL="DefaultLine" DESCRIPTION="line type DefaultLine"/><OtherTag ID="LT4835" LABEL="HeadingLine:title" DESCRIPTION="line type HeadingLine:title"/>
  </Tags>
  
  <Layout>
    <Page WIDTH="1503"
          HEIGHT="2165"
          PHYSICAL_IMG_NR="17"
          ID="eSc_dummypage_">
      <PrintSpace HPOS="0"
                  VPOS="0"
                  WIDTH="1503"
                  HEIGHT="2165">
        
        <TextBlock HPOS="72"
                   VPOS="259"
                   WIDTH="1055"
                   HEIGHT="1702"
                   ID="eSc_textblock_6a05f1bb"
                   TAGREFS="BT16060">
          <Shape><Polygon POINTS="129 259 1091 281 1127 909 1098 1939 122 1961 72 1932 79 360 93 281 129 259"/></Shape>
          
          
          <TextLine ID="eSc_line_e7775a82"
                    TAGREFS="LT4834"
                    BASELINE="108 340 925 346" 
                    HPOS="106"
                    VPOS="281"
                    WIDTH="819"
                    HEIGHT="101">
            <Shape><Polygon POINTS="108 340 106 355 175 357 193 375 193 377 194 377 196 377 198 377 341 360 404 378 405 378 407 378 409 378 445 360 467 360 496 360 501 360 541 373 543 373 544 373 602 362 615 360 618 362 651 380 653 380 654 380 656 380 658 380 658 378 673 366 691 373 692 373 694 373 696 373 718 364 734 378 734 380 736 380 737 380 739 382 811 382 811 380 813 380 815 380 835 366 837 364 846 366 893 375 894 375 896 375 923 366 925 346 923 310 894 310 894 308 869 286 869 285 867 285 866 285 864 285 799 299 779 283 777 283 775 283 703 283 701 283 700 283 665 301 647 283 647 281 645 281 644 281 642 281 640 281 638 281 638 283 613 306 604 306 552 306 523 281 521 281 519 281 485 281 483 281 481 281 479 281 479 283 454 306 452 306 371 306 371 304 346 286 344 286 342 286 341 286 295 294 272 281 270 281 268 281 212 288 211 288 209 288 187 304 185 304 108 304 108 340"/></Shape>
	    <String CONTENT="و در فصل مبارک می فرمايد که مردی از مولانا پرسيد"
                    HPOS="106"
                    VPOS="281"
                    WIDTH="819"
                    HEIGHT="101"
                    WC="0.9078970762590567"></String>
          </TextLine>

          
          
          <TextLine ID="eSc_line_ee35ee51"
                    TAGREFS="LT4834"
                    BASELINE="102 440 1075 443" 
                    HPOS="101"
                    VPOS="384"
                    WIDTH="974"
                    HEIGHT="92">
            <Shape><Polygon POINTS="102 440 101 458 117 467 119 467 120 467 169 461 184 472 185 472 187 472 189 472 191 472 212 463 308 472 310 472 312 472 313 472 313 470 328 460 474 472 476 472 478 472 528 460 586 474 588 474 590 476 705 476 705 474 707 474 709 474 709 472 721 461 811 461 824 472 824 474 826 474 828 474 829 474 909 461 994 474 995 474 1073 460 1075 443 1073 386 1019 386 1017 386 1015 386 1014 386 1014 387 997 402 985 395 983 395 981 395 979 395 977 395 976 395 952 409 903 396 902 396 900 396 898 396 864 411 728 411 709 391 709 389 707 389 705 389 645 386 644 386 642 386 593 409 582 396 582 395 580 395 579 395 577 395 575 395 525 407 470 384 469 384 467 384 458 384 414 387 413 387 375 409 211 409 164 384 162 384 102 384 102 440"/></Shape>
	    <String CONTENT="كه شما باز خواهيد آمد و اين كارا را خواى كرد چون آن مرد ز باند"
                    HPOS="101"
                    VPOS="384"
                    WIDTH="974"
                    HEIGHT="92"
                    WC="0.8888779222033918"></String>
          </TextLine>

          
          
          <TextLine ID="eSc_line_d2fed6f2"
                    TAGREFS="LT4834"
                    BASELINE="102 539 1066 544" 
                    HPOS="101"
                    VPOS="492"
                    WIDTH="965"
                    HEIGHT="85">
            <Shape><Polygon POINTS="102 539 101 561 115 571 117 571 119 571 120 571 122 571 158 561 203 571 205 571 207 571 209 571 211 571 211 570 223 559 371 559 389 559 409 571 411 571 413 571 414 571 499 561 566 573 568 573 570 573 595 561 745 575 746 577 889 577 889 575 891 575 918 564 992 575 994 575 1064 561 1066 544 1062 506 986 514 965 506 943 497 941 497 873 496 871 496 869 496 867 496 849 506 837 514 808 506 766 496 765 496 763 496 712 506 689 512 667 506 617 494 615 494 613 494 611 494 582 508 579 510 517 512 512 508 499 496 499 494 497 494 496 494 494 494 422 503 405 492 404 492 402 492 400 492 398 492 357 508 351 512 234 512 232 508 223 501 223 499 221 499 220 499 218 499 216 499 214 499 202 508 200 510 196 508 164 499 162 499 160 499 102 508 102 539"/></Shape>
	    <String CONTENT="نبود بر مولانايفتی جال بود مولاناحرف او را گرداند و ندی در ميا"
                    HPOS="101"
                    VPOS="492"
                    WIDTH="965"
                    HEIGHT="85"
                    WC="0.8612418626585314"></String>
          </TextLine>

          
          
          <TextLine ID="eSc_line_f000eedf"
                    TAGREFS="LT4834"
                    BASELINE="106 647 1071 644" 
                    HPOS="104"
                    VPOS="584"
                    WIDTH="967"
                    HEIGHT="94">
            <Shape><Polygon POINTS="106 647 106 656 149 676 151 676 153 676 155 676 156 676 185 656 189 656 258 656 259 658 270 667 270 669 272 669 274 669 276 669 277 669 299 658 303 656 304 658 335 672 337 672 339 672 341 672 384 660 409 676 411 676 413 676 414 676 416 676 418 676 418 674 434 660 461 660 483 676 485 676 487 676 488 678 570 678 570 676 571 676 573 676 599 658 608 654 627 654 633 658 647 672 647 674 649 674 651 674 653 674 761 660 797 654 804 660 817 671 819 671 820 671 822 671 896 663 920 672 922 672 923 672 925 672 949 660 956 656 965 660 988 671 990 671 992 671 1069 660 1071 644 1062 589 1032 611 941 611 916 593 911 589 909 589 907 589 905 589 903 589 893 595 869 604 860 595 849 586 849 584 848 584 846 584 797 584 795 584 793 584 792 584 792 586 779 597 766 608 754 598 752 595 750 595 748 595 746 595 745 595 743 595 739 598 725 608 714 598 709 595 709 593 707 593 705 593 703 593 701 593 700 593 700 595 694 598 683 609 662 600 656 598 654 598 653 598 651 598 642 600 608 609 599 602 579 586 577 586 575 586 514 586 512 586 510 586 508 586 478 604 465 613 395 613 389 608 375 595 373 595 371 595 304 586 303 586 301 586 299 586 265 608 232 593 230 593 229 593 227 593 200 606 155 598 153 598 151 598 104 613 106 647"/></Shape>
	    <String CONTENT="آورد و مولانا او را گفت من ايم يکی از فرزدان ن ببايد اين"
                    HPOS="104"
                    VPOS="584"
                    WIDTH="967"
                    HEIGHT="94"
                    WC="0.8640984234056974"></String>
          </TextLine>

          
          
          <TextLine ID="eSc_line_9bbd7606"
                    TAGREFS="LT4834"
                    BASELINE="102 745 1073 739" 
                    HPOS="101"
                    VPOS="676"
                    WIDTH="972"
                    HEIGHT="103">
            <Shape><Polygon POINTS="102 745 102 779 144 779 144 777 146 777 147 777 178 759 256 768 258 768 333 759 348 772 353 775 353 777 355 777 357 777 359 779 407 779 407 777 409 777 411 777 411 775 416 770 429 757 465 757 483 768 494 775 496 775 497 775 499 777 613 777 613 775 615 775 617 775 629 764 635 759 745 757 752 761 777 773 779 773 781 773 783 773 822 759 833 755 882 757 891 757 916 773 918 773 920 773 922 773 923 773 972 755 1003 773 1005 773 1006 773 1008 773 1010 773 1073 752 1073 739 1066 687 1039 698 1030 687 1019 678 1019 676 1017 676 1015 676 974 676 972 676 970 676 968 676 968 678 956 689 940 707 885 707 835 692 826 690 824 690 822 690 793 694 737 701 728 696 703 678 701 678 700 678 698 678 635 689 593 678 591 678 590 678 588 678 586 678 586 680 564 700 557 709 505 709 497 701 488 694 488 692 487 692 485 692 483 692 481 692 479 692 463 703 454 709 396 709 387 705 348 680 346 680 344 680 342 680 292 681 290 681 288 681 252 705 234 689 232 689 230 689 151 680 149 680 147 680 146 680 101 707 102 745"/></Shape>
	    <String CONTENT="كارها نكند چنان باشد كه من كرده باشم تا آنكه مولانا لذكره"
                    HPOS="101"
                    VPOS="676"
                    WIDTH="972"
                    HEIGHT="103"
                    WC="0.9395384531596611"></String>
          </TextLine>

          
          
          <TextLine ID="eSc_line_6244de0a"
                    TAGREFS="LT4834"
                    BASELINE="104 837 1069 829" 
                    HPOS="102"
                    VPOS="775"
                    WIDTH="967"
                    HEIGHT="87">
            <Shape><Polygon POINTS="104 837 104 851 189 862 191 862 193 862 194 862 194 860 205 851 277 851 281 851 342 862 344 862 404 851 413 849 431 849 557 860 559 860 561 860 586 849 591 847 597 849 622 858 624 858 626 860 678 860 678 858 680 858 682 858 682 856 691 849 692 847 700 849 754 858 756 858 1068 846 1069 829 1068 786 1053 779 1051 779 1050 779 1048 779 1046 779 1046 781 1039 786 1026 799 997 799 986 788 985 786 985 784 983 784 981 784 979 784 977 784 967 788 949 795 941 788 927 775 925 775 923 775 922 775 920 775 918 775 896 790 889 795 882 790 869 779 867 779 866 779 864 779 862 779 833 786 761 777 759 777 757 777 756 777 756 779 741 793 734 799 696 793 663 790 662 790 660 790 651 795 644 799 640 795 624 779 624 777 622 777 620 777 618 777 512 779 510 779 461 799 454 801 449 799 393 779 391 779 389 779 387 779 342 801 339 802 335 801 295 781 294 781 292 781 290 781 288 781 256 802 252 802 146 788 144 788 142 788 102 802 104 837"/></Shape>
	    <String CONTENT="السلام مهدی از کنار مغرب ظهور کرد و به مصر آمد و منر ننهاد"
                    HPOS="102"
                    VPOS="775"
                    WIDTH="967"
                    HEIGHT="87"
                    WC="0.913716877921153"></String>
          </TextLine>

          
          
          <TextLine ID="eSc_line_e32ecf2a"
                    TAGREFS="LT4834"
                    BASELINE="97 936 1071 936" 
                    HPOS="97"
                    VPOS="871"
                    WIDTH="974"
                    HEIGHT="96">
            <Shape><Polygon POINTS="97 936 97 952 171 963 173 963 175 963 212 954 216 952 218 954 227 961 227 963 229 963 230 963 232 963 234 963 236 963 250 954 254 952 263 954 299 961 301 961 357 954 373 952 377 954 387 963 387 965 389 965 391 965 393 967 454 967 454 965 456 965 458 965 458 963 467 954 469 954 470 954 487 965 488 965 490 965 492 965 494 965 496 965 512 954 514 954 519 954 570 965 571 965 573 965 593 956 599 952 600 956 611 963 611 965 613 965 615 965 617 965 618 965 644 956 653 952 663 956 694 965 696 965 698 965 808 956 855 952 858 956 867 963 867 965 869 965 871 965 873 965 1071 956 1071 936 1071 898 1033 884 1032 884 1030 884 1028 884 1026 884 1026 885 1012 900 912 900 900 887 898 887 896 887 894 887 893 887 858 898 829 873 829 871 828 871 826 871 786 871 784 871 783 871 781 871 781 873 756 896 727 871 725 871 723 871 721 871 656 884 633 876 631 876 629 876 627 876 580 894 557 873 557 871 555 871 553 871 525 871 523 871 521 871 519 871 485 898 434 871 433 871 360 871 359 871 357 871 355 871 321 898 265 887 263 887 261 887 259 887 259 889 248 900 151 900 135 885 133 885 131 885 129 885 128 885 97 898 97 936"/></Shape>
	    <String CONTENT="و دمشق را بگرفت و کردن کشان را کردن بشک است و مولانا"
                    HPOS="97"
                    VPOS="871"
                    WIDTH="974"
                    HEIGHT="96"
                    WC="0.9199402871040198"></String>
          </TextLine>

          
          
          <TextLine ID="eSc_line_9825f3c1"
                    TAGREFS="LT4834"
                    BASELINE="101 1019 912 1028 1059 1013" 
                    HPOS="99"
                    VPOS="954"
                    WIDTH="960"
                    HEIGHT="110">
            <Shape><Polygon POINTS="101 1019 99 1033 176 1033 229 1057 230 1057 232 1057 234 1057 295 1039 313 1055 313 1057 315 1057 317 1057 319 1057 387 1046 404 1059 405 1059 407 1059 409 1059 411 1059 434 1050 512 1059 514 1059 516 1059 517 1059 517 1057 541 1035 564 1035 566 1035 620 1060 622 1060 624 1060 673 1059 674 1059 676 1059 701 1037 718 1037 746 1059 748 1059 750 1059 752 1059 846 1046 884 1048 896 1060 896 1062 898 1062 900 1062 902 1064 963 1064 963 1062 965 1062 967 1062 967 1060 990 1039 1057 1039 1059 1013 1053 972 1019 977 1008 972 985 959 983 959 981 959 979 959 977 959 963 972 943 988 911 988 885 972 860 959 858 959 806 958 804 958 802 958 801 958 801 959 783 974 772 983 761 974 741 958 739 958 737 958 736 958 734 958 698 974 676 986 636 986 626 976 606 959 606 958 604 958 602 958 557 956 555 956 553 956 516 976 501 985 369 985 328 983 324 977 303 958 303 956 301 956 299 956 243 954 241 954 239 954 238 954 238 956 218 976 176 956 175 956 173 956 171 956 101 979 101 1019"/></Shape>
	    <String CONTENT="مصطفی نزار گذکره اسجود و اشبيح با فرزندان شان بسلطنت"
                    HPOS="99"
                    VPOS="954"
                    WIDTH="960"
                    HEIGHT="110"
                    WC="0.919067111152869"></String>
          </TextLine>

          
          
          <TextLine ID="eSc_line_a4cbe679"
                    TAGREFS="LT4834"
                    BASELINE="108 1129 1071 1125" 
                    HPOS="106"
                    VPOS="1069"
                    WIDTH="965"
                    HEIGHT="85">
            <Shape><Polygon POINTS="108 1129 108 1136 185 1154 187 1154 189 1154 245 1140 301 1154 303 1154 304 1154 306 1154 308 1154 308 1152 321 1140 324 1138 351 1140 478 1154 479 1154 481 1154 483 1154 483 1152 496 1143 496 1142 499 1143 514 1149 516 1149 517 1151 517 1149 548 1143 590 1136 687 1136 705 1145 712 1151 714 1151 716 1151 761 1152 763 1152 765 1152 777 1147 802 1136 864 1149 887 1152 889 1154 941 1154 941 1152 943 1152 950 1149 977 1138 1008 1151 1014 1152 1015 1152 1017 1152 1071 1151 1071 1125 1069 1089 1039 1078 1037 1078 1035 1078 999 1084 985 1071 985 1069 983 1069 981 1069 979 1069 880 1089 878 1089 759 1069 757 1069 756 1069 754 1069 727 1089 696 1077 694 1077 692 1077 691 1077 689 1077 669 1089 636 1077 635 1077 633 1077 631 1077 629 1077 611 1089 590 1078 588 1078 586 1078 584 1078 582 1078 573 1086 559 1073 559 1071 557 1071 555 1071 530 1071 528 1071 526 1071 476 1091 396 1077 395 1077 393 1077 355 1091 328 1071 326 1071 324 1071 274 1071 272 1071 270 1071 268 1071 268 1073 248 1091 203 1077 202 1077 200 1077 198 1077 196 1077 176 1093 106 1093 108 1129"/></Shape>
	    <String CONTENT="و پادشای در مصر خرور داشت چنانکه عز و علا در خطبه فرموده"
                    HPOS="106"
                    VPOS="1069"
                    WIDTH="965"
                    HEIGHT="85"
                    WC="0.888759375682899"></String>
          </TextLine>

          
          
          <TextLine ID="eSc_line_10ee2132"
                    TAGREFS="LT4834"
                    BASELINE="104 1219 1069 1225" 
                    HPOS="102"
                    VPOS="1156"
                    WIDTH="967"
                    HEIGHT="99">
            <Shape><Polygon POINTS="104 1219 102 1232 137 1250 138 1250 140 1252 225 1252 225 1250 227 1250 229 1250 229 1248 247 1234 304 1246 306 1246 413 1234 429 1250 429 1252 431 1252 433 1252 434 1252 436 1252 461 1241 470 1250 472 1250 474 1250 476 1250 528 1241 537 1248 537 1250 539 1250 541 1250 543 1250 544 1250 573 1235 627 1244 629 1244 687 1235 703 1250 703 1252 705 1252 707 1252 709 1252 710 1252 743 1237 761 1248 763 1248 765 1248 766 1248 768 1248 810 1237 857 1237 871 1252 871 1253 873 1253 875 1253 876 1255 1030 1255 1030 1253 1032 1253 1068 1235 1069 1225 1069 1167 1035 1163 1033 1163 1032 1163 1030 1163 1028 1165 992 1188 972 1188 949 1165 947 1163 947 1161 945 1161 943 1161 900 1161 898 1161 896 1161 894 1161 891 1163 851 1192 777 1192 768 1183 768 1181 766 1181 765 1181 763 1181 761 1181 759 1181 746 1190 705 1174 703 1174 701 1174 700 1174 673 1185 660 1172 660 1170 658 1170 656 1170 654 1170 653 1170 629 1178 611 1167 609 1167 608 1167 606 1167 604 1167 602 1167 570 1190 497 1190 485 1178 485 1176 483 1176 481 1176 479 1176 478 1176 454 1187 429 1160 429 1158 427 1158 425 1158 384 1158 382 1158 380 1158 378 1158 339 1183 303 1160 301 1160 299 1160 297 1160 295 1160 294 1160 256 1188 196 1188 167 1160 167 1158 165 1158 164 1158 104 1156 104 1219"/></Shape>
	    <String CONTENT="که بيمبر می گويد در روز قيامت چشمه آفتاب نخاست از مغرب بر خوا"
                    HPOS="102"
                    VPOS="1156"
                    WIDTH="967"
                    HEIGHT="99"
                    WC="0.9143861416847475"></String>
          </TextLine>

          
          
          <TextLine ID="eSc_line_b9dc062f"
                    TAGREFS="LT4834"
                    BASELINE="110 1326 1068 1318" 
                    HPOS="108"
                    VPOS="1268"
                    WIDTH="960"
                    HEIGHT="83">
            <Shape><Polygon POINTS="110 1326 110 1342 115 1347 117 1347 119 1347 120 1347 169 1338 187 1351 189 1351 191 1351 193 1351 194 1351 196 1351 216 1338 238 1351 239 1351 241 1351 348 1338 364 1336 373 1338 416 1349 418 1349 420 1349 476 1347 478 1347 479 1347 490 1338 492 1336 501 1338 553 1349 555 1349 557 1349 580 1338 588 1335 700 1335 709 1338 727 1347 728 1347 730 1347 788 1338 824 1333 831 1338 839 1344 839 1345 840 1345 842 1345 844 1347 952 1347 952 1345 954 1345 956 1345 965 1338 974 1333 983 1338 994 1344 995 1344 997 1344 999 1344 1019 1338 1041 1333 1062 1338 1068 1318 1064 1289 1014 1289 994 1270 994 1268 992 1268 990 1268 988 1268 986 1268 950 1284 905 1268 903 1268 902 1268 900 1268 851 1286 790 1275 788 1275 786 1275 748 1289 728 1277 727 1277 725 1277 723 1277 721 1277 682 1288 644 1275 642 1275 640 1275 638 1275 636 1275 636 1277 624 1288 588 1270 586 1270 584 1270 582 1270 537 1282 521 1271 519 1271 517 1271 447 1271 445 1271 443 1271 442 1271 418 1291 344 1293 326 1279 324 1279 322 1279 321 1279 319 1279 286 1295 238 1295 223 1282 221 1282 220 1282 218 1282 108 1295 110 1326"/></Shape>
	    <String CONTENT="آمد و ميان آسمان رسد و از انجا باز گردد و در مقرب فرو شود"
                    HPOS="108"
                    VPOS="1268"
                    WIDTH="960"
                    HEIGHT="83"
                    WC="0.9117955252275629"></String>
          </TextLine>

          
          
          <TextLine ID="eSc_line_0e16bee5"
                    TAGREFS="LT4834"
                    BASELINE="104 1425 1073 1421" 
                    HPOS="102"
                    VPOS="1358"
                    WIDTH="971"
                    HEIGHT="92">
            <Shape><Polygon POINTS="104 1425 104 1434 160 1434 175 1446 175 1448 176 1448 178 1448 180 1448 290 1434 369 1434 384 1446 384 1448 386 1448 387 1448 389 1450 465 1450 465 1448 467 1448 508 1434 535 1443 537 1443 539 1443 635 1436 649 1445 651 1445 653 1445 654 1445 656 1445 658 1445 676 1432 725 1432 739 1445 739 1446 741 1446 743 1446 745 1448 797 1448 797 1446 799 1446 824 1432 840 1446 842 1446 844 1446 846 1448 968 1448 968 1446 970 1446 972 1446 990 1432 1026 1439 1028 1439 1073 1428 1073 1421 1071 1383 1037 1362 1035 1362 1033 1362 1032 1362 1030 1362 1028 1362 1001 1385 958 1374 956 1374 954 1374 952 1374 950 1374 932 1385 931 1387 871 1387 869 1385 846 1371 844 1371 842 1371 840 1371 839 1371 784 1385 783 1385 739 1358 737 1358 736 1358 608 1358 606 1358 604 1358 559 1378 535 1369 534 1369 532 1369 530 1369 528 1369 505 1385 501 1389 440 1389 434 1385 393 1367 391 1367 389 1367 387 1367 355 1381 331 1372 330 1372 328 1372 326 1372 324 1372 324 1374 312 1385 292 1378 290 1378 288 1378 286 1378 258 1385 250 1387 248 1385 236 1374 236 1372 234 1372 232 1372 230 1372 229 1372 202 1381 171 1360 169 1360 167 1360 122 1360 120 1360 119 1360 117 1360 117 1362 115 1362 102 1374 104 1425"/></Shape>
	    <String CONTENT="و از مشرق برآيد وهر جاشکه ذکر خورشيد قيامت برند اين عبارت"
                    HPOS="102"
                    VPOS="1358"
                    WIDTH="971"
                    HEIGHT="92"
                    WC="0.9115126338498346"></String>
          </TextLine>

          
          
          <TextLine ID="eSc_line_9dda0041"
                    TAGREFS="LT4834"
                    BASELINE="99 1520 1071 1513" 
                    HPOS="97"
                    VPOS="1443"
                    WIDTH="974"
                    HEIGHT="103">
            <Shape><Polygon POINTS="99 1520 99 1531 171 1546 173 1546 175 1546 203 1537 304 1544 306 1544 308 1544 310 1544 321 1533 322 1533 348 1544 350 1544 351 1544 398 1535 409 1544 411 1544 413 1544 414 1546 552 1546 552 1544 553 1544 571 1535 586 1529 604 1537 624 1542 626 1542 627 1544 660 1544 660 1542 662 1542 663 1542 663 1540 669 1537 676 1529 759 1537 802 1540 804 1540 806 1540 808 1540 811 1537 828 1528 864 1538 873 1540 875 1540 876 1540 898 1538 976 1528 1069 1538 1071 1513 1066 1472 940 1475 932 1470 896 1443 894 1443 893 1443 862 1443 860 1443 858 1443 857 1443 820 1470 811 1477 802 1470 777 1454 775 1454 774 1454 772 1454 770 1454 768 1454 741 1470 728 1479 671 1479 654 1470 599 1445 597 1445 595 1445 521 1446 519 1446 517 1446 517 1448 494 1470 487 1479 469 1470 451 1461 449 1461 447 1461 445 1461 443 1461 429 1470 411 1481 355 1481 344 1470 322 1450 322 1448 321 1448 319 1448 283 1448 281 1448 279 1448 277 1448 243 1470 234 1475 225 1470 194 1448 193 1448 191 1448 117 1448 115 1448 113 1448 111 1448 111 1450 97 1461 99 1520"/></Shape>
	    <String CONTENT="باشد آن بود که مولانا از مغرب ظور کرد و همه چارا گرفت به جلوان"
                    HPOS="97"
                    VPOS="1443"
                    WIDTH="974"
                    HEIGHT="103"
                    WC="0.8931062845956712"></String>
          </TextLine>

          
          
          <TextLine ID="eSc_line_1db01fbf"
                    TAGREFS="LT4834"
                    BASELINE="113 1611 1071 1605" 
                    HPOS="111"
                    VPOS="1551"
                    WIDTH="960"
                    HEIGHT="94">
            <Shape><Polygon POINTS="113 1611 113 1623 140 1638 142 1638 144 1638 146 1638 147 1638 162 1629 285 1630 295 1641 295 1643 297 1643 299 1643 301 1645 348 1645 348 1643 350 1643 351 1643 362 1632 377 1639 378 1639 380 1639 382 1639 418 1627 433 1623 461 1623 467 1627 483 1641 485 1641 487 1641 488 1641 490 1641 525 1629 539 1623 629 1623 642 1630 645 1632 647 1632 649 1632 651 1632 671 1630 705 1625 714 1630 727 1641 728 1641 730 1641 732 1641 792 1639 793 1639 795 1639 795 1638 802 1632 808 1627 817 1632 828 1639 829 1639 831 1639 833 1641 893 1641 893 1639 894 1639 918 1632 961 1621 1069 1634 1071 1605 1062 1555 1035 1575 1012 1575 995 1556 990 1553 990 1551 988 1551 986 1551 938 1551 936 1551 934 1551 918 1558 889 1573 876 1560 876 1558 875 1558 873 1558 871 1558 869 1558 862 1560 824 1569 797 1562 765 1551 763 1551 761 1551 759 1551 736 1562 709 1576 678 1576 667 1564 656 1555 656 1553 654 1553 653 1553 651 1553 591 1566 588 1566 586 1566 510 1553 508 1553 507 1553 505 1553 488 1567 479 1575 458 1569 402 1555 400 1555 398 1555 396 1555 395 1555 395 1556 378 1571 371 1578 205 1578 202 1575 182 1556 182 1555 180 1555 178 1555 146 1555 144 1555 142 1555 140 1555 111 1571 113 1611"/></Shape>
	    <String CONTENT="بعداد که ميان عالم است بخت تصرف خويش درآورده و جد"
                    HPOS="111"
                    VPOS="1551"
                    WIDTH="960"
                    HEIGHT="94"
                    WC="0.9011031544208526"></String>
          </TextLine>

          
          
          <TextLine ID="eSc_line_c4a242a3"
                    TAGREFS="LT4834"
                    BASELINE="263 1710 1073 1706" 
                    HPOS="261"
                    VPOS="1654"
                    WIDTH="812"
                    HEIGHT="81">
            <Shape><Polygon POINTS="263 1710 263 1721 373 1730 375 1730 431 1721 440 1721 442 1721 460 1735 461 1735 463 1735 465 1735 604 1721 618 1721 622 1721 647 1732 649 1732 651 1732 653 1732 671 1721 676 1719 682 1721 709 1733 710 1733 712 1733 770 1721 784 1719 797 1721 840 1730 842 1730 844 1730 878 1721 889 1719 893 1721 907 1733 909 1733 911 1733 912 1735 1037 1735 1037 1733 1039 1733 1073 1721 1073 1706 1068 1654 986 1663 968 1656 963 1654 961 1654 959 1654 958 1654 956 1654 956 1656 954 1656 941 1670 839 1670 829 1659 826 1658 826 1656 824 1656 822 1656 820 1656 819 1656 804 1659 786 1665 777 1661 768 1656 766 1656 765 1656 737 1661 707 1668 691 1663 667 1654 665 1654 663 1654 662 1654 633 1665 626 1667 618 1665 593 1656 591 1656 590 1656 588 1656 586 1656 573 1665 568 1670 562 1667 546 1658 544 1658 543 1658 541 1658 539 1658 539 1659 530 1667 526 1672 483 1672 476 1668 443 1656 442 1656 440 1656 348 1670 333 1658 333 1656 331 1656 330 1656 297 1656 295 1656 294 1656 261 1670 263 1710"/></Shape>
	    <String CONTENT="آن به موجب نقاضای وفت ماز در مغرب نستورنند"
                    HPOS="261"
                    VPOS="1654"
                    WIDTH="812"
                    HEIGHT="81"
                    WC="0.9067779294280118"></String>
          </TextLine>

          
          
          <TextLine ID="eSc_line_0434862b"
                    TAGREFS="LT4834"
                    BASELINE="119 1825 931 1814" 
                    HPOS="117"
                    VPOS="1746"
                    WIDTH="814"
                    HEIGHT="94">
            <Shape><Polygon POINTS="119 1825 119 1840 931 1831 931 1814 923 1746 862 1769 790 1773 756 1755 754 1755 752 1755 750 1755 709 1773 676 1764 674 1764 673 1764 671 1764 669 1764 651 1777 597 1777 580 1759 573 1753 573 1751 571 1751 570 1751 525 1751 523 1751 521 1751 519 1751 519 1753 517 1753 512 1760 472 1753 470 1753 469 1753 467 1753 454 1762 447 1769 425 1764 402 1759 400 1759 398 1759 396 1759 377 1766 350 1778 281 1778 263 1769 232 1757 230 1757 133 1757 131 1757 129 1757 128 1757 128 1759 117 1768 119 1825"/></Shape>
	    <String CONTENT="وبس از اين باب آمده که جمله امامان خود مولانا علی"
                    HPOS="117"
                    VPOS="1746"
                    WIDTH="814"
                    HEIGHT="94"
                    WC="0.8964168429374695"></String>
          </TextLine>

          
          
          <TextLine ID="eSc_line_9be99f32"
                    TAGREFS="LT4834"
                    BASELINE="128 1912 1089 1905" 
                    HPOS="126"
                    VPOS="1843"
                    WIDTH="963"
                    HEIGHT="110">
            <Shape><Polygon POINTS="128 1912 128 1944 218 1953 220 1953 221 1953 241 1943 258 1934 308 1934 317 1941 324 1946 324 1948 326 1948 328 1948 330 1948 331 1948 333 1948 344 1941 350 1941 413 1952 414 1952 416 1952 443 1939 460 1932 503 1939 525 1941 526 1941 546 1937 575 1932 586 1937 611 1950 613 1950 615 1952 781 1952 781 1950 783 1950 819 1937 911 1948 912 1948 914 1948 950 1930 954 1928 1006 1928 1008 1928 1021 1939 1023 1939 1024 1939 1026 1939 1089 1926 1089 1905 1086 1869 1005 1852 1003 1852 936 1867 907 1843 905 1843 903 1843 902 1843 900 1843 831 1865 795 1843 793 1843 792 1843 790 1843 788 1843 786 1843 748 1867 721 1843 719 1843 718 1843 611 1843 609 1843 550 1845 548 1845 546 1845 514 1870 485 1861 483 1861 481 1861 479 1861 461 1869 407 1845 405 1845 404 1845 402 1845 400 1845 377 1860 306 1856 304 1856 303 1856 301 1856 277 1872 202 1865 200 1865 126 1874 128 1912"/></Shape>
	    <String CONTENT="وخواهند بود و در جد مصل مبارک بر معانی اين مقدم"
                    HPOS="126"
                    VPOS="1843"
                    WIDTH="963"
                    HEIGHT="110"
                    WC="0.9044145986120752"></String>
          </TextLine>

          
        </TextBlock>
        
        <TextBlock HPOS="525"
                   VPOS="180"
                   WIDTH="113"
                   HEIGHT="70"
                   ID="eSc_textblock_739ea9e9"
                   TAGREFS="BT16059">
          <Shape><Polygon POINTS="561 180 631 194 638 243 525 250 525 209 561 180"/></Shape>
          
          
          <TextLine ID="eSc_line_aa1112bf"
                    TAGREFS="LT4834"
                    BASELINE="550 225 602 229" 
                    HPOS="548"
                    VPOS="182"
                    WIDTH="54"
                    HEIGHT="74">
            <Shape><Polygon POINTS="588 185 570 182 552 185 550 225 548 247 599 256 602 229 602 187 588 185"/></Shape>
	    <String CONTENT=""
                    HPOS="548"
                    VPOS="182"
                    WIDTH="54"
                    HEIGHT="74"></String>
          </TextLine>

          
        </TextBlock>
        
        <TextBlock HPOS="1122"
                   VPOS="295"
                   WIDTH="56"
                   HEIGHT="78"
                   ID="eSc_textblock_57210f5b"
                   TAGREFS="BT16062">
          <Shape><Polygon POINTS="1138 295 1178 317 1171 373 1122 359 1138 295"/></Shape>
          
          
          <TextLine ID="eSc_line_4cdd596d"
                    TAGREFS="LT4834"
                    BASELINE="1129 340 1156 340" 
                    HPOS="1129"
                    VPOS="301"
                    WIDTH="27"
                    HEIGHT="65">
            <Shape><Polygon POINTS="1147 301 1129 326 1129 340 1129 362 1154 366 1156 340 1152 304 1147 301"/></Shape>
	    <String CONTENT=""
                    HPOS="1129"
                    VPOS="301"
                    WIDTH="27"
                    HEIGHT="65"></String>
          </TextLine>

          
        </TextBlock>
        
        <TextBlock HPOS="539"
                   VPOS="1970"
                   WIDTH="106"
                   HEIGHT="70"
                   ID="eSc_textblock_de01f1c9"
                   TAGREFS="BT16061">
          <Shape><Polygon POINTS="577 1970 645 1984 631 2040 546 2018 539 1991 577 1970"/></Shape>
          
          
          <TextLine ID="eSc_line_dffecbeb"
                    TAGREFS="LT4834"
                    BASELINE="562 2011 633 2006" 
                    HPOS="559"
                    VPOS="1971"
                    WIDTH="74"
                    HEIGHT="62">
            <Shape><Polygon POINTS="613 1977 595 1973 586 1971 568 1971 559 1977 562 2011 562 2033 633 2029 633 2006 627 1979 613 1977"/></Shape>
	    <String CONTENT="ور"
                    HPOS="559"
                    VPOS="1971"
                    WIDTH="74"
                    HEIGHT="62"
                    WC="0.8520403802394867"></String>
          </TextLine>

          
        </TextBlock>
        
        <TextBlock HPOS="1122"
                   VPOS="1833"
                   WIDTH="77"
                   HEIGHT="92"
                   ID="eSc_textblock_db0ad4e6"
                   TAGREFS="BT16062">
          <Shape><Polygon POINTS="1138 1833 1199 1840 1192 1925 1122 1917 1138 1833"/></Shape>
          
          
          <TextLine ID="eSc_line_6d30d593"
                    TAGREFS="LT4834"
                    BASELINE="1115 1905 1169 1897" 
                    HPOS="1109"
                    VPOS="1872"
                    WIDTH="62"
                    HEIGHT="58">
            <Shape><Polygon POINTS="1129 1876 1127 1874 1109 1874 1115 1905 1116 1930 1171 1928 1169 1897 1161 1872 1129 1874 1129 1876"/></Shape>
	    <String CONTENT=""
                    HPOS="1109"
                    VPOS="1872"
                    WIDTH="62"
                    HEIGHT="58"></String>
          </TextLine>

          
        </TextBlock>
        
        <TextBlock HPOS="1136"
                   VPOS="1883"
                   WIDTH="6"
                   HEIGHT="13"
                   ID="eSc_textblock_8131d54b"
                   TAGREFS="BT16061">
          <Shape><Polygon POINTS="1138 1883 1142 1883 1142 1896 1136 1896 1138 1883"/></Shape>
          
        </TextBlock>
        

        
      </PrintSpace>
    </Page>
  </Layout>
</alto>
