<?xml version="1.0" encoding="UTF-8"?>
<alto xmlns:xsi="http://www.w3.org/2001/XMLSchema-instance"
      xmlns="http://www.loc.gov/standards/alto/ns-v4#"
      xsi:schemaLocation="http://www.loc.gov/standards/alto/ns-v4# http://www.loc.gov/standards/alto/v4/alto-4-2.xsd">
  <Description>
    <MeasurementUnit>pixel</MeasurementUnit>
    <sourceImageInformation>
      <fileName>TwoIsmailiTreatises031.jpg</fileName>
      
    </sourceImageInformation>
  </Description>
  
  <Tags>
    <OtherTag ID="BT16074" LABEL="MarginTextZone:commentary" DESCRIPTION="block type MarginTextZone:commentary"/><OtherTag ID="BT16073" LABEL="MarginTextZone:note#1" DESCRIPTION="block type MarginTextZone:note#1"/><OtherTag ID="BT16072" LABEL="MainZone:column#2" DESCRIPTION="block type MainZone:column#2"/><OtherTag ID="BT16071" LABEL="MainZone:column#3" DESCRIPTION="block type MainZone:column#3"/><OtherTag ID="BT16070" LABEL="GraphicZone:illustration" DESCRIPTION="block type GraphicZone:illustration"/><OtherTag ID="BT16069" LABEL="MainZone:column#1" DESCRIPTION="block type MainZone:column#1"/><OtherTag ID="BT16068" LABEL="MarginTextZone:note#2" DESCRIPTION="block type MarginTextZone:note#2"/><OtherTag ID="BT16067" LABEL="CustomZone:publication" DESCRIPTION="block type CustomZone:publication"/><OtherTag ID="BT16066" LABEL="RunningTitleZone" DESCRIPTION="block type RunningTitleZone"/><OtherTag ID="BT16065" LABEL="NumberingZone" DESCRIPTION="block type NumberingZone"/><OtherTag ID="BT16064" LABEL="default" DESCRIPTION="block type default"/><OtherTag ID="BT16063" LABEL="TitlePageZone" DESCRIPTION="block type TitlePageZone"/><OtherTag ID="BT16062" LABEL="NumberingZone:other" DESCRIPTION="block type NumberingZone:other"/><OtherTag ID="BT16061" LABEL="QuireMarksZone:catchwords" DESCRIPTION="block type QuireMarksZone:catchwords"/><OtherTag ID="BT16060" LABEL="MainZone" DESCRIPTION="block type MainZone"/><OtherTag ID="BT16059" LABEL="NumberingZone:page" DESCRIPTION="block type NumberingZone:page"/><OtherTag ID="BT16058" LABEL="MarginTextZone:note" DESCRIPTION="block type MarginTextZone:note"/><OtherTag ID="BT16057" LABEL="DigitizationArtefactZone" DESCRIPTION="block type DigitizationArtefactZone"/><OtherTag ID="BT4" LABEL="Illustration" DESCRIPTION="block type Illustration"/><OtherTag ID="BT3" LABEL="Commentary" DESCRIPTION="block type Commentary"/><OtherTag ID="BT2" LABEL="Main" DESCRIPTION="block type Main"/><OtherTag ID="BT1" LABEL="Title" DESCRIPTION="block type Title"/>
    <OtherTag ID="LT4834" LABEL="DefaultLine" DESCRIPTION="line type DefaultLine"/><OtherTag ID="LT4835" LABEL="HeadingLine:title" DESCRIPTION="line type HeadingLine:title"/>
  </Tags>
  
  <Layout>
    <Page WIDTH="1268"
          HEIGHT="2102"
          PHYSICAL_IMG_NR="27"
          ID="eSc_dummypage_">
      <PrintSpace HPOS="0"
                  VPOS="0"
                  WIDTH="1268"
                  HEIGHT="2102">
        
        <TextBlock HPOS="91"
                   VPOS="224"
                   WIDTH="987"
                   HEIGHT="1539"
                   ID="eSc_textblock_dbe27b16"
                   TAGREFS="BT16060">
          <Shape><Polygon POINTS="168 224 1071 238 1078 972 1050 1128 1064 1336 1036 1763 91 1749 112 1714 98 532 126 252 168 224"/></Shape>
          
          
          <TextLine ID="eSc_line_52bce4d4"
                    TAGREFS="LT4834"
                    BASELINE="131 303 1050 310" 
                    HPOS="129"
                    VPOS="238"
                    WIDTH="921"
                    HEIGHT="101">
            <Shape><Polygon POINTS="131 303 129 332 154 334 156 334 157 334 159 334 159 332 185 317 220 332 224 334 226 334 227 336 287 336 287 334 289 334 291 334 294 332 313 320 334 332 336 332 338 332 340 332 341 332 343 332 368 317 389 317 405 331 408 334 408 336 410 336 412 336 413 338 508 338 508 336 510 336 526 331 564 317 603 329 605 329 606 329 608 329 669 318 789 327 790 327 854 320 861 327 873 338 873 339 875 339 876 339 878 339 880 339 882 339 897 327 903 324 913 327 931 332 933 332 934 332 936 332 959 327 966 325 971 327 1003 339 1004 339 1006 339 1008 339 1048 325 1050 310 1048 260 976 243 975 243 973 243 940 260 931 264 924 260 913 255 911 255 910 255 908 255 897 260 871 273 778 271 764 259 762 257 761 257 759 257 757 257 755 257 754 257 752 259 734 273 650 273 615 259 592 252 591 252 589 252 587 252 573 259 554 269 484 269 471 259 470 257 468 257 466 257 464 257 463 257 461 257 461 259 459 259 448 269 417 259 349 238 347 238 206 238 205 238 203 238 201 238 185 248 166 238 164 238 163 238 161 238 159 238 131 255 131 303"/></Shape>
	    <String CONTENT="و به مناک می بندارند اما در جمله عالم رد جانی می گويند که عالم"
                    HPOS="129"
                    VPOS="238"
                    WIDTH="921"
                    HEIGHT="101"
                    WC="0.9058528542518616"></String>
          </TextLine>

          
          
          <TextLine ID="eSc_line_dbf5cbb6"
                    TAGREFS="LT4834"
                    BASELINE="128 406 741 401 1043 406" 
                    HPOS="126"
                    VPOS="339"
                    WIDTH="917"
                    HEIGHT="98">
            <Shape><Polygon POINTS="128 406 128 437 170 437 170 436 171 436 173 436 210 415 284 415 319 432 326 436 327 436 329 436 370 432 371 432 373 432 401 415 441 427 443 427 445 427 564 415 578 427 582 429 582 430 584 430 585 430 587 430 589 430 591 430 591 429 594 427 606 413 640 413 654 425 661 432 661 434 662 434 664 434 666 434 668 434 669 434 680 425 698 413 747 413 759 423 768 432 768 434 769 434 771 434 773 434 903 422 917 420 918 420 931 432 931 434 933 434 934 434 936 436 1018 436 1018 434 1020 434 1022 434 1043 420 1043 406 1041 367 922 357 920 357 838 366 826 366 822 366 771 346 769 346 768 346 766 346 764 346 738 364 734 367 698 367 692 364 652 339 650 339 648 339 647 339 603 341 601 341 599 341 580 359 552 341 550 341 548 341 547 341 545 341 510 355 482 345 480 345 478 345 477 345 475 345 452 362 445 367 415 367 408 362 378 341 377 341 375 341 203 341 201 341 126 359 128 406"/></Shape>
	    <String CONTENT="مردم است از اين سيب می گويند که قوله تعالی ان الدار الاخر"
                    HPOS="126"
                    VPOS="339"
                    WIDTH="917"
                    HEIGHT="98"
                    WC="0.8402602479123232"></String>
          </TextLine>

          
          
          <TextLine ID="eSc_line_b53972f4"
                    TAGREFS="LT4834"
                    BASELINE="133 492 1047 500" 
                    HPOS="131"
                    VPOS="437"
                    WIDTH="916"
                    HEIGHT="99">
            <Shape><Polygon POINTS="133 492 131 507 215 521 217 521 219 521 257 511 273 525 273 527 275 527 277 527 278 527 378 513 399 529 401 529 403 529 405 530 461 530 461 529 463 529 464 529 485 513 505 530 506 530 508 530 510 532 562 532 562 530 564 530 598 516 629 530 631 530 633 530 634 530 666 521 692 529 694 529 696 529 698 529 727 516 741 529 741 530 743 530 745 530 747 530 797 521 864 534 866 534 868 534 869 534 889 518 936 518 959 534 961 534 962 534 964 536 1008 536 1008 534 1010 534 1045 516 1047 500 1047 460 985 441 983 441 982 441 980 441 955 451 938 444 936 444 934 444 933 444 931 444 931 446 913 462 906 469 873 469 859 460 815 439 813 439 812 439 685 446 671 437 669 437 668 437 601 437 599 437 598 437 557 453 536 437 534 437 533 437 531 437 529 437 482 455 440 444 438 444 436 444 434 444 433 444 410 460 405 464 354 464 350 460 334 446 333 446 331 446 329 446 327 446 326 446 308 460 306 460 133 460 133 492"/></Shape>
	    <String CONTENT="لهی الحيوان لو كانوا يعلمون يعنى سراى آخرت زند"
                    HPOS="131"
                    VPOS="437"
                    WIDTH="916"
                    HEIGHT="99"
                    WC="0.9547164744519173"></String>
          </TextLine>

          
          
          <TextLine ID="eSc_line_9dd78827"
                    TAGREFS="LT4834"
                    BASELINE="133 586 1045 599" 
                    HPOS="131"
                    VPOS="527"
                    WIDTH="914"
                    HEIGHT="101">
            <Shape><Polygon POINTS="133 586 131 602 264 621 266 623 338 623 338 621 340 621 368 606 373 604 385 606 440 620 441 620 443 620 466 607 468 606 519 606 524 609 545 625 547 625 548 625 550 625 552 625 606 609 615 607 624 609 675 627 676 627 678 627 680 627 712 618 783 628 785 628 845 627 847 627 878 613 883 611 1041 614 1045 599 1041 555 992 569 883 560 882 560 880 560 878 560 869 567 848 555 841 551 840 551 838 551 817 555 796 537 796 536 794 536 792 536 754 534 752 534 750 534 748 534 748 536 727 555 724 560 661 565 648 555 624 534 624 532 622 532 620 532 503 530 501 530 499 530 498 530 461 557 450 564 396 564 385 557 377 550 375 550 373 550 371 550 370 550 368 550 357 557 350 562 278 562 275 557 247 529 247 527 245 527 243 527 194 527 192 527 191 527 189 527 154 557 133 557 133 586"/></Shape>
	    <String CONTENT="است و در جای ديگر فرموده گل حجر و در ينطقون"
                    HPOS="131"
                    VPOS="527"
                    WIDTH="914"
                    HEIGHT="101"
                    WC="0.8877477562704752"></String>
          </TextLine>

          
          
          <TextLine ID="eSc_line_7942bef6"
                    TAGREFS="LT4834"
                    BASELINE="135 684 1034 702" 
                    HPOS="133"
                    VPOS="620"
                    WIDTH="901"
                    HEIGHT="112">
            <Shape><Polygon POINTS="135 684 133 712 166 716 168 716 170 716 177 714 206 702 236 714 247 718 249 718 250 718 252 718 254 718 257 714 277 700 313 709 315 709 317 709 396 702 419 714 427 721 429 721 431 721 433 723 478 723 478 721 480 721 482 721 489 716 501 705 543 716 584 725 585 725 587 725 589 725 589 723 598 716 606 707 633 716 648 721 650 721 652 721 676 716 687 714 689 716 701 726 703 726 705 726 706 728 757 728 757 726 759 726 761 726 773 718 782 711 901 711 915 718 948 732 950 732 952 732 1032 718 1034 702 1029 644 997 665 969 665 936 642 922 634 920 634 918 634 917 634 861 642 833 646 827 641 819 634 819 632 817 632 815 632 785 632 783 632 782 632 780 632 769 641 745 660 687 660 668 644 666 644 664 644 662 644 661 644 624 656 605 639 605 637 603 637 601 637 599 637 598 637 594 637 541 655 506 637 484 625 482 625 461 625 459 625 457 625 455 625 455 627 443 635 427 651 401 635 399 634 398 634 396 634 394 634 392 634 391 634 391 635 368 653 317 653 261 634 256 632 254 632 252 632 245 634 220 639 213 632 201 621 201 620 199 620 198 620 196 620 135 630 135 684"/></Shape>
	    <String CONTENT="ينی هر سنگ و گلوخ آن عالم همه سخن گوباشند بجز مردم که"
                    HPOS="133"
                    VPOS="620"
                    WIDTH="901"
                    HEIGHT="112"
                    WC="0.8896816047253432"></String>
          </TextLine>

          
          
          <TextLine ID="eSc_line_31be76a4"
                    TAGREFS="LT4834"
                    BASELINE="124 790 1036 784" 
                    HPOS="122"
                    VPOS="719"
                    WIDTH="914"
                    HEIGHT="111">
            <Shape><Polygon POINTS="124 790 124 814 168 826 170 826 171 826 173 826 175 826 191 814 199 809 252 809 268 812 313 828 315 828 317 830 371 830 371 828 373 828 375 828 375 826 392 812 394 811 415 811 417 811 438 826 440 826 441 826 443 828 496 828 496 826 498 826 499 826 499 825 517 811 519 807 527 811 550 818 552 818 554 818 555 818 573 809 578 807 587 809 643 826 645 826 647 826 648 826 678 811 698 826 699 826 701 826 703 828 729 828 729 826 731 826 771 811 852 825 854 825 855 825 857 825 878 805 880 805 968 805 969 805 985 818 987 818 989 818 990 818 992 818 1036 804 1036 784 1034 751 996 739 994 739 992 739 918 751 913 751 871 719 869 719 868 719 778 719 776 719 775 719 773 719 748 740 734 728 733 728 731 728 729 728 727 728 726 728 698 751 694 754 648 754 647 751 624 730 624 728 622 728 620 728 603 728 601 728 599 728 598 728 561 751 557 753 554 751 505 732 503 732 501 732 499 732 450 751 445 754 384 754 375 751 331 732 329 732 327 732 326 732 268 751 263 753 261 751 215 723 213 723 212 723 157 723 156 723 154 723 152 723 122 744 124 790"/></Shape>
	    <String CONTENT="نتوانند سخن گفتن پس در آن عالم جز مردم چيزى ديگر"
                    HPOS="122"
                    VPOS="719"
                    WIDTH="914"
                    HEIGHT="111"
                    WC="0.924986259061463"></String>
          </TextLine>

          
          
          <TextLine ID="eSc_line_f9764b44"
                    TAGREFS="LT4834"
                    BASELINE="861 884 1031 884" 
                    HPOS="861"
                    VPOS="835"
                    WIDTH="170"
                    HEIGHT="79">
            <Shape><Polygon POINTS="861 884 861 895 901 912 903 912 904 914 940 914 940 912 941 912 943 912 968 896 989 910 990 910 992 910 994 910 996 910 1031 895 1031 884 1029 854 1001 854 999 854 982 837 982 835 980 835 978 835 929 835 927 835 926 835 924 835 924 837 908 853 861 854 861 884"/></Shape>
	    <String CONTENT="نتواند بود"
                    HPOS="861"
                    VPOS="835"
                    WIDTH="170"
                    HEIGHT="79"
                    WC="0.9473398447036743"></String>
          </TextLine>

          
          
          <TextLine ID="eSc_line_4919baf8"
                    TAGREFS="LT4834"
                    BASELINE="126 977 904 972" 
                    HPOS="124"
                    VPOS="914"
                    WIDTH="780"
                    HEIGHT="93">
            <Shape><Polygon POINTS="126 977 126 991 143 1003 145 1003 147 1003 149 1003 150 1003 177 989 178 989 242 989 266 989 366 1007 368 1007 370 1007 405 991 422 1005 424 1005 426 1005 427 1005 512 991 538 1005 540 1005 541 1007 589 1007 589 1005 591 1005 592 1005 615 989 680 998 682 998 683 998 706 986 708 986 736 986 738 986 768 1003 769 1003 771 1003 773 1005 848 1005 848 1003 850 1003 904 984 904 972 899 924 782 933 762 926 731 914 729 914 643 914 641 914 640 914 594 930 578 935 540 931 466 923 464 923 463 923 436 933 429 935 422 933 385 924 384 924 382 924 380 924 378 924 366 935 345 921 343 921 341 921 340 921 338 921 303 937 301 937 299 937 266 917 264 917 263 917 261 917 259 917 229 937 201 919 199 919 198 919 196 919 194 919 124 938 126 977"/></Shape>
	    <String CONTENT="حال بايد دان ست که همين صورت مردم صورت خاص"
                    HPOS="124"
                    VPOS="914"
                    WIDTH="780"
                    HEIGHT="93"
                    WC="0.9168662712687538"></String>
          </TextLine>

          
          
          <TextLine ID="eSc_line_a0e6c322"
                    TAGREFS="LT4834"
                    BASELINE="128 1063 1031 1070" 
                    HPOS="126"
                    VPOS="996"
                    WIDTH="905"
                    HEIGHT="97">
            <Shape><Polygon POINTS="128 1063 126 1075 154 1089 156 1089 157 1089 327 1077 380 1077 392 1089 392 1091 394 1091 396 1091 398 1091 450 1080 463 1091 464 1091 466 1091 468 1091 517 1082 578 1093 580 1093 582 1093 584 1093 598 1084 685 1091 687 1091 689 1091 719 1080 745 1080 757 1091 757 1093 759 1093 761 1093 762 1093 866 1082 959 1093 961 1093 962 1093 964 1093 980 1082 1029 1082 1031 1070 1031 1033 1004 1033 1003 1031 989 1019 989 1017 987 1017 985 1017 983 1017 982 1017 980 1017 966 1029 962 1033 936 1033 933 1029 924 1021 924 1019 922 1019 920 1019 918 1019 869 1026 841 1031 834 1026 824 1017 824 1015 822 1015 820 1015 785 1012 783 1012 782 1012 748 1022 729 1029 719 1022 689 1000 687 1000 685 1000 683 1000 682 1000 643 1019 626 1028 541 1015 533 1015 531 1015 529 1015 527 1015 503 1029 468 1029 448 1015 447 1015 445 1015 443 1015 441 1015 440 1015 440 1017 427 1028 410 1015 408 1015 406 1015 405 1015 403 1015 380 1022 361 1010 341 996 340 996 338 996 336 996 128 1001 128 1063"/></Shape>
	    <String CONTENT="خداوند است جل جلاله که در اين صورت باشد که ظهور کرده"
                    HPOS="126"
                    VPOS="996"
                    WIDTH="905"
                    HEIGHT="97"
                    WC="0.9163614557339594"></String>
          </TextLine>

          
          
          <TextLine ID="eSc_line_8a3c7a05"
                    TAGREFS="LT4834"
                    BASELINE="119 1164 1025 1173" 
                    HPOS="117"
                    VPOS="1093"
                    WIDTH="908"
                    HEIGHT="108">
            <Shape><Polygon POINTS="119 1164 117 1191 128 1194 129 1194 131 1194 133 1194 135 1194 135 1192 138 1189 154 1175 254 1175 280 1189 282 1191 284 1191 285 1191 287 1191 301 1189 394 1177 410 1189 417 1196 419 1196 420 1196 480 1198 482 1199 513 1199 513 1198 515 1198 517 1198 517 1196 524 1189 527 1187 533 1189 543 1196 545 1196 547 1196 548 1196 550 1196 552 1196 561 1189 580 1178 608 1178 619 1189 627 1196 627 1198 629 1198 631 1198 633 1199 655 1199 655 1198 657 1198 659 1198 659 1196 668 1189 678 1180 752 1189 754 1189 755 1189 757 1189 841 1180 861 1189 883 1201 885 1201 887 1201 889 1201 924 1192 1011 1201 1013 1201 1015 1201 1017 1201 1017 1199 1024 1191 1025 1173 1025 1126 1004 1112 1003 1112 1001 1112 999 1112 997 1112 976 1119 957 1101 957 1100 955 1100 954 1100 906 1100 904 1100 903 1100 857 1126 855 1126 804 1098 803 1098 801 1098 799 1098 754 1122 748 1126 715 1126 710 1122 690 1107 689 1107 687 1107 685 1107 683 1107 652 1121 647 1124 598 1124 589 1119 554 1100 552 1100 550 1100 548 1100 547 1100 519 1117 508 1122 284 1115 280 1112 263 1094 263 1093 261 1093 259 1093 217 1093 215 1093 213 1093 212 1093 212 1094 199 1105 136 1093 135 1093 133 1093 131 1093 119 1101 119 1164"/></Shape>
	    <String CONTENT="چيزی ديگر نمانده که در عالم روخانی هم بدين صورت باشد که حضر"
                    HPOS="117"
                    VPOS="1093"
                    WIDTH="908"
                    HEIGHT="108"
                    WC="0.904255150738409"></String>
          </TextLine>

          
          
          <TextLine ID="eSc_line_1323283d"
                    TAGREFS="LT4834"
                    BASELINE="121 1261 1025 1264" 
                    HPOS="119"
                    VPOS="1192"
                    WIDTH="906"
                    HEIGHT="97">
            <Shape><Polygon POINTS="121 1261 119 1273 156 1285 157 1285 159 1285 275 1273 285 1273 287 1273 298 1283 298 1285 299 1285 301 1285 303 1285 305 1285 306 1285 322 1275 343 1282 345 1282 347 1282 384 1273 389 1273 392 1273 426 1285 427 1285 429 1285 431 1285 433 1285 447 1273 448 1273 540 1273 541 1273 571 1287 573 1287 575 1287 638 1275 768 1287 769 1289 961 1289 961 1287 1024 1273 1025 1264 1024 1222 989 1222 989 1220 969 1205 968 1205 966 1205 964 1205 962 1205 936 1215 897 1205 896 1205 894 1205 892 1205 890 1205 890 1206 873 1220 873 1222 808 1222 806 1220 776 1194 775 1194 773 1194 771 1194 720 1203 710 1194 708 1194 706 1194 571 1192 524 1192 522 1192 520 1192 480 1208 457 1192 455 1192 454 1192 452 1192 450 1192 389 1219 387 1220 299 1220 299 1219 284 1205 284 1203 282 1203 280 1203 201 1192 199 1192 198 1192 196 1192 196 1194 168 1219 166 1219 121 1219 121 1261"/></Shape>
	    <String CONTENT="رسول میفرمايد ان الله خلق آدم على صورة الرحمن"
                    HPOS="119"
                    VPOS="1192"
                    WIDTH="906"
                    HEIGHT="97"
                    WC="0.9313164884629457"></String>
          </TextLine>

          
          
          <TextLine ID="eSc_line_9a4baad4"
                    TAGREFS="LT4834"
                    BASELINE="121 1359 1022 1362" 
                    HPOS="119"
                    VPOS="1296"
                    WIDTH="903"
                    HEIGHT="89">
            <Shape><Polygon POINTS="121 1359 119 1378 182 1369 210 1380 215 1382 217 1382 219 1382 220 1382 222 1382 222 1380 224 1380 236 1368 298 1368 331 1378 341 1382 343 1382 345 1382 347 1382 357 1378 382 1368 412 1376 426 1382 427 1382 429 1382 431 1382 433 1382 433 1380 436 1376 445 1369 454 1376 457 1380 459 1380 461 1380 463 1380 496 1376 562 1368 657 1371 661 1375 675 1383 676 1383 678 1383 680 1385 717 1385 717 1383 719 1383 720 1383 736 1373 741 1369 747 1373 761 1383 762 1383 764 1383 766 1385 796 1385 796 1383 797 1383 799 1383 799 1382 812 1373 815 1369 829 1373 878 1382 880 1382 882 1382 903 1371 906 1369 917 1371 980 1383 982 1383 983 1383 1020 1369 1022 1362 1018 1306 927 1319 913 1306 908 1303 908 1301 906 1301 904 1301 903 1301 901 1301 899 1301 890 1306 875 1315 866 1308 857 1299 857 1297 855 1297 854 1297 852 1297 850 1297 820 1306 755 1297 754 1297 752 1297 750 1297 738 1308 724 1320 701 1320 687 1310 676 1301 675 1301 673 1301 671 1301 627 1310 587 1319 578 1310 564 1299 562 1299 561 1299 559 1299 557 1299 555 1299 543 1308 531 1297 531 1296 529 1296 527 1296 455 1296 454 1296 452 1296 450 1296 450 1297 433 1311 427 1319 349 1319 341 1313 315 1296 313 1296 312 1296 310 1296 308 1296 271 1311 229 1296 227 1296 226 1296 121 1315 121 1359"/></Shape>
	    <String CONTENT="يعنی خدای تعالی آدم را به صورت خويش افريده و حال معلوم"
                    HPOS="119"
                    VPOS="1296"
                    WIDTH="903"
                    HEIGHT="89"
                    WC="0.8809483809904619"></String>
          </TextLine>

          
          
          <TextLine ID="eSc_line_432344e3"
                    TAGREFS="LT4834"
                    BASELINE="115 1446 1024 1450" 
                    HPOS="113"
                    VPOS="1382"
                    WIDTH="911"
                    HEIGHT="92">
            <Shape><Polygon POINTS="115 1446 113 1455 154 1467 156 1467 157 1467 212 1459 236 1471 238 1471 240 1471 349 1459 382 1473 384 1473 385 1474 517 1474 517 1473 519 1473 520 1473 540 1459 640 1471 641 1471 643 1471 673 1460 724 1474 726 1474 727 1474 792 1462 820 1474 822 1474 824 1474 826 1474 827 1474 847 1460 947 1474 948 1474 1022 1459 1024 1450 1022 1394 947 1383 945 1383 943 1383 941 1383 927 1394 904 1411 880 1411 866 1396 864 1396 864 1394 862 1394 861 1394 859 1394 857 1394 850 1396 840 1399 831 1396 796 1383 794 1383 792 1383 790 1383 762 1394 747 1383 745 1383 743 1383 741 1383 740 1383 738 1383 720 1397 706 1410 683 1401 682 1401 680 1401 568 1410 529 1410 520 1401 499 1383 499 1382 498 1382 496 1382 494 1382 492 1382 468 1392 431 1382 429 1382 427 1382 426 1382 424 1382 424 1383 401 1404 396 1410 373 1410 368 1404 356 1394 356 1392 354 1392 352 1392 350 1392 349 1392 315 1404 306 1408 299 1406 231 1382 229 1382 149 1382 147 1382 145 1382 143 1382 115 1403 115 1446"/></Shape>
	    <String CONTENT="نشود که خدای تعالی در صورت آدم ظهور کرده است و آنکه بضی"
                    HPOS="113"
                    VPOS="1382"
                    WIDTH="911"
                    HEIGHT="92"
                    WC="0.8576529344968629"></String>
          </TextLine>

          
          
          <TextLine ID="eSc_line_c3ff8145"
                    TAGREFS="LT4834"
                    BASELINE="131 1537 1020 1541" 
                    HPOS="129"
                    VPOS="1474"
                    WIDTH="891"
                    HEIGHT="90">
            <Shape><Polygon POINTS="131 1537 129 1544 212 1562 213 1562 271 1553 333 1562 334 1562 336 1562 338 1562 338 1560 350 1548 382 1560 384 1560 464 1562 466 1562 468 1562 470 1562 470 1560 482 1548 517 1562 519 1562 520 1562 587 1551 617 1562 619 1562 620 1562 622 1562 641 1553 678 1560 680 1560 682 1560 683 1560 698 1550 762 1560 764 1560 859 1550 964 1564 966 1564 968 1564 969 1564 969 1562 983 1550 1018 1550 1020 1541 1018 1476 992 1476 990 1476 989 1476 987 1476 966 1494 875 1480 854 1476 852 1476 850 1476 848 1476 843 1480 831 1487 796 1485 794 1485 792 1485 790 1485 771 1501 733 1488 731 1488 729 1488 650 1501 638 1490 638 1488 636 1488 634 1488 633 1488 631 1488 629 1488 617 1497 589 1487 584 1485 582 1485 580 1485 552 1487 441 1499 433 1490 429 1488 429 1487 427 1487 426 1487 235 1474 233 1474 231 1474 229 1474 229 1476 208 1495 205 1499 131 1499 131 1537"/></Shape>
	    <String CONTENT="می گويند که خدادند به صورت خلق در ميان خلق ظهور کرده"
                    HPOS="129"
                    VPOS="1474"
                    WIDTH="891"
                    HEIGHT="90"
                    WC="0.9231927990913391"></String>
          </TextLine>

          
          
          <TextLine ID="eSc_line_43a41bc4"
                    TAGREFS="LT4834"
                    BASELINE="115 1644 1018 1644" 
                    HPOS="115"
                    VPOS="1569"
                    WIDTH="903"
                    HEIGHT="98">
            <Shape><Polygon POINTS="115 1644 115 1655 131 1665 133 1665 135 1665 136 1665 138 1665 178 1653 263 1665 264 1665 266 1665 294 1655 298 1653 327 1653 331 1655 343 1665 345 1665 347 1665 349 1665 350 1665 377 1655 384 1653 494 1653 506 1658 524 1665 526 1665 527 1667 638 1667 638 1665 640 1665 641 1665 648 1660 659 1653 726 1662 761 1665 762 1665 764 1665 773 1662 797 1653 808 1662 810 1662 812 1662 813 1662 878 1653 896 1664 896 1665 897 1665 899 1665 901 1667 1018 1667 1018 1644 1018 1597 803 1597 783 1581 782 1581 780 1581 778 1581 776 1581 747 1595 703 1569 701 1569 699 1569 698 1569 696 1569 668 1580 654 1569 652 1569 650 1569 584 1569 582 1569 580 1569 578 1569 538 1595 473 1569 471 1569 470 1569 468 1569 466 1569 436 1595 412 1595 398 1583 398 1581 396 1581 394 1581 392 1581 391 1581 373 1590 336 1572 334 1572 333 1572 331 1572 329 1572 312 1585 291 1571 289 1571 287 1571 285 1571 284 1571 254 1583 236 1569 235 1569 233 1569 156 1569 154 1569 152 1569 150 1569 115 1592 115 1644"/></Shape>
	    <String CONTENT="برحی ايشان را هرزه سخن می گويند که خدای تعالی بهصور خلق"
                    HPOS="115"
                    VPOS="1569"
                    WIDTH="903"
                    HEIGHT="98"
                    WC="0.8973293792117726"></String>
          </TextLine>

          
          
          <TextLine ID="eSc_line_54a8e2b6"
                    TAGREFS="LT4834"
                    BASELINE="129 1730 1013 1739" 
                    HPOS="128"
                    VPOS="1667"
                    WIDTH="885"
                    HEIGHT="98">
            <Shape><Polygon POINTS="129 1730 128 1741 164 1742 178 1756 178 1758 180 1758 182 1758 184 1760 243 1760 243 1758 245 1758 247 1758 261 1748 356 1760 357 1760 359 1760 361 1760 375 1748 380 1746 475 1746 494 1751 527 1762 529 1762 531 1762 633 1755 675 1753 703 1756 741 1763 743 1763 745 1763 755 1758 775 1749 834 1749 896 1749 917 1763 918 1765 920 1765 922 1765 924 1765 926 1765 933 1763 976 1751 1008 1765 1013 1739 1008 1681 992 1688 976 1681 959 1674 957 1674 955 1674 954 1674 933 1683 929 1683 922 1683 871 1674 869 1674 868 1674 866 1674 854 1683 850 1686 845 1683 829 1676 827 1676 826 1676 824 1676 822 1676 822 1678 815 1685 803 1695 762 1685 738 1679 736 1679 734 1679 733 1679 733 1681 727 1685 719 1692 710 1685 706 1683 705 1683 703 1683 701 1683 699 1683 692 1686 668 1699 631 1690 629 1690 627 1690 626 1690 624 1690 610 1699 584 1690 582 1690 580 1690 578 1690 554 1697 543 1688 524 1671 522 1671 520 1671 459 1669 457 1669 455 1669 454 1669 454 1671 431 1690 424 1695 419 1690 405 1678 403 1678 401 1678 399 1678 398 1678 396 1678 382 1690 373 1699 324 1699 319 1692 296 1669 296 1667 294 1667 292 1667 256 1667 254 1667 252 1667 250 1667 250 1669 226 1693 222 1695 129 1695 129 1730"/></Shape>
	    <String CONTENT="چون باشد اما خداويد مردم را بزرگ د مشرف کرده"
                    HPOS="128"
                    VPOS="1667"
                    WIDTH="885"
                    HEIGHT="98"
                    WC="0.920346783643419"></String>
          </TextLine>

          
        </TextBlock>
        
        <TextBlock HPOS="533"
                   VPOS="140"
                   WIDTH="124"
                   HEIGHT="82"
                   ID="eSc_textblock_6bf2d9d5"
                   TAGREFS="BT16059">
          <Shape><Polygon POINTS="575 140 657 168 650 208 554 222 533 175 575 140"/></Shape>
          
          
          <TextLine ID="eSc_line_e18a7842"
                    TAGREFS="LT4834"
                    BASELINE="566 190 631 190" 
                    HPOS="566"
                    VPOS="154"
                    WIDTH="65"
                    HEIGHT="64">
            <Shape><Polygon POINTS="566 190 566 218 631 208 631 190 631 162 566 154 566 190"/></Shape>
	    <String CONTENT="هر"
                    HPOS="566"
                    VPOS="154"
                    WIDTH="65"
                    HEIGHT="64"
                    WC="0.8768784403800964"></String>
          </TextLine>

          
        </TextBlock>
        
        <TextBlock HPOS="1066"
                   VPOS="1107"
                   WIDTH="75"
                   HEIGHT="82"
                   ID="eSc_textblock_f38efbb9"
                   TAGREFS="BT16062">
          <Shape><Polygon POINTS="1080 1107 1141 1121 1113 1189 1066 1182 1080 1107"/></Shape>
          
          
          <TextLine ID="eSc_line_b4d59154"
                    TAGREFS="LT4834"
                    BASELINE="1076 1163 1108 1156" 
                    HPOS="1071"
                    VPOS="1114"
                    WIDTH="44"
                    HEIGHT="78">
            <Shape><Polygon POINTS="1071 1142 1076 1163 1082 1192 1115 1192 1108 1156 1096 1114 1076 1119 1071 1142"/></Shape>
	    <String CONTENT=""
                    HPOS="1071"
                    VPOS="1114"
                    WIDTH="44"
                    HEIGHT="78"></String>
          </TextLine>

          
        </TextBlock>
        
        <TextBlock HPOS="485"
                   VPOS="1779"
                   WIDTH="544"
                   HEIGHT="83"
                   ID="eSc_textblock_906840c2"
                   TAGREFS="BT16058">
          <Shape><Polygon POINTS="485 1779 1029 1793 1029 1848 547 1862 505 1841 485 1779"/></Shape>
          
          
          <TextLine ID="eSc_line_8ad43711"
                    TAGREFS="LT4834"
                    BASELINE="554 1837 1015 1828" 
                    HPOS="552"
                    VPOS="1784"
                    WIDTH="463"
                    HEIGHT="78">
            <Shape><Polygon POINTS="1008 1791 990 1791 973 1791 955 1790 938 1790 920 1790 917 1791 911 1790 903 1790 885 1788 868 1788 852 1788 843 1790 826 1793 804 1790 782 1786 780 1786 762 1786 761 1784 741 1790 713 1795 552 1790 554 1837 554 1862 652 1860 654 1860 676 1849 724 1862 729 1862 731 1862 733 1862 734 1860 757 1849 787 1856 789 1856 790 1856 792 1856 831 1846 883 1858 889 1858 890 1858 952 1856 954 1856 955 1856 968 1846 1013 1855 1015 1828 1011 1791 1008 1791"/></Shape>
	    <String CONTENT="بآيه عل ازسورة العنكبوت إلاال"
                    HPOS="552"
                    VPOS="1784"
                    WIDTH="463"
                    HEIGHT="78"
                    WC="0.8003248120507886"></String>
          </TextLine>

          
        </TextBlock>
        
        <TextBlock HPOS="126"
                   VPOS="1800"
                   WIDTH="33"
                   HEIGHT="19"
                   ID="eSc_textblock_6e9bc548"
                   TAGREFS="BT16058">
          <Shape><Polygon POINTS="128 1800 159 1800 159 1805 126 1819 128 1800"/></Shape>
          
        </TextBlock>
        
        <TextBlock HPOS="568"
                   VPOS="1919"
                   WIDTH="12"
                   HEIGHT="20"
                   ID="eSc_textblock_d257d721"
                   TAGREFS="BT16061">
          <Shape><Polygon POINTS="568 1919 580 1919 573 1939 568 1939 568 1919"/></Shape>
          
        </TextBlock>
        

        
      </PrintSpace>
    </Page>
  </Layout>
</alto>
