<?xml version="1.0" encoding="UTF-8"?>
<alto xmlns:xsi="http://www.w3.org/2001/XMLSchema-instance"
      xmlns="http://www.loc.gov/standards/alto/ns-v4#"
      xsi:schemaLocation="http://www.loc.gov/standards/alto/ns-v4# http://www.loc.gov/standards/alto/v4/alto-4-2.xsd">
  <Description>
    <MeasurementUnit>pixel</MeasurementUnit>
    <sourceImageInformation>
      <fileName>TwoIsmailiTreatises043.jpg</fileName>
      
    </sourceImageInformation>
  </Description>
  
  <Tags>
    <OtherTag ID="BT16074" LABEL="MarginTextZone:commentary" DESCRIPTION="block type MarginTextZone:commentary"/><OtherTag ID="BT16073" LABEL="MarginTextZone:note#1" DESCRIPTION="block type MarginTextZone:note#1"/><OtherTag ID="BT16072" LABEL="MainZone:column#2" DESCRIPTION="block type MainZone:column#2"/><OtherTag ID="BT16071" LABEL="MainZone:column#3" DESCRIPTION="block type MainZone:column#3"/><OtherTag ID="BT16070" LABEL="GraphicZone:illustration" DESCRIPTION="block type GraphicZone:illustration"/><OtherTag ID="BT16069" LABEL="MainZone:column#1" DESCRIPTION="block type MainZone:column#1"/><OtherTag ID="BT16068" LABEL="MarginTextZone:note#2" DESCRIPTION="block type MarginTextZone:note#2"/><OtherTag ID="BT16067" LABEL="CustomZone:publication" DESCRIPTION="block type CustomZone:publication"/><OtherTag ID="BT16066" LABEL="RunningTitleZone" DESCRIPTION="block type RunningTitleZone"/><OtherTag ID="BT16065" LABEL="NumberingZone" DESCRIPTION="block type NumberingZone"/><OtherTag ID="BT16064" LABEL="default" DESCRIPTION="block type default"/><OtherTag ID="BT16063" LABEL="TitlePageZone" DESCRIPTION="block type TitlePageZone"/><OtherTag ID="BT16062" LABEL="NumberingZone:other" DESCRIPTION="block type NumberingZone:other"/><OtherTag ID="BT16061" LABEL="QuireMarksZone:catchwords" DESCRIPTION="block type QuireMarksZone:catchwords"/><OtherTag ID="BT16060" LABEL="MainZone" DESCRIPTION="block type MainZone"/><OtherTag ID="BT16059" LABEL="NumberingZone:page" DESCRIPTION="block type NumberingZone:page"/><OtherTag ID="BT16058" LABEL="MarginTextZone:note" DESCRIPTION="block type MarginTextZone:note"/><OtherTag ID="BT16057" LABEL="DigitizationArtefactZone" DESCRIPTION="block type DigitizationArtefactZone"/><OtherTag ID="BT4" LABEL="Illustration" DESCRIPTION="block type Illustration"/><OtherTag ID="BT3" LABEL="Commentary" DESCRIPTION="block type Commentary"/><OtherTag ID="BT2" LABEL="Main" DESCRIPTION="block type Main"/><OtherTag ID="BT1" LABEL="Title" DESCRIPTION="block type Title"/>
    <OtherTag ID="LT4834" LABEL="DefaultLine" DESCRIPTION="line type DefaultLine"/><OtherTag ID="LT4835" LABEL="HeadingLine:title" DESCRIPTION="line type HeadingLine:title"/>
  </Tags>
  
  <Layout>
    <Page WIDTH="1524"
          HEIGHT="2212"
          PHYSICAL_IMG_NR="39"
          ID="eSc_dummypage_">
      <PrintSpace HPOS="0"
                  VPOS="0"
                  WIDTH="1524"
                  HEIGHT="2212">
        
        <TextBlock HPOS="95"
                   VPOS="228"
                   WIDTH="1111"
                   HEIGHT="1724"
                   ID="eSc_textblock_6ce1f3fc"
                   TAGREFS="BT16060">
          <Shape><Polygon POINTS="169 228 1177 235 1206 567 1199 1870 1177 1887 1199 1915 1177 1937 464 1952 169 1944 125 1915 95 877 125 816 125 309 169 228"/></Shape>
          
          
          <TextLine ID="eSc_line_be3ac610"
                    TAGREFS="LT4834"
                    BASELINE="138 298 1134 298" 
                    HPOS="138"
                    VPOS="245"
                    WIDTH="996"
                    HEIGHT="97">
            <Shape><Polygon POINTS="138 283 138 298 138 318 177 326 178 326 180 326 199 320 206 317 210 320 230 339 230 341 232 341 234 341 236 341 321 322 429 341 431 342 492 342 492 341 494 341 496 341 496 339 511 326 632 341 634 341 636 341 638 341 660 324 669 317 680 324 706 341 708 341 710 341 712 341 750 337 752 337 754 337 767 326 778 317 817 317 828 326 835 331 835 333 837 333 839 333 841 333 878 326 916 318 931 326 940 331 942 331 944 331 946 331 948 331 948 329 952 328 963 317 1132 328 1134 298 1132 259 1086 259 1084 259 1071 247 1071 245 1070 245 1068 245 1066 245 976 254 902 245 900 245 898 245 854 259 822 245 821 245 819 245 817 245 815 245 815 247 798 261 795 265 704 265 702 261 693 254 693 252 691 252 690 252 688 252 536 263 514 263 511 263 485 252 483 252 481 252 479 252 437 263 435 263 433 263 381 247 380 247 378 247 284 259 263 245 261 245 260 245 178 245 177 245 175 245 153 256 138 283"/></Shape>
	    <String CONTENT="باشد مومنان به سيب ضعيفی در عالم تضاد مانده باشند"
                    HPOS="138"
                    VPOS="245"
                    WIDTH="996"
                    HEIGHT="97"
                    WC="0.8984670371425395"></String>
          </TextLine>

          
          
          <TextLine ID="eSc_line_ee72dda9"
                    TAGREFS="LT4834"
                    BASELINE="147 409 1138 409" 
                    HPOS="147"
                    VPOS="342"
                    WIDTH="991"
                    HEIGHT="96">
            <Shape><Polygon POINTS="147 409 147 425 238 435 239 435 285 427 313 423 328 427 354 436 356 436 357 436 359 436 361 436 361 435 369 429 374 423 398 429 431 435 433 435 464 429 498 423 533 429 560 435 562 435 564 435 575 431 592 423 597 431 603 435 603 436 605 436 607 436 608 438 680 438 680 436 706 431 747 423 819 433 854 436 856 436 857 436 859 436 859 435 863 433 872 423 937 423 961 435 968 436 970 436 972 438 1036 438 1036 436 1038 436 1040 436 1040 435 1042 435 1049 427 1136 435 1138 409 1138 361 1097 353 1095 353 1094 353 1075 361 1053 370 1033 361 1012 352 1011 352 1009 352 964 361 942 342 940 342 939 342 937 342 935 342 891 363 874 372 819 372 808 364 784 346 782 346 780 346 778 346 776 346 774 346 747 364 736 372 684 372 675 364 667 359 666 359 664 359 662 359 625 366 605 370 599 366 575 344 575 342 573 342 571 342 525 342 523 342 522 342 520 342 520 344 496 368 492 372 448 372 444 368 411 342 409 342 407 342 405 342 324 359 304 342 302 342 300 342 298 342 297 342 271 352 219 342 217 342 215 342 147 370 147 409"/></Shape>
	    <String CONTENT="چون بر اين معنی وقوف يابند جهد کنند و بگوشند که از"
                    HPOS="147"
                    VPOS="342"
                    WIDTH="991"
                    HEIGHT="96"
                    WC="0.872695477604866"></String>
          </TextLine>

          
          
          <TextLine ID="eSc_line_58b5d176"
                    TAGREFS="LT4834"
                    BASELINE="160 508 1142 508" 
                    HPOS="160"
                    VPOS="447"
                    WIDTH="982"
                    HEIGHT="94">
            <Shape><Polygon POINTS="160 508 160 523 225 536 226 536 309 527 333 540 335 540 337 540 339 540 370 529 385 540 387 540 389 540 391 540 392 540 415 530 428 540 429 540 431 540 433 541 542 541 542 540 544 540 546 540 564 525 577 536 579 536 581 536 583 536 728 527 752 525 754 527 767 538 767 540 769 540 771 540 773 540 843 527 854 525 856 527 870 536 872 536 874 536 876 536 1005 527 1042 525 1046 527 1059 538 1059 540 1060 540 1062 540 1064 540 1142 527 1142 508 1136 447 1114 464 1057 458 1055 458 1053 458 1016 475 996 453 990 449 990 447 988 447 987 447 896 447 894 447 892 447 891 447 878 457 845 481 771 481 741 462 732 455 730 455 728 455 726 455 725 455 723 455 714 462 691 482 638 482 623 466 605 449 605 447 603 447 601 447 490 447 488 447 487 447 485 447 452 471 437 482 317 482 306 477 285 468 284 468 282 468 280 468 278 468 278 470 269 477 265 482 160 482 160 508"/></Shape>
	    <String CONTENT="کون نصاد بکون ترب رسند و اگر به گون ترب مانده ب"
                    HPOS="160"
                    VPOS="447"
                    WIDTH="982"
                    HEIGHT="94"
                    WC="0.8490589089850162"></String>
          </TextLine>

          
          
          <TextLine ID="eSc_line_62c6cd13"
                    TAGREFS="LT4834"
                    BASELINE="149 611 1142 602" 
                    HPOS="147"
                    VPOS="536"
                    WIDTH="995"
                    HEIGHT="107">
            <Shape><Polygon POINTS="149 611 149 626 282 628 345 643 346 643 348 643 404 628 413 635 413 637 415 637 416 637 514 641 516 641 518 641 588 623 592 623 605 623 878 637 880 637 881 637 883 637 902 624 918 632 920 632 922 632 924 632 964 619 966 619 998 619 1083 619 1105 635 1107 635 1108 635 1110 635 1112 635 1114 635 1142 619 1142 602 1136 565 1071 567 1066 565 1029 536 1027 536 1025 536 979 536 977 536 976 536 944 553 915 538 913 538 830 538 828 538 826 538 824 538 824 540 797 565 789 573 769 567 765 565 763 565 762 565 741 567 653 575 642 567 631 558 629 558 627 558 625 558 623 558 621 558 608 567 597 575 516 576 507 567 479 543 479 541 477 541 476 541 367 541 365 541 363 541 361 541 361 543 335 569 326 580 250 580 236 569 223 560 221 560 219 560 217 560 215 560 214 560 201 569 195 573 190 569 171 553 169 553 167 553 166 553 164 553 162 553 147 562 149 611"/></Shape>
	    <String CONTENT="جد و جهد بکند تا به گون و حدث رسند چرا که کون و حدت را"
                    HPOS="147"
                    VPOS="536"
                    WIDTH="995"
                    HEIGHT="107"
                    WC="0.843882664486214"></String>
          </TextLine>

          
          
          <TextLine ID="eSc_line_742b1e9c"
                    TAGREFS="LT4834"
                    BASELINE="154 713 1134 705" 
                    HPOS="153"
                    VPOS="656"
                    WIDTH="981"
                    HEIGHT="85">
            <Shape><Polygon POINTS="154 713 154 724 247 737 249 737 250 737 280 724 282 724 319 737 321 737 322 737 324 737 348 726 367 741 369 741 370 741 372 741 477 739 479 739 514 722 516 722 518 722 549 733 551 733 553 733 610 722 612 722 638 735 640 735 642 737 642 735 643 735 669 722 671 720 739 720 743 722 762 735 763 735 765 735 767 735 769 735 793 724 811 735 813 735 815 735 817 735 819 735 821 735 821 733 833 720 835 720 837 720 883 731 885 731 985 720 1000 718 1001 720 1016 733 1016 735 1018 735 1020 735 1022 737 1092 737 1092 735 1094 735 1134 718 1134 705 1127 665 1112 670 1101 665 1086 658 1084 658 1083 658 1081 658 1062 667 1044 674 1035 667 1023 656 1022 656 1020 656 979 656 977 656 976 656 974 656 955 669 940 678 913 678 905 669 902 667 902 665 900 665 898 665 896 665 894 665 892 665 887 669 881 672 878 670 865 659 865 658 863 658 861 658 780 658 778 658 776 658 726 672 721 674 714 672 693 667 691 667 690 667 651 674 621 680 570 678 568 676 549 659 547 659 546 659 544 659 542 659 501 678 494 682 442 682 440 678 429 669 429 667 428 667 426 667 424 667 422 667 396 680 392 682 389 680 372 669 370 669 369 669 367 669 365 669 363 669 345 680 343 682 339 680 304 669 302 669 300 669 298 669 297 669 276 682 274 682 226 672 225 672 153 683 154 713"/></Shape>
	    <String CONTENT="بهايی نباشد زبرا که صفات مقدس او را نه ميد"
                    HPOS="153"
                    VPOS="656"
                    WIDTH="981"
                    HEIGHT="85"
                    WC="0.9217123914332617"></String>
          </TextLine>

          
          
          <TextLine ID="eSc_line_dad361ae"
                    TAGREFS="LT4834"
                    BASELINE="151 807 1143 803" 
                    HPOS="149"
                    VPOS="755"
                    WIDTH="994"
                    HEIGHT="89">
            <Shape><Polygon POINTS="151 807 151 825 297 842 298 842 300 842 302 842 302 840 313 831 383 835 385 835 387 835 389 835 402 823 407 820 433 820 439 823 459 842 461 842 463 842 464 842 466 842 468 842 496 823 540 833 542 833 544 833 546 833 557 823 583 842 584 842 586 842 588 844 636 844 636 842 638 842 675 823 728 827 730 827 732 827 734 827 734 825 739 822 741 818 747 820 782 838 784 838 785 838 863 820 870 818 872 820 883 827 885 827 887 827 889 827 944 818 953 818 957 818 998 833 1000 833 1001 833 1003 833 1042 823 1059 838 1060 838 1062 838 1064 838 1066 838 1068 838 1068 836 1084 822 1142 816 1143 803 1140 766 1092 755 1090 755 1088 755 1086 755 1070 766 1068 768 1064 766 1033 755 1031 755 1029 755 1027 755 1025 755 1007 766 996 772 924 772 918 768 905 759 904 759 902 759 900 759 898 759 869 768 867 770 865 768 852 757 852 755 850 755 848 755 846 755 845 755 813 764 782 755 780 755 778 755 776 755 774 755 750 770 747 772 743 770 706 755 704 755 645 755 643 755 642 755 608 772 605 776 453 776 452 774 437 761 437 759 435 759 433 759 431 759 367 774 354 763 354 761 352 761 350 761 348 761 346 761 315 770 280 759 278 759 276 759 274 759 273 759 273 761 256 776 217 776 166 757 164 757 162 757 160 757 158 757 158 759 156 759 149 766 151 807"/></Shape>
	    <String CONTENT="و نه بهدايت و نه نهايت و نه ادل و نه آخر مشلاعلم قدرت"
                    HPOS="149"
                    VPOS="755"
                    WIDTH="994"
                    HEIGHT="89"
                    WC="0.9027156857428728"></String>
          </TextLine>

          
          
          <TextLine ID="eSc_line_f9c975af"
                    TAGREFS="LT4834"
                    BASELINE="149 912 1147 903" 
                    HPOS="147"
                    VPOS="849"
                    WIDTH="1000"
                    HEIGHT="96">
            <Shape><Polygon POINTS="149 912 149 923 169 932 171 932 173 932 249 923 260 923 261 923 282 943 282 945 284 945 285 945 287 945 476 943 477 943 479 943 490 934 544 943 546 943 547 943 608 925 621 921 627 925 642 934 643 934 645 934 734 936 736 936 738 936 758 925 773 917 802 925 854 940 856 940 857 941 900 941 900 940 902 940 904 940 915 929 937 938 939 938 940 938 942 938 944 938 944 936 955 925 966 916 1044 927 1068 929 1070 929 1083 927 1125 916 1140 927 1147 903 1142 864 1107 866 1103 864 1086 851 1084 851 1083 851 1081 851 1079 851 1049 864 1036 851 1036 849 1035 849 1033 849 961 849 959 849 929 853 928 853 926 853 926 855 911 868 902 877 835 877 819 870 778 853 776 853 774 853 773 853 712 871 690 877 660 871 570 857 568 857 566 857 533 875 531 875 527 875 503 868 501 868 500 868 498 868 481 875 474 879 470 875 444 855 442 855 440 855 439 855 437 855 435 855 409 877 405 881 322 881 319 879 302 862 302 860 300 860 298 860 271 857 269 857 267 857 265 857 250 870 245 866 245 864 243 864 241 864 239 864 238 864 201 881 199 882 147 882 149 912"/></Shape>
	    <String CONTENT="است و سيض و رحمت واحسان و بر حيزيرانت"
                    HPOS="147"
                    VPOS="849"
                    WIDTH="1000"
                    HEIGHT="96"
                    WC="0.9279851059655886"></String>
          </TextLine>

          
          
          <TextLine ID="eSc_line_d0ddc532"
                    TAGREFS="LT4834"
                    BASELINE="485 1008 1125 997" 
                    HPOS="483"
                    VPOS="938"
                    WIDTH="642"
                    HEIGHT="94">
            <Shape><Polygon POINTS="485 1008 485 1017 536 1030 538 1030 540 1030 570 1019 584 1032 586 1032 588 1032 590 1032 592 1032 594 1032 610 1017 656 1030 658 1030 660 1030 662 1030 706 1017 778 1028 780 1028 782 1028 784 1028 800 1015 878 1026 880 1026 881 1026 911 1011 926 1023 928 1023 929 1023 931 1023 933 1023 959 1015 1014 1024 1016 1024 1125 1006 1125 997 1116 941 1075 967 985 967 966 951 955 940 955 938 953 938 952 938 950 938 872 951 832 940 830 940 828 940 826 940 760 958 738 941 736 941 734 941 702 941 701 941 699 941 697 941 697 943 671 967 664 975 640 975 632 969 605 951 603 951 601 951 599 951 597 951 595 951 566 973 564 975 560 973 531 962 529 962 527 962 525 962 483 976 485 1008"/></Shape>
	    <String CONTENT="عز و علا کنند آنرا نهايت نيست"
                    HPOS="483"
                    VPOS="938"
                    WIDTH="642"
                    HEIGHT="94"
                    WC="0.8757185101509094"></String>
          </TextLine>

          
          
          <TextLine ID="eSc_line_73e6079a"
                    TAGREFS="LT4834"
                    BASELINE="151 1104 987 1100" 
                    HPOS="149"
                    VPOS="1034"
                    WIDTH="838"
                    HEIGHT="101">
            <Shape><Polygon POINTS="151 1104 151 1118 197 1128 199 1128 201 1128 221 1120 234 1117 276 1120 321 1126 322 1126 356 1122 405 1117 416 1124 422 1128 424 1128 426 1128 428 1128 429 1128 431 1128 431 1126 435 1124 440 1117 453 1124 461 1128 463 1128 464 1129 527 1129 527 1128 529 1128 536 1126 555 1118 573 1126 592 1133 594 1133 595 1135 682 1135 682 1133 684 1133 686 1133 691 1128 708 1115 756 1115 776 1129 782 1133 784 1133 785 1133 787 1135 850 1135 850 1133 852 1133 854 1133 857 1129 867 1122 878 1129 880 1131 880 1133 881 1133 883 1133 885 1133 887 1133 898 1131 939 1120 983 1131 987 1100 979 1043 952 1052 942 1043 933 1035 933 1034 931 1034 929 1034 894 1034 892 1034 891 1034 889 1034 889 1035 878 1047 867 1056 852 1047 845 1041 843 1041 841 1041 839 1041 837 1041 835 1041 826 1047 798 1063 782 1048 767 1035 767 1034 765 1034 763 1034 653 1034 651 1034 649 1034 647 1034 618 1054 601 1067 512 1067 481 1059 431 1045 429 1045 428 1045 426 1045 424 1045 404 1061 394 1069 297 1069 293 1065 276 1050 276 1048 274 1048 273 1048 271 1048 269 1048 267 1048 254 1058 223 1037 221 1037 219 1037 217 1037 215 1037 214 1037 214 1039 190 1061 149 1069 151 1104"/></Shape>
	    <String CONTENT="سکتابی باشد که بگون و حدت رسيده باشد و"
                    HPOS="149"
                    VPOS="1034"
                    WIDTH="838"
                    HEIGHT="101"
                    WC="0.9066198970142164"></String>
          </TextLine>

          
          
          <TextLine ID="eSc_line_708b22f9"
                    TAGREFS="LT4834"
                    BASELINE="162 1220 1149 1196" 
                    HPOS="160"
                    VPOS="1117"
                    WIDTH="989"
                    HEIGHT="130">
            <Shape><Polygon POINTS="162 1220 162 1235 177 1247 178 1247 180 1247 182 1247 184 1247 241 1231 311 1246 313 1246 383 1244 385 1244 387 1244 409 1227 461 1242 463 1242 464 1242 527 1240 529 1240 531 1240 557 1223 595 1236 597 1236 599 1238 688 1238 688 1236 771 1218 787 1231 789 1231 791 1231 793 1231 795 1231 852 1216 854 1216 878 1216 913 1216 929 1227 931 1227 933 1227 935 1227 937 1227 968 1214 1035 1227 1036 1227 1149 1209 1149 1196 1142 1144 1119 1153 1110 1144 1081 1118 1081 1117 1079 1117 1077 1117 1075 1117 1073 1117 1071 1117 1071 1118 1044 1146 1036 1155 880 1159 850 1152 797 1139 795 1139 793 1139 791 1139 789 1139 769 1155 756 1164 701 1164 693 1157 662 1129 662 1128 660 1128 658 1128 656 1128 654 1128 618 1137 588 1129 586 1129 584 1129 583 1129 581 1129 538 1161 529 1168 520 1163 503 1153 501 1153 500 1153 498 1153 496 1153 483 1163 477 1166 464 1163 439 1157 411 1133 409 1133 407 1133 405 1133 319 1137 317 1137 315 1137 298 1148 238 1137 236 1137 197 1139 195 1139 193 1139 160 1164 162 1220"/></Shape>
	    <String CONTENT="امروز که قيامت است جهد بايد کرد که هر چند نيکی کنی نيکی"
                    HPOS="160"
                    VPOS="1117"
                    WIDTH="989"
                    HEIGHT="130"
                    WC="0.8961346057328311"></String>
          </TextLine>

          
          
          <TextLine ID="eSc_line_95a46a4e"
                    TAGREFS="LT4834"
                    BASELINE="171 1314 1154 1305" 
                    HPOS="169"
                    VPOS="1238"
                    WIDTH="985"
                    HEIGHT="107">
            <Shape><Polygon POINTS="171 1314 171 1325 219 1340 221 1340 223 1340 225 1340 256 1325 276 1343 278 1343 280 1343 282 1345 321 1345 321 1343 322 1343 324 1343 345 1325 381 1341 383 1341 385 1343 446 1343 446 1341 448 1341 450 1341 450 1340 464 1327 651 1340 653 1340 654 1340 691 1321 693 1321 758 1334 760 1334 762 1334 806 1319 808 1319 809 1319 826 1336 826 1338 828 1338 830 1338 832 1340 931 1340 931 1338 933 1338 935 1338 957 1319 957 1317 959 1319 983 1329 985 1329 987 1329 1071 1317 1081 1317 1086 1317 1134 1329 1136 1329 1138 1329 1140 1329 1154 1317 1154 1305 1149 1262 1066 1268 1059 1262 1029 1238 1027 1238 1025 1238 1023 1238 1022 1238 950 1264 935 1271 902 1271 896 1266 867 1240 867 1238 865 1238 863 1238 773 1238 771 1238 769 1238 767 1238 754 1247 701 1240 699 1240 697 1240 695 1240 677 1253 664 1242 664 1240 662 1240 660 1240 577 1240 575 1240 573 1240 500 1271 496 1275 453 1275 452 1273 416 1249 415 1249 413 1249 411 1249 409 1249 407 1249 369 1275 365 1277 317 1277 317 1275 297 1257 297 1255 295 1255 293 1255 291 1255 289 1255 287 1255 258 1277 169 1277 171 1314"/></Shape>
	    <String CONTENT="از خدا پيش يا بی گفته اند که هر که يک قدم پيش او آيد"
                    HPOS="169"
                    VPOS="1238"
                    WIDTH="985"
                    HEIGHT="107"
                    WC="0.8896347790394189"></String>
          </TextLine>

          
          
          <TextLine ID="eSc_line_8aa7e4a9"
                    TAGREFS="LT4834"
                    BASELINE="169 1417 1153 1402" 
                    HPOS="167"
                    VPOS="1345"
                    WIDTH="986"
                    HEIGHT="103">
            <Shape><Polygon POINTS="169 1417 169 1448 291 1424 350 1441 352 1441 354 1441 356 1441 381 1428 402 1441 407 1445 409 1445 411 1445 413 1445 415 1445 428 1439 470 1423 507 1430 509 1430 607 1421 625 1434 631 1437 632 1437 634 1437 636 1437 638 1437 651 1432 667 1424 710 1430 780 1439 782 1439 784 1439 835 1426 856 1421 876 1424 939 1435 940 1435 942 1435 944 1435 968 1421 977 1415 1001 1419 1038 1426 1040 1426 1042 1426 1071 1417 1084 1413 1149 1413 1153 1402 1145 1356 1116 1364 1107 1356 1099 1351 1099 1349 1097 1349 1095 1349 1094 1349 1092 1349 1090 1349 1079 1356 1066 1365 1003 1365 992 1360 974 1345 972 1345 970 1345 935 1345 933 1345 931 1345 929 1345 911 1362 905 1365 892 1362 850 1347 848 1347 846 1347 845 1347 804 1364 802 1364 780 1353 778 1353 776 1353 774 1353 773 1353 773 1354 762 1364 756 1369 739 1365 695 1354 693 1354 691 1354 654 1367 642 1371 638 1367 621 1353 619 1353 618 1353 616 1353 614 1353 612 1353 612 1354 595 1367 592 1373 566 1373 560 1369 538 1354 536 1354 535 1354 533 1354 531 1354 494 1371 488 1373 487 1371 470 1354 470 1353 468 1353 466 1353 464 1353 361 1354 359 1354 357 1354 357 1356 343 1371 298 1354 297 1354 295 1354 293 1354 291 1354 291 1356 273 1375 271 1376 269 1375 217 1360 215 1360 214 1360 212 1360 167 1375 169 1417"/></Shape>
	    <String CONTENT="خداوند تعالى دو كام بيتواز آيد خداوند على ذكره ابسلام"
                    HPOS="167"
                    VPOS="1345"
                    WIDTH="986"
                    HEIGHT="103"
                    WC="0.8894028332498338"></String>
          </TextLine>

          
          
          <TextLine ID="eSc_line_7a078303"
                    TAGREFS="LT4834"
                    BASELINE="167 1515 1151 1504" 
                    HPOS="166"
                    VPOS="1439"
                    WIDTH="985"
                    HEIGHT="100">
            <Shape><Polygon POINTS="167 1515 169 1539 214 1526 317 1535 324 1535 326 1535 328 1535 330 1535 343 1524 440 1524 461 1531 488 1539 490 1539 492 1539 494 1539 512 1529 527 1522 542 1529 551 1533 553 1533 555 1533 557 1533 559 1533 564 1528 573 1520 656 1520 666 1526 678 1535 680 1535 682 1535 684 1537 769 1537 769 1535 771 1535 773 1535 787 1522 791 1520 798 1522 850 1533 852 1533 854 1533 856 1533 856 1531 869 1520 869 1518 872 1520 904 1533 905 1533 907 1535 959 1535 959 1533 961 1533 1012 1517 1031 1531 1033 1531 1035 1531 1036 1533 1131 1533 1131 1531 1132 1531 1134 1531 1134 1529 1151 1513 1151 1504 1145 1452 1084 1465 1071 1454 1057 1441 1057 1439 1055 1439 1053 1439 1007 1439 1005 1439 1003 1439 976 1454 953 1445 952 1445 950 1445 948 1445 946 1445 931 1456 924 1461 898 1458 863 1452 861 1452 859 1452 841 1459 817 1467 782 1459 732 1450 730 1450 678 1458 660 1443 658 1443 656 1443 654 1443 653 1443 651 1443 618 1465 616 1465 601 1452 599 1452 597 1452 595 1452 594 1452 551 1465 535 1472 448 1472 442 1469 429 1456 429 1454 428 1454 426 1454 424 1454 348 1465 326 1448 324 1448 322 1448 271 1448 269 1448 267 1448 265 1448 265 1450 241 1472 166 1474 167 1515"/></Shape>
	    <String CONTENT="سفر مايد كه هان اى حاجيان خانه حفيقت خدا امروز که روز"
                    HPOS="166"
                    VPOS="1439"
                    WIDTH="985"
                    HEIGHT="100"
                    WC="0.9030463262548987"></String>
          </TextLine>

          
          
          <TextLine ID="eSc_line_747c0f14"
                    TAGREFS="LT4834"
                    BASELINE="175 1620 1156 1590" 
                    HPOS="173"
                    VPOS="1535"
                    WIDTH="983"
                    HEIGHT="109">
            <Shape><Polygon POINTS="175 1620 175 1644 232 1644 234 1644 236 1644 254 1629 302 1636 304 1636 306 1636 326 1627 348 1638 352 1640 354 1640 356 1640 380 1636 479 1622 520 1631 540 1635 542 1635 594 1631 595 1631 597 1631 597 1629 601 1627 608 1620 618 1625 619 1625 621 1625 623 1625 631 1625 728 1616 745 1620 769 1627 771 1627 773 1627 774 1627 776 1627 787 1618 791 1616 800 1618 837 1623 839 1623 841 1623 857 1614 865 1611 885 1614 935 1622 937 1622 1011 1609 1018 1607 1023 1607 1062 1618 1064 1618 1066 1618 1068 1618 1094 1603 1095 1603 1097 1603 1129 1616 1131 1616 1132 1616 1134 1616 1136 1616 1156 1601 1156 1590 1153 1546 1103 1539 1101 1539 1099 1539 1097 1539 1097 1541 1090 1548 1084 1555 1023 1555 1012 1550 1000 1544 998 1544 996 1544 994 1544 976 1552 963 1557 959 1552 952 1546 952 1544 950 1544 948 1544 946 1544 944 1544 922 1552 891 1537 889 1537 887 1537 885 1537 883 1537 859 1555 837 1537 837 1535 835 1535 833 1535 787 1535 785 1535 784 1535 717 1561 710 1564 704 1563 669 1546 667 1546 666 1546 664 1546 643 1555 608 1541 607 1541 605 1541 553 1548 551 1548 549 1548 549 1550 529 1568 511 1553 509 1553 507 1553 455 1550 453 1550 452 1550 380 1574 343 1550 341 1550 339 1550 297 1550 295 1550 293 1550 173 1581 175 1620"/></Shape>
	    <String CONTENT="قيامت است جهد کنيد تا مولانا جل جلاله همه را تو فسیق"
                    HPOS="173"
                    VPOS="1535"
                    WIDTH="983"
                    HEIGHT="109"
                    WC="0.9423781472903031"></String>
          </TextLine>

          
          
          <TextLine ID="eSc_line_7d712278"
                    TAGREFS="LT4834"
                    BASELINE="520 1706 1162 1695" 
                    HPOS="518"
                    VPOS="1627"
                    WIDTH="644"
                    HEIGHT="107">
            <Shape><Polygon POINTS="520 1706 520 1716 557 1734 559 1734 560 1734 562 1734 627 1716 730 1732 732 1732 859 1729 861 1729 863 1729 863 1727 880 1712 944 1721 946 1721 948 1721 981 1710 1047 1727 1049 1727 1051 1727 1053 1727 1055 1727 1055 1725 1075 1708 1119 1717 1121 1717 1123 1717 1162 1705 1162 1695 1154 1642 1131 1651 1118 1644 1095 1629 1094 1629 1092 1629 1090 1629 1088 1629 1059 1646 1040 1657 1003 1657 988 1647 946 1627 944 1627 869 1627 867 1627 865 1627 863 1627 848 1638 791 1629 789 1629 787 1629 785 1629 754 1657 750 1660 695 1660 695 1659 653 1640 651 1640 649 1640 647 1640 645 1640 645 1642 623 1662 621 1664 592 1664 579 1664 557 1644 555 1644 553 1644 551 1644 549 1644 547 1644 518 1660 520 1706"/></Shape>
	    <String CONTENT="ار زانی دارد به فضل و کرمه هوحسبنا"
                    HPOS="518"
                    VPOS="1627"
                    WIDTH="644"
                    HEIGHT="107"
                    WC="0.9614405106095707"></String>
          </TextLine>

          
          
          <TextLine ID="eSc_line_2c57e3d4"
                    TAGREFS="LT4834"
                    BASELINE="167 1819 1145 1800" 
                    HPOS="166"
                    VPOS="1736"
                    WIDTH="979"
                    HEIGHT="112">
            <Shape><Polygon POINTS="167 1819 167 1835 184 1847 186 1847 188 1847 190 1847 191 1847 232 1832 243 1828 247 1832 261 1845 261 1847 263 1847 265 1847 267 1848 306 1848 306 1847 308 1847 309 1847 309 1845 324 1830 332 1824 402 1824 409 1830 426 1845 428 1845 429 1845 431 1847 459 1847 459 1845 490 1843 492 1843 494 1843 511 1828 518 1821 527 1826 553 1841 555 1841 557 1843 605 1843 605 1841 607 1841 640 1824 656 1817 682 1824 710 1832 712 1832 714 1832 715 1832 717 1832 717 1830 725 1824 730 1815 806 1815 821 1823 843 1832 845 1832 846 1832 905 1821 952 1811 985 1819 1046 1834 1047 1834 1049 1834 1081 1817 1088 1813 1143 1815 1145 1800 1142 1736 1108 1736 1107 1736 1105 1736 1103 1736 1103 1738 1064 1764 1038 1764 1016 1741 1014 1740 1014 1738 1012 1738 1011 1738 940 1738 939 1738 937 1738 935 1738 924 1745 894 1767 730 1771 704 1756 684 1743 682 1743 680 1743 678 1743 677 1743 675 1743 658 1758 640 1775 546 1775 523 1765 481 1747 479 1747 477 1747 446 1749 444 1749 442 1749 442 1751 422 1771 416 1775 411 1771 381 1749 380 1749 378 1749 376 1749 374 1749 330 1760 306 1751 304 1751 302 1751 300 1751 247 1778 195 1753 193 1753 191 1753 190 1753 188 1753 188 1754 166 1775 167 1819"/></Shape>
	    <String CONTENT="در معتى تواريخ و در تا ريخ تمسام "
                    HPOS="166"
                    VPOS="1736"
                    WIDTH="979"
                    HEIGHT="112"
                    WC="0.9458941347671278"></String>
          </TextLine>

          
          
          <TextLine ID="eSc_line_d267edb4"
                    TAGREFS="LT4834"
                    BASELINE="177 1928 1162 1902" 
                    HPOS="175"
                    VPOS="1835"
                    WIDTH="987"
                    HEIGHT="128">
            <Shape><Polygon POINTS="177 1928 178 1963 225 1946 232 1953 234 1953 236 1953 238 1953 332 1942 356 1952 357 1952 359 1952 361 1952 396 1941 431 1953 437 1955 439 1955 440 1955 442 1955 452 1952 466 1948 470 1952 477 1959 479 1959 481 1959 483 1961 592 1961 592 1959 594 1959 595 1959 595 1957 608 1946 610 1946 612 1946 642 1952 643 1952 645 1952 662 1944 686 1933 734 1941 804 1953 806 1953 808 1953 837 1937 854 1929 959 1929 963 1933 977 1946 977 1948 979 1948 981 1948 983 1948 1090 1946 1092 1946 1094 1946 1094 1944 1114 1926 1119 1922 1160 1924 1162 1902 1158 1839 1149 1835 1147 1835 1145 1835 1143 1835 1142 1835 1142 1837 1136 1841 1123 1856 1053 1856 1033 1847 1018 1839 1016 1839 953 1839 952 1839 950 1839 948 1839 948 1841 939 1850 929 1861 896 1861 887 1852 878 1845 876 1845 874 1845 872 1845 870 1845 869 1845 869 1847 859 1854 850 1861 824 1854 809 1852 808 1852 806 1852 804 1852 804 1854 800 1856 793 1863 738 1861 736 1858 725 1848 725 1847 723 1847 721 1847 719 1847 621 1861 603 1848 601 1848 599 1848 597 1848 595 1848 594 1848 594 1850 579 1865 577 1869 571 1865 546 1852 544 1852 542 1852 540 1852 494 1869 487 1870 481 1869 459 1861 457 1861 455 1861 453 1861 452 1861 452 1863 450 1863 444 1870 442 1872 437 1870 383 1856 381 1856 380 1856 378 1856 376 1856 376 1858 357 1872 293 1863 291 1863 289 1863 287 1863 287 1865 274 1876 250 1859 249 1859 247 1859 208 1859 206 1859 204 1859 202 1859 175 1876 177 1928"/></Shape>
	    <String CONTENT="شدن اين حتاب از حريک محمد مصطفی صلی الله عليه واله و سلم"
                    HPOS="175"
                    VPOS="1835"
                    WIDTH="987"
                    HEIGHT="128"
                    WC="0.8691151860569205"></String>
          </TextLine>

          
        </TextBlock>
        
        <TextBlock HPOS="560"
                   VPOS="125"
                   WIDTH="139"
                   HEIGHT="94"
                   ID="eSc_textblock_c26e70e9"
                   TAGREFS="BT16059">
          <Shape><Polygon POINTS="597 125 677 140 699 189 583 219 560 154 597 125"/></Shape>
          
          
          <TextLine ID="eSc_line_a27fd303"
                    TAGREFS="LT4834"
                    BASELINE="599 180 667 180" 
                    HPOS="599"
                    VPOS="140"
                    WIDTH="68"
                    HEIGHT="68">
            <Shape><Polygon POINTS="599 180 599 202 666 208 667 180 667 147 599 140 599 180"/></Shape>
	    <String CONTENT=""
                    HPOS="599"
                    VPOS="140"
                    WIDTH="68"
                    HEIGHT="68"></String>
          </TextLine>

          
        </TextBlock>
        
        <TextBlock HPOS="583"
                   VPOS="1953"
                   WIDTH="160"
                   HEIGHT="117"
                   ID="eSc_textblock_f363c322"
                   TAGREFS="BT16061">
          <Shape><Polygon POINTS="634 1953 743 1976 721 2070 590 2025 583 1983 634 1953"/></Shape>
          
          
          <TextLine ID="eSc_line_d94246a8"
                    TAGREFS="LT4834"
                    BASELINE="614 2018 730 2012" 
                    HPOS="610"
                    VPOS="1963"
                    WIDTH="120"
                    HEIGHT="79">
            <Shape><Polygon POINTS="721 1970 706 1966 691 1972 675 1968 647 1963 645 1963 643 1963 610 1976 614 2018 614 2036 728 2042 730 2012 723 1970 721 1970"/></Shape>
	    <String CONTENT="چندين"
                    HPOS="610"
                    VPOS="1963"
                    WIDTH="120"
                    HEIGHT="79"
                    WC="0.9390735030174255"></String>
          </TextLine>

          
        </TextBlock>
        
        <TextBlock HPOS="1215"
                   VPOS="1703"
                   WIDTH="87"
                   HEIGHT="123"
                   ID="eSc_textblock_3d22bd49"
                   TAGREFS="BT16062">
          <Shape><Polygon POINTS="1245 1703 1302 1717 1295 1826 1215 1797 1245 1703"/></Shape>
          
          
          <TextLine ID="eSc_line_ee012b33"
                    TAGREFS="LT4834"
                    BASELINE="1225 1788 1260 1784" 
                    HPOS="1223"
                    VPOS="1764"
                    WIDTH="37"
                    HEIGHT="42">
            <Shape><Polygon POINTS="1223 1771 1225 1788 1226 1806 1260 1806 1260 1784 1254 1764 1223 1765 1223 1771"/></Shape>
	    <String CONTENT=""
                    HPOS="1223"
                    VPOS="1764"
                    WIDTH="37"
                    HEIGHT="42"></String>
          </TextLine>

          
        </TextBlock>
        

        
      </PrintSpace>
    </Page>
  </Layout>
</alto>
