<?xml version="1.0" encoding="UTF-8"?>
<alto xmlns:xsi="http://www.w3.org/2001/XMLSchema-instance"
      xmlns="http://www.loc.gov/standards/alto/ns-v4#"
      xsi:schemaLocation="http://www.loc.gov/standards/alto/ns-v4# http://www.loc.gov/standards/alto/v4/alto-4-2.xsd">
  <Description>
    <MeasurementUnit>pixel</MeasurementUnit>
    <sourceImageInformation>
      <fileName>TwoIsmailiTreatises049.jpg</fileName>
      
    </sourceImageInformation>
  </Description>
  
  <Tags>
    <OtherTag ID="BT16074" LABEL="MarginTextZone:commentary" DESCRIPTION="block type MarginTextZone:commentary"/><OtherTag ID="BT16073" LABEL="MarginTextZone:note#1" DESCRIPTION="block type MarginTextZone:note#1"/><OtherTag ID="BT16072" LABEL="MainZone:column#2" DESCRIPTION="block type MainZone:column#2"/><OtherTag ID="BT16071" LABEL="MainZone:column#3" DESCRIPTION="block type MainZone:column#3"/><OtherTag ID="BT16070" LABEL="GraphicZone:illustration" DESCRIPTION="block type GraphicZone:illustration"/><OtherTag ID="BT16069" LABEL="MainZone:column#1" DESCRIPTION="block type MainZone:column#1"/><OtherTag ID="BT16068" LABEL="MarginTextZone:note#2" DESCRIPTION="block type MarginTextZone:note#2"/><OtherTag ID="BT16067" LABEL="CustomZone:publication" DESCRIPTION="block type CustomZone:publication"/><OtherTag ID="BT16066" LABEL="RunningTitleZone" DESCRIPTION="block type RunningTitleZone"/><OtherTag ID="BT16065" LABEL="NumberingZone" DESCRIPTION="block type NumberingZone"/><OtherTag ID="BT16064" LABEL="default" DESCRIPTION="block type default"/><OtherTag ID="BT16063" LABEL="TitlePageZone" DESCRIPTION="block type TitlePageZone"/><OtherTag ID="BT16062" LABEL="NumberingZone:other" DESCRIPTION="block type NumberingZone:other"/><OtherTag ID="BT16061" LABEL="QuireMarksZone:catchwords" DESCRIPTION="block type QuireMarksZone:catchwords"/><OtherTag ID="BT16060" LABEL="MainZone" DESCRIPTION="block type MainZone"/><OtherTag ID="BT16059" LABEL="NumberingZone:page" DESCRIPTION="block type NumberingZone:page"/><OtherTag ID="BT16058" LABEL="MarginTextZone:note" DESCRIPTION="block type MarginTextZone:note"/><OtherTag ID="BT16057" LABEL="DigitizationArtefactZone" DESCRIPTION="block type DigitizationArtefactZone"/><OtherTag ID="BT4" LABEL="Illustration" DESCRIPTION="block type Illustration"/><OtherTag ID="BT3" LABEL="Commentary" DESCRIPTION="block type Commentary"/><OtherTag ID="BT2" LABEL="Main" DESCRIPTION="block type Main"/><OtherTag ID="BT1" LABEL="Title" DESCRIPTION="block type Title"/>
    <OtherTag ID="LT4834" LABEL="DefaultLine" DESCRIPTION="line type DefaultLine"/><OtherTag ID="LT4835" LABEL="HeadingLine:title" DESCRIPTION="line type HeadingLine:title"/>
  </Tags>
  
  <Layout>
    <Page WIDTH="1400"
          HEIGHT="2185"
          PHYSICAL_IMG_NR="45"
          ID="eSc_dummypage_">
      <PrintSpace HPOS="0"
                  VPOS="0"
                  WIDTH="1400"
                  HEIGHT="2185">
        
        <TextBlock HPOS="87"
                   VPOS="254"
                   WIDTH="1092"
                   HEIGHT="1608"
                   ID="eSc_textblock_39ee04c1"
                   TAGREFS="BT16060">
          <Shape><Polygon POINTS="153 254 967 254 1164 284 1179 1622 1157 1862 123 1855 87 422 153 254"/></Shape>
          
          
          <TextLine ID="eSc_line_3a8bfeba"
                    TAGREFS="LT4834"
                    BASELINE="144 345 1121 353" 
                    HPOS="142"
                    VPOS="291"
                    WIDTH="979"
                    HEIGHT="95">
            <Shape><Polygon POINTS="144 345 142 358 189 373 191 373 193 373 195 373 226 362 306 375 308 375 375 369 393 382 395 382 397 382 399 384 461 384 461 382 463 382 464 382 483 371 552 382 554 382 555 382 557 382 557 380 574 365 643 378 645 378 756 365 814 382 816 382 818 382 820 382 822 382 845 367 878 386 880 386 882 386 966 371 1004 380 1006 380 1008 380 1009 380 1028 371 1066 386 1068 386 1070 386 1071 386 1119 365 1121 353 1119 294 995 294 993 294 991 294 989 294 988 296 967 309 949 296 946 294 944 294 942 294 940 294 938 294 936 294 935 296 909 318 873 318 853 298 851 298 851 296 849 296 847 296 845 296 844 296 838 298 816 309 802 300 792 293 791 293 789 293 736 293 734 293 732 293 730 293 720 302 696 318 656 318 630 304 608 291 607 291 605 291 603 291 577 304 555 316 448 316 437 305 426 296 424 296 422 296 421 296 419 296 417 296 402 307 390 315 355 315 350 307 342 302 342 300 340 300 339 300 337 300 335 300 313 309 304 313 298 309 277 293 275 293 273 293 271 293 269 293 238 311 231 313 144 313 144 345"/></Shape>
	    <String CONTENT="به حق او که ايام زمان و حليفه دوضی و قاتم مقام آديند"
                    HPOS="142"
                    VPOS="291"
                    WIDTH="979"
                    HEIGHT="95"
                    WC="0.9207546649114141"></String>
          </TextLine>

          
          
          <TextLine ID="eSc_line_8a0ec97f"
                    TAGREFS="LT4834"
                    BASELINE="138 451 1122 444" 
                    HPOS="136"
                    VPOS="382"
                    WIDTH="986"
                    HEIGHT="105">
            <Shape><Polygon POINTS="138 451 138 477 158 487 160 487 162 487 164 487 200 477 227 467 278 475 309 478 311 478 313 478 315 478 320 473 333 466 408 466 415 473 428 484 428 486 430 486 432 486 433 487 525 487 525 486 526 486 572 469 583 466 588 469 601 480 603 480 605 480 607 480 670 471 710 484 712 484 714 484 716 484 718 484 741 467 743 466 745 467 763 482 763 484 765 484 767 484 769 486 838 486 838 484 840 484 842 484 842 482 860 467 1000 482 1002 482 1004 482 1006 482 1006 480 1026 462 1029 462 1090 471 1091 471 1093 471 1122 460 1122 444 1115 382 1029 409 1006 398 1004 398 1002 398 1000 398 980 409 971 400 971 398 969 398 967 398 966 398 964 398 962 398 942 411 871 411 782 411 756 395 738 384 736 384 734 384 694 384 692 384 690 384 689 384 689 386 676 398 661 411 619 402 617 402 616 402 614 402 614 404 603 415 576 415 559 402 539 387 537 387 535 387 534 387 532 387 497 404 446 386 444 386 442 386 441 386 439 386 439 387 415 407 410 415 390 415 384 409 370 396 368 396 366 396 364 396 362 396 342 407 319 387 317 387 315 387 224 387 222 387 220 387 195 400 184 393 182 393 180 393 178 393 176 393 175 393 136 413 138 451"/></Shape>
	    <String CONTENT="عال نيست بدين معنی که قوله تعالی آنی جاعل فی الارض"
                    HPOS="136"
                    VPOS="382"
                    WIDTH="986"
                    HEIGHT="105"
                    WC="0.8217748269146564"></String>
          </TextLine>

          
          
          <TextLine ID="eSc_line_a70d5e34"
                    TAGREFS="LT4834"
                    BASELINE="149 546 1133 553" 
                    HPOS="147"
                    VPOS="487"
                    WIDTH="986"
                    HEIGHT="92">
            <Shape><Polygon POINTS="149 546 147 557 229 573 231 573 233 573 273 560 348 573 350 573 448 562 461 573 461 575 463 575 464 575 466 575 468 575 508 562 521 573 521 575 523 575 525 575 526 575 594 566 614 573 616 573 617 573 619 573 621 573 621 571 628 564 654 577 656 577 658 577 723 575 725 575 727 575 738 564 740 564 751 564 907 577 909 577 911 577 944 566 947 566 957 566 1042 579 1044 579 1132 568 1133 553 1133 500 967 493 966 493 964 493 962 493 953 502 938 515 907 518 889 509 887 509 885 509 844 517 825 504 811 493 809 493 807 493 805 493 803 493 802 493 789 504 772 518 689 518 676 506 676 504 674 504 672 504 670 504 654 506 603 513 592 506 576 493 574 493 572 493 570 493 568 493 566 493 548 506 514 497 512 497 510 497 508 497 506 497 490 508 479 515 470 508 453 495 452 495 450 495 448 495 446 495 444 495 444 497 432 509 424 517 399 517 391 509 379 498 377 498 375 498 373 498 371 498 335 509 324 513 319 509 300 497 298 497 297 497 295 497 293 497 271 506 244 487 242 487 240 487 196 487 195 487 193 487 191 487 191 489 167 511 165 513 149 513 149 546"/></Shape>
	    <String CONTENT="خليفه عديث حضرت رسول عليه الشلام است که"
                    HPOS="147"
                    VPOS="487"
                    WIDTH="986"
                    HEIGHT="92"
                    WC="0.9649118849864373"></String>
          </TextLine>

          
          
          <TextLine ID="eSc_line_10ec2c9e"
                    TAGREFS="LT4834"
                    BASELINE="151 646 1126 655" 
                    HPOS="149"
                    VPOS="584"
                    WIDTH="977"
                    HEIGHT="98">
            <Shape><Polygon POINTS="151 646 149 666 165 673 167 673 169 673 171 673 173 673 184 664 189 660 215 664 246 670 247 670 297 664 337 660 368 664 435 675 437 675 506 664 526 662 545 664 621 679 736 680 738 682 845 682 845 680 847 680 849 680 862 670 875 679 875 680 876 680 878 680 880 680 882 680 911 670 927 682 929 682 931 682 933 682 935 682 962 670 1093 682 1095 682 1097 682 1124 666 1126 655 1122 611 1059 615 1053 609 1039 599 1039 597 1037 597 1035 597 1033 597 1031 597 1029 597 1029 599 1017 609 1013 615 986 615 973 609 942 597 940 597 938 597 936 597 905 609 896 613 849 609 792 606 791 606 771 609 749 615 743 609 723 589 723 588 721 588 720 588 661 588 659 588 658 588 656 588 634 604 617 589 617 588 616 588 614 588 483 586 481 586 479 586 477 586 455 600 441 589 439 589 437 589 435 589 433 589 432 589 432 591 413 609 410 613 348 613 340 609 311 599 309 599 308 599 306 599 286 606 266 586 266 584 264 584 262 584 202 584 200 584 198 584 196 584 196 586 173 609 171 609 151 609 151 646"/></Shape>
	    <String CONTENT="الوحلت الأرض من إمام ساعة لمادت بأهلها"
                    HPOS="149"
                    VPOS="584"
                    WIDTH="977"
                    HEIGHT="98"
                    WC="0.9943553921653003"></String>
          </TextLine>

          
          
          <TextLine ID="eSc_line_9da4dabd"
                    TAGREFS="LT4834"
                    BASELINE="260 742 1119 752" 
                    HPOS="258"
                    VPOS="682"
                    WIDTH="861"
                    HEIGHT="97">
            <Shape><Polygon POINTS="260 742 258 764 342 770 344 770 346 770 348 770 353 764 362 759 421 759 453 764 488 772 490 772 492 772 494 772 494 770 499 764 504 761 568 761 594 764 636 773 638 773 639 773 641 773 652 764 658 762 741 762 751 764 778 775 780 775 782 777 918 777 918 775 920 775 940 766 962 777 964 777 966 777 967 777 969 777 986 766 1050 777 1051 779 1051 777 1117 764 1119 752 1115 715 1093 719 1088 713 1062 690 1062 688 1060 688 1059 688 1004 688 1002 688 1000 688 998 688 998 690 986 701 973 690 973 688 971 688 969 688 885 686 884 686 882 686 880 686 849 710 838 717 761 717 752 708 732 691 730 691 729 691 727 691 725 691 723 691 705 708 698 711 692 708 678 695 676 695 674 695 672 695 670 695 669 695 669 697 658 706 648 715 594 715 585 706 568 691 568 690 566 690 565 690 508 682 506 682 428 690 426 690 402 702 386 711 260 701 260 742"/></Shape>
	    <String CONTENT="من مات ولم يعرف إمام رمانه فمات ميته"
                    HPOS="258"
                    VPOS="682"
                    WIDTH="861"
                    HEIGHT="97"
                    WC="0.9762379800951159"></String>
          </TextLine>

          
          
          <TextLine ID="eSc_line_66569b2c"
                    TAGREFS="LT4834"
                    BASELINE="149 844 1130 852" 
                    HPOS="147"
                    VPOS="779"
                    WIDTH="983"
                    HEIGHT="102">
            <Shape><Polygon POINTS="149 844 147 857 187 870 189 870 191 870 226 864 238 875 240 875 242 875 244 875 246 875 282 863 319 875 320 875 322 875 424 863 477 877 479 877 481 877 483 877 484 877 503 863 521 877 523 877 525 877 526 877 590 870 639 879 641 881 714 881 714 879 716 879 718 879 736 866 769 879 771 879 772 879 774 879 776 879 794 864 869 864 893 881 895 881 896 881 898 881 962 872 1002 879 1004 879 1006 879 1008 879 1008 877 1019 866 1048 881 1050 881 1051 881 1053 881 1075 870 1102 879 1104 879 1106 879 1108 879 1110 879 1128 864 1130 852 1128 817 1110 817 1110 815 1079 784 1079 782 1077 782 1075 782 1035 782 1033 782 1031 782 1029 782 995 804 971 784 969 784 967 784 966 784 964 784 962 784 962 786 933 812 915 801 913 801 911 801 909 801 907 801 905 801 905 802 893 813 860 782 860 781 858 781 856 781 802 781 800 781 798 781 769 795 756 784 756 782 754 782 752 782 751 782 749 782 709 793 690 781 689 781 687 781 625 779 623 779 621 779 619 779 619 781 586 810 585 813 550 813 546 810 532 797 532 795 530 795 528 795 526 795 525 795 523 795 504 810 501 813 419 813 410 808 391 801 390 801 388 801 386 801 384 801 373 808 370 810 342 808 273 801 271 801 269 801 267 801 262 806 257 812 193 812 187 806 171 790 171 788 169 788 167 788 165 788 164 788 162 788 162 790 149 801 149 844"/></Shape>
	    <String CONTENT="والجاهل فی النار يعی ر کس بميرد و ايام زمان خود را"
                    HPOS="147"
                    VPOS="779"
                    WIDTH="983"
                    HEIGHT="102"
                    WC="0.8945088803768158"></String>
          </TextLine>

          
          
          <TextLine ID="eSc_line_f51acd17"
                    TAGREFS="LT4834"
                    BASELINE="145 943 1121 939" 
                    HPOS="144"
                    VPOS="875"
                    WIDTH="977"
                    HEIGHT="95">
            <Shape><Polygon POINTS="145 943 145 957 346 970 348 970 350 970 384 957 386 957 390 957 461 966 463 966 599 957 627 970 628 970 630 970 632 970 634 970 652 959 803 968 805 968 867 955 880 966 880 968 882 968 884 968 885 968 989 955 991 955 1071 968 1073 968 1075 968 1121 954 1121 939 1117 881 1071 879 1070 879 1068 879 1066 879 1066 881 1064 881 1042 901 1031 894 1029 894 1028 894 1026 894 1024 894 998 903 978 884 971 877 971 875 969 875 967 875 926 875 924 875 922 875 920 875 907 886 885 904 860 888 844 875 842 875 840 875 785 875 783 875 782 875 780 875 780 877 765 890 752 904 723 892 712 886 710 886 709 886 679 892 621 906 592 897 590 897 588 897 586 897 561 908 415 908 408 901 399 894 399 892 397 892 395 892 393 892 391 892 375 901 340 877 339 877 337 877 253 877 251 877 249 877 247 877 220 895 167 894 165 894 164 894 144 903 145 943"/></Shape>
	    <String CONTENT="نشناسد مرگ او مرگ جاهلان باشد و چون کردکار خود ز"
                    HPOS="144"
                    VPOS="875"
                    WIDTH="977"
                    HEIGHT="95"
                    WC="0.9289236341913542"></String>
          </TextLine>

          
          
          <TextLine ID="eSc_line_532fd493"
                    TAGREFS="LT4834"
                    BASELINE="151 1036 1126 1045" 
                    HPOS="149"
                    VPOS="985"
                    WIDTH="977"
                    HEIGHT="91">
            <Shape><Polygon POINTS="151 1036 149 1048 167 1059 169 1059 171 1059 173 1059 297 1048 313 1048 317 1050 342 1068 344 1068 346 1068 348 1070 417 1070 417 1068 419 1068 421 1068 439 1054 442 1050 450 1054 466 1061 468 1061 470 1061 472 1061 473 1061 483 1056 495 1067 495 1068 497 1068 499 1068 501 1068 557 1057 572 1068 572 1070 574 1070 576 1070 577 1070 654 1061 665 1059 678 1061 736 1072 738 1072 740 1072 741 1072 756 1063 772 1054 827 1063 829 1063 831 1063 862 1056 875 1067 880 1072 882 1072 884 1072 885 1072 887 1072 889 1072 895 1068 918 1054 946 1068 947 1068 949 1068 1075 1056 1093 1072 1093 1074 1095 1074 1097 1074 1099 1076 1124 1076 1126 1045 1126 1003 1077 990 1075 990 1073 990 1071 990 1070 990 1048 1005 1044 1006 1037 1005 1011 995 1009 995 1008 995 1006 995 988 1003 973 1010 962 1003 951 995 949 995 947 995 946 995 944 995 920 1003 916 1005 915 1003 893 988 891 988 889 988 887 988 885 988 836 1003 818 1008 798 1003 738 988 736 988 734 988 732 988 730 988 730 990 716 1003 712 1008 689 1008 679 1003 650 986 648 986 647 986 645 986 643 986 619 1003 612 1008 574 1008 565 1003 545 990 543 990 541 990 539 990 537 990 501 1003 497 1005 495 1003 477 986 477 985 475 985 473 985 322 985 320 985 319 985 317 985 291 1003 288 1005 236 1005 235 1003 222 992 222 990 220 990 218 990 216 990 215 990 213 990 196 1003 195 1003 151 1003 151 1036"/></Shape>
	    <String CONTENT="بدان ست و معرفت رسول و امام زمان حال کرد مند و"
                    HPOS="149"
                    VPOS="985"
                    WIDTH="977"
                    HEIGHT="91"
                    WC="0.8890556641246962"></String>
          </TextLine>

          
          
          <TextLine ID="eSc_line_2892a384"
                    TAGREFS="LT4834"
                    BASELINE="145 1130 1130 1138" 
                    HPOS="144"
                    VPOS="1081"
                    WIDTH="986"
                    HEIGHT="82">
            <Shape><Polygon POINTS="145 1130 144 1145 233 1143 260 1147 313 1158 315 1158 317 1158 339 1147 350 1143 371 1147 426 1159 428 1159 481 1147 486 1147 490 1147 514 1159 515 1159 517 1159 519 1159 521 1159 535 1147 539 1145 546 1147 576 1158 577 1158 579 1158 581 1158 610 1147 619 1145 654 1147 796 1161 798 1161 875 1147 882 1147 889 1147 946 1163 947 1163 949 1163 1128 1147 1130 1138 1128 1097 1073 1085 1071 1085 1070 1085 1022 1097 991 1105 977 1097 955 1085 953 1085 951 1085 949 1085 947 1085 931 1097 922 1103 913 1097 884 1083 882 1083 880 1083 878 1083 876 1083 876 1085 862 1097 854 1105 778 1105 771 1097 754 1083 752 1083 751 1083 700 1083 698 1083 696 1083 656 1097 643 1103 632 1097 599 1081 597 1081 525 1081 523 1081 521 1081 468 1097 459 1101 457 1099 437 1081 435 1081 433 1081 432 1081 430 1081 395 1099 393 1099 390 1099 359 1088 357 1088 355 1088 353 1088 326 1099 322 1099 311 1099 238 1090 236 1090 193 1099 191 1099 189 1099 175 1087 173 1087 171 1087 169 1087 167 1087 145 1097 145 1130"/></Shape>
	    <String CONTENT="معاد خود را دانسته باشد بعد از آن بروى واجب باشد"
                    HPOS="144"
                    VPOS="1081"
                    WIDTH="986"
                    HEIGHT="82"
                    WC="0.9459121348906536"></String>
          </TextLine>

          
          
          <TextLine ID="eSc_line_54551917"
                    TAGREFS="LT4834"
                    BASELINE="144 1241 1128 1238" 
                    HPOS="142"
                    VPOS="1172"
                    WIDTH="986"
                    HEIGHT="95">
            <Shape><Polygon POINTS="144 1241 144 1250 164 1265 165 1265 167 1265 169 1265 171 1265 173 1265 195 1249 205 1249 298 1250 309 1261 311 1261 313 1261 315 1261 317 1261 339 1250 377 1265 379 1265 380 1265 382 1265 435 1249 452 1263 452 1265 453 1265 455 1265 457 1267 552 1267 552 1265 554 1265 596 1252 679 1261 681 1261 683 1261 710 1247 736 1260 738 1260 740 1260 805 1247 807 1247 884 1263 885 1263 887 1263 889 1263 902 1250 998 1247 1080 1263 1082 1263 1084 1263 1128 1245 1128 1238 1122 1196 1044 1196 1042 1196 1026 1179 1026 1178 1024 1178 1022 1178 1020 1178 1019 1178 1017 1178 1000 1192 942 1172 940 1172 822 1172 820 1172 818 1172 816 1172 816 1174 792 1198 745 1198 725 1181 723 1181 721 1181 720 1181 628 1198 627 1198 610 1183 610 1181 608 1181 607 1181 605 1181 603 1181 585 1189 565 1179 563 1179 561 1179 559 1179 557 1179 557 1181 537 1198 537 1199 512 1199 512 1198 437 1174 435 1174 380 1174 379 1174 377 1174 375 1174 348 1198 324 1198 304 1179 304 1178 302 1178 300 1178 298 1178 297 1178 240 1196 171 1174 169 1174 167 1174 165 1174 164 1174 142 1190 144 1241"/></Shape>
	    <String CONTENT="شرانط بندگی و فرمان برداری بدين معنی که قوله تعالی"
                    HPOS="142"
                    VPOS="1172"
                    WIDTH="986"
                    HEIGHT="95"
                    WC="0.9119414842128754"></String>
          </TextLine>

          
          
          <TextLine ID="eSc_line_fec485d4"
                    TAGREFS="LT4834"
                    BASELINE="142 1347 1135 1340" 
                    HPOS="140"
                    VPOS="1258"
                    WIDTH="995"
                    HEIGHT="111">
            <Shape><Polygon POINTS="142 1347 142 1367 286 1369 288 1369 304 1367 390 1354 483 1354 501 1365 503 1365 504 1365 506 1365 508 1365 532 1354 548 1365 550 1367 552 1367 554 1367 555 1367 570 1365 645 1354 670 1365 672 1365 674 1365 676 1365 678 1365 679 1365 679 1363 692 1352 710 1365 712 1365 714 1365 716 1367 885 1367 885 1365 887 1365 891 1363 918 1351 1132 1361 1135 1340 1130 1258 1073 1270 1031 1261 1026 1260 1024 1260 1022 1260 940 1261 938 1261 936 1261 933 1265 920 1272 913 1265 907 1261 907 1260 905 1260 904 1260 902 1260 836 1261 834 1261 818 1269 796 1278 789 1269 782 1263 782 1261 780 1261 778 1261 776 1261 705 1263 645 1274 643 1274 641 1274 641 1276 625 1292 596 1292 579 1278 563 1263 561 1263 559 1263 492 1263 490 1263 488 1263 486 1263 486 1265 466 1281 455 1290 406 1283 386 1281 384 1281 382 1281 370 1285 340 1292 331 1287 326 1281 324 1281 322 1281 320 1281 319 1281 317 1281 309 1287 300 1294 140 1294 142 1347"/></Shape>
	    <String CONTENT="وما خلقت الجن والإنس إلا ليعبدون بيني بيافريدم"
                    HPOS="140"
                    VPOS="1258"
                    WIDTH="995"
                    HEIGHT="111"
                    WC="0.9180110370119413"></String>
          </TextLine>

          
          
          <TextLine ID="eSc_line_7076a6eb"
                    TAGREFS="LT4834"
                    BASELINE="145 1429 1130 1445" 
                    HPOS="144"
                    VPOS="1374"
                    WIDTH="986"
                    HEIGHT="95">
            <Shape><Polygon POINTS="145 1429 144 1434 195 1449 196 1449 198 1449 257 1440 269 1451 271 1451 273 1451 275 1451 382 1443 410 1442 413 1443 424 1454 424 1456 426 1456 428 1456 430 1456 497 1447 512 1445 528 1447 583 1460 585 1460 658 1453 710 1447 730 1454 749 1462 751 1462 752 1462 754 1462 767 1456 789 1447 909 1451 938 1462 949 1465 951 1465 953 1465 955 1465 966 1463 1013 1451 1048 1465 1053 1467 1055 1467 1057 1469 1128 1469 1130 1445 1130 1400 1099 1387 1097 1387 1095 1387 1093 1387 1091 1387 1071 1402 1060 1407 1000 1402 1000 1400 978 1382 978 1380 977 1380 975 1380 973 1380 971 1380 929 1394 909 1378 907 1378 905 1378 904 1378 789 1385 692 1374 690 1374 689 1374 659 1387 586 1374 585 1374 583 1374 534 1396 526 1398 494 1394 430 1389 428 1389 426 1389 411 1394 408 1396 406 1394 388 1380 386 1380 384 1380 382 1380 380 1380 379 1380 357 1394 353 1396 291 1396 288 1392 273 1380 271 1380 269 1380 267 1380 266 1380 249 1387 229 1378 227 1378 226 1378 224 1378 222 1378 202 1392 200 1392 145 1392 145 1429"/></Shape>
	    <String CONTENT="پریوادمی را الا از بهر آنکه مرا بيرستند و نشناسند و عبادت"
                    HPOS="144"
                    VPOS="1374"
                    WIDTH="986"
                    HEIGHT="95"
                    WC="0.8604433582774524"></String>
          </TextLine>

          
          
          <TextLine ID="eSc_line_3b08fbeb"
                    TAGREFS="LT4834"
                    BASELINE="147 1524 1137 1531" 
                    HPOS="145"
                    VPOS="1469"
                    WIDTH="992"
                    HEIGHT="89">
            <Shape><Polygon POINTS="147 1524 145 1538 147 1540 149 1540 149 1542 151 1542 153 1542 154 1542 195 1534 211 1547 213 1547 215 1547 216 1547 288 1534 348 1549 350 1549 351 1549 353 1549 401 1536 417 1549 417 1551 419 1551 421 1551 422 1551 506 1536 539 1553 541 1553 543 1553 545 1553 592 1536 751 1554 752 1554 871 1538 893 1556 895 1556 896 1556 898 1558 980 1558 980 1556 982 1556 984 1556 984 1554 1000 1540 1088 1554 1090 1554 1091 1554 1135 1538 1137 1531 1135 1474 1084 1483 1039 1474 1029 1474 1028 1474 1026 1474 1024 1474 1024 1476 1008 1493 969 1494 951 1476 949 1476 949 1474 947 1474 946 1474 944 1474 927 1476 854 1493 802 1480 800 1480 798 1480 796 1480 794 1480 776 1493 761 1482 760 1482 758 1482 756 1482 754 1482 752 1482 738 1493 681 1483 679 1483 678 1483 647 1493 619 1482 617 1482 616 1482 614 1482 607 1482 559 1491 548 1483 532 1471 530 1471 528 1471 508 1471 506 1471 504 1471 503 1471 503 1473 490 1483 483 1493 426 1493 406 1485 379 1478 377 1478 375 1478 335 1487 322 1489 319 1487 289 1469 288 1469 286 1469 171 1469 169 1469 167 1469 165 1469 147 1483 147 1524"/></Shape>
	    <String CONTENT="کنند يس پرستيدن موقوف است بشناخت و شناخت"
                    HPOS="145"
                    VPOS="1469"
                    WIDTH="992"
                    HEIGHT="89"
                    WC="0.9441095411777496"></String>
          </TextLine>

          
          
          <TextLine ID="eSc_line_9b73a3d2"
                    TAGREFS="LT4834"
                    BASELINE="154 1627 1135 1633" 
                    HPOS="153"
                    VPOS="1558"
                    WIDTH="982"
                    HEIGHT="104">
            <Shape><Polygon POINTS="154 1627 153 1636 226 1656 227 1656 229 1658 266 1658 266 1656 267 1656 269 1656 269 1655 284 1640 326 1656 328 1656 329 1656 331 1656 371 1640 459 1649 461 1649 463 1649 464 1649 479 1640 512 1658 514 1658 515 1660 548 1660 548 1658 550 1658 552 1658 572 1644 588 1656 590 1656 592 1656 594 1656 596 1656 597 1656 617 1642 740 1658 741 1658 743 1658 745 1658 745 1656 760 1642 805 1642 829 1651 831 1651 833 1651 834 1651 856 1644 878 1660 880 1660 882 1660 884 1660 1055 1644 1071 1658 1071 1660 1073 1660 1075 1660 1077 1662 1106 1662 1106 1660 1108 1660 1110 1660 1133 1642 1135 1633 1128 1573 1106 1589 1070 1589 1031 1573 1006 1564 1004 1564 1002 1564 1000 1564 975 1573 940 1562 938 1562 936 1562 935 1562 933 1562 918 1573 907 1584 833 1587 818 1575 818 1573 816 1573 814 1573 813 1573 803 1575 791 1576 782 1575 738 1560 736 1560 734 1560 732 1560 701 1575 678 1585 665 1575 656 1565 654 1565 652 1565 577 1560 576 1560 574 1560 572 1560 572 1562 557 1575 546 1585 453 1576 452 1576 346 1584 331 1575 304 1558 302 1558 300 1558 240 1558 238 1558 236 1558 235 1558 218 1569 175 1558 173 1558 171 1558 169 1558 167 1558 167 1560 154 1571 154 1627"/></Shape>
	    <String CONTENT="تعلی به ققل تها مشر نمشود زبرا که هر معرفت و هر صفتی که انسا"
                    HPOS="153"
                    VPOS="1558"
                    WIDTH="982"
                    HEIGHT="104"
                    WC="0.7934052407741546"></String>
          </TextLine>

          
          
          <TextLine ID="eSc_line_1caa14d3"
                    TAGREFS="LT4834"
                    BASELINE="149 1731 1135 1722" 
                    HPOS="147"
                    VPOS="1656"
                    WIDTH="988"
                    HEIGHT="108">
            <Shape><Polygon POINTS="149 1731 149 1742 202 1746 224 1762 226 1762 227 1762 229 1762 231 1762 266 1749 295 1764 297 1764 298 1764 300 1764 344 1740 346 1740 391 1760 393 1760 395 1760 397 1760 399 1760 399 1758 417 1742 437 1758 439 1758 441 1758 442 1758 444 1758 446 1758 475 1738 583 1738 585 1738 610 1758 612 1758 614 1758 616 1758 700 1751 736 1760 738 1760 740 1760 789 1758 791 1758 792 1758 792 1757 813 1737 864 1737 885 1757 885 1758 887 1758 889 1758 891 1760 936 1760 936 1758 938 1758 973 1744 1033 1757 1035 1757 1037 1757 1070 1738 1135 1731 1135 1722 1124 1673 1115 1686 1048 1686 1037 1673 1028 1666 1028 1664 1026 1664 1024 1664 1022 1664 1020 1664 1000 1673 960 1656 958 1656 957 1656 955 1656 953 1656 953 1658 935 1675 924 1687 909 1687 896 1675 880 1662 880 1660 878 1660 876 1660 875 1660 873 1660 871 1660 849 1675 834 1686 791 1676 774 1673 772 1673 754 1676 709 1687 696 1676 692 1675 692 1673 690 1673 689 1673 687 1673 685 1673 674 1676 656 1686 639 1678 621 1669 619 1669 617 1669 616 1669 596 1678 592 1680 590 1678 566 1660 565 1660 563 1660 561 1660 559 1660 497 1678 463 1689 437 1680 424 1675 422 1675 421 1675 419 1675 417 1675 411 1680 399 1691 375 1691 366 1682 366 1680 364 1680 362 1680 360 1680 359 1680 357 1680 344 1686 339 1680 320 1664 319 1664 317 1664 169 1664 167 1664 165 1664 164 1664 147 1675 149 1731"/></Shape>
	    <String CONTENT="ست بى تعليم حاصل نيشود پس شناصن حق تعالى شگل ترين"
                    HPOS="147"
                    VPOS="1656"
                    WIDTH="988"
                    HEIGHT="108"
                    WC="0.9195439304624285"></String>
          </TextLine>

          
          
          <TextLine ID="eSc_line_e73a24e9"
                    TAGREFS="LT4834"
                    BASELINE="147 1829 1144 1839" 
                    HPOS="145"
                    VPOS="1762"
                    WIDTH="999"
                    HEIGHT="97">
            <Shape><Polygon POINTS="147 1829 145 1839 162 1851 164 1851 165 1851 167 1851 291 1837 302 1837 391 1837 395 1839 426 1853 428 1853 430 1855 508 1855 508 1853 510 1853 534 1842 543 1839 579 1839 583 1842 597 1855 599 1855 601 1855 603 1855 696 1853 698 1853 700 1853 710 1846 720 1840 771 1846 798 1849 800 1849 802 1849 811 1848 833 1842 840 1848 849 1857 851 1857 853 1857 854 1859 887 1859 887 1857 889 1857 891 1857 891 1855 898 1849 905 1842 940 1849 958 1853 960 1853 982 1851 1029 1844 1039 1851 1046 1857 1046 1859 1048 1859 1050 1859 1051 1859 1142 1853 1144 1839 1144 1791 1126 1782 1124 1782 1122 1782 1121 1782 1095 1791 1082 1797 1075 1791 1066 1782 1066 1780 1064 1780 1062 1780 1060 1780 1059 1780 1031 1789 1008 1797 942 1797 924 1786 893 1769 891 1769 889 1769 887 1769 854 1778 818 1769 816 1769 814 1769 813 1769 811 1769 791 1782 783 1786 776 1782 754 1768 752 1768 751 1768 749 1768 747 1768 705 1778 672 1788 628 1777 592 1768 590 1768 588 1768 586 1768 585 1768 585 1769 577 1775 555 1793 492 1784 490 1784 488 1784 472 1791 455 1780 453 1780 452 1780 450 1780 448 1780 446 1780 446 1782 435 1791 404 1780 402 1780 401 1780 399 1780 355 1791 311 1778 309 1778 308 1778 306 1778 286 1786 260 1764 258 1764 257 1764 255 1764 253 1764 251 1764 226 1775 216 1766 216 1764 215 1764 213 1764 147 1762 147 1829"/></Shape>
	    <String CONTENT="چنزهاست و حق اولا بود که به تعليم اختياج داشته باشد وان"
                    HPOS="145"
                    VPOS="1762"
                    WIDTH="999"
                    HEIGHT="97"
                    WC="0.9078172878785566"></String>
          </TextLine>

          
        </TextBlock>
        
        <TextBlock HPOS="568"
                   VPOS="167"
                   WIDTH="152"
                   HEIGHT="86"
                   ID="eSc_textblock_bdc3416a"
                   TAGREFS="BT16059">
          <Shape><Polygon POINTS="612 167 712 182 720 238 576 253 568 203 612 167"/></Shape>
          
          
          <TextLine ID="eSc_line_b1416e9d"
                    TAGREFS="LT4834"
                    BASELINE="594 225 670 225" 
                    HPOS="594"
                    VPOS="180"
                    WIDTH="76"
                    HEIGHT="69">
            <Shape><Polygon POINTS="594 225 594 249 670 247 670 225 670 191 636 180 634 180 632 180 630 180 594 191 594 225"/></Shape>
	    <String CONTENT="ع"
                    HPOS="594"
                    VPOS="180"
                    WIDTH="76"
                    HEIGHT="69"
                    WC="0.968713104724884"></String>
          </TextLine>

          
        </TextBlock>
        
        <TextBlock HPOS="1195"
                   VPOS="284"
                   WIDTH="71"
                   HEIGHT="92"
                   ID="eSc_textblock_e9336cfd"
                   TAGREFS="BT16062">
          <Shape><Polygon POINTS="1212 284 1266 320 1252 376 1195 369 1212 284"/></Shape>
          
          
          <TextLine ID="eSc_line_8d129587"
                    TAGREFS="LT4834"
                    BASELINE="1199 344 1239 336" 
                    HPOS="1197"
                    VPOS="311"
                    WIDTH="46"
                    HEIGHT="67">
            <Shape><Polygon POINTS="1197 335 1199 344 1204 378 1243 358 1239 336 1232 311 1201 316 1197 335"/></Shape>
	    <String CONTENT=""
                    HPOS="1197"
                    VPOS="311"
                    WIDTH="46"
                    HEIGHT="67"></String>
          </TextLine>

          
        </TextBlock>
        
        <TextBlock HPOS="87"
                   VPOS="1871"
                   WIDTH="1143"
                   HEIGHT="93"
                   ID="eSc_textblock_8ad9c40d"
                   TAGREFS="BT16058">
          <Shape><Polygon POINTS="138 1871 1172 1879 1230 1906 1142 1964 138 1964 87 1942 87 1886 138 1871"/></Shape>
          
          
          <TextLine ID="eSc_line_f3d00885"
                    TAGREFS="LT4834"
                    BASELINE="167 1926 1144 1930" 
                    HPOS="165"
                    VPOS="1873"
                    WIDTH="979"
                    HEIGHT="88">
            <Shape><Polygon POINTS="1133 1877 1115 1877 1097 1877 1084 1877 1071 1888 1068 1893 1000 1893 995 1888 982 1877 969 1877 967 1877 940 1888 933 1891 929 1888 916 1877 915 1877 905 1875 887 1884 741 1875 740 1875 738 1875 736 1875 736 1877 725 1888 720 1891 659 1888 594 1882 592 1882 590 1882 588 1882 583 1886 577 1890 566 1886 521 1873 519 1873 517 1873 515 1873 490 1886 484 1890 479 1886 457 1873 455 1873 453 1873 452 1873 388 1886 370 1890 360 1886 342 1879 340 1879 339 1879 337 1879 335 1879 335 1880 328 1886 324 1891 286 1891 280 1886 273 1879 271 1879 269 1879 267 1879 266 1879 240 1886 238 1886 226 1875 226 1873 224 1873 222 1873 220 1873 167 1884 167 1926 165 1955 399 1959 401 1959 402 1959 404 1959 404 1957 408 1955 422 1942 537 1942 555 1953 557 1953 559 1953 561 1953 565 1953 656 1942 694 1944 703 1953 710 1959 710 1961 712 1961 714 1961 716 1961 718 1961 732 1953 745 1946 776 1953 816 1961 818 1961 856 1951 867 1950 878 1951 902 1959 904 1959 905 1959 907 1959 909 1959 918 1951 929 1944 1035 1944 1044 1951 1055 1961 1057 1961 1059 1961 1060 1961 1062 1961 1064 1961 1077 1951 1088 1944 1141 1950 1144 1930 1144 1886 1133 1877 1133 1877"/></Shape>
	    <String CONTENT="آيه  ازسوره البقرق ازسوره الذاريات"
                    HPOS="165"
                    VPOS="1873"
                    WIDTH="979"
                    HEIGHT="88"
                    WC="0.7952369519642422"></String>
          </TextLine>

          
        </TextBlock>
        
        <TextBlock HPOS="605"
                   VPOS="1973"
                   WIDTH="107"
                   HEIGHT="100"
                   ID="eSc_textblock_f697373f"
                   TAGREFS="BT16061">
          <Shape><Polygon POINTS="634 1973 712 1988 712 2066 612 2073 605 2010 634 1973"/></Shape>
          
          
          <TextLine ID="eSc_line_ffbf495c"
                    TAGREFS="LT4834"
                    BASELINE="621 2044 665 2035" 
                    HPOS="610"
                    VPOS="1977"
                    WIDTH="57"
                    HEIGHT="89">
            <Shape><Polygon POINTS="621 2044 627 2066 667 2050 665 2035 648 1977 610 1999 621 2044"/></Shape>
	    <String CONTENT="يم"
                    HPOS="610"
                    VPOS="1977"
                    WIDTH="57"
                    HEIGHT="89"
                    WC="0.8566784560680389"></String>
          </TextLine>

          
        </TextBlock>
        
        <TextBlock HPOS="1181"
                   VPOS="1762"
                   WIDTH="85"
                   HEIGHT="93"
                   ID="eSc_textblock_a9278f4b"
                   TAGREFS="BT16062">
          <Shape><Polygon POINTS="1241 1762 1266 1791 1259 1855 1181 1855 1188 1784 1241 1762"/></Shape>
          
          
          <TextLine ID="eSc_line_a069bd34"
                    TAGREFS="LT4834"
                    BASELINE="1179 1839 1235 1831" 
                    HPOS="1177"
                    VPOS="1773"
                    WIDTH="62"
                    HEIGHT="122">
            <Shape><Polygon POINTS="1177 1831 1179 1839 1184 1891 1239 1895 1235 1831 1221 1773 1186 1793 1177 1831"/></Shape>
	    <String CONTENT=""
                    HPOS="1177"
                    VPOS="1773"
                    WIDTH="62"
                    HEIGHT="122"></String>
          </TextLine>

          
        </TextBlock>
        

        
      </PrintSpace>
    </Page>
  </Layout>
</alto>
