<?xml version="1.0" encoding="UTF-8"?>
<alto xmlns:xsi="http://www.w3.org/2001/XMLSchema-instance"
      xmlns="http://www.loc.gov/standards/alto/ns-v4#"
      xsi:schemaLocation="http://www.loc.gov/standards/alto/ns-v4# http://www.loc.gov/standards/alto/v4/alto-4-2.xsd">
  <Description>
    <MeasurementUnit>pixel</MeasurementUnit>
    <sourceImageInformation>
      <fileName>TwoIsmailiTreatises017.jpg</fileName>
      
    </sourceImageInformation>
  </Description>
  
  <Tags>
    <OtherTag ID="BT16074" LABEL="MarginTextZone:commentary" DESCRIPTION="block type MarginTextZone:commentary"/><OtherTag ID="BT16073" LABEL="MarginTextZone:note#1" DESCRIPTION="block type MarginTextZone:note#1"/><OtherTag ID="BT16072" LABEL="MainZone:column#2" DESCRIPTION="block type MainZone:column#2"/><OtherTag ID="BT16071" LABEL="MainZone:column#3" DESCRIPTION="block type MainZone:column#3"/><OtherTag ID="BT16070" LABEL="GraphicZone:illustration" DESCRIPTION="block type GraphicZone:illustration"/><OtherTag ID="BT16069" LABEL="MainZone:column#1" DESCRIPTION="block type MainZone:column#1"/><OtherTag ID="BT16068" LABEL="MarginTextZone:note#2" DESCRIPTION="block type MarginTextZone:note#2"/><OtherTag ID="BT16067" LABEL="CustomZone:publication" DESCRIPTION="block type CustomZone:publication"/><OtherTag ID="BT16066" LABEL="RunningTitleZone" DESCRIPTION="block type RunningTitleZone"/><OtherTag ID="BT16065" LABEL="NumberingZone" DESCRIPTION="block type NumberingZone"/><OtherTag ID="BT16064" LABEL="default" DESCRIPTION="block type default"/><OtherTag ID="BT16063" LABEL="TitlePageZone" DESCRIPTION="block type TitlePageZone"/><OtherTag ID="BT16062" LABEL="NumberingZone:other" DESCRIPTION="block type NumberingZone:other"/><OtherTag ID="BT16061" LABEL="QuireMarksZone:catchwords" DESCRIPTION="block type QuireMarksZone:catchwords"/><OtherTag ID="BT16060" LABEL="MainZone" DESCRIPTION="block type MainZone"/><OtherTag ID="BT16059" LABEL="NumberingZone:page" DESCRIPTION="block type NumberingZone:page"/><OtherTag ID="BT16058" LABEL="MarginTextZone:note" DESCRIPTION="block type MarginTextZone:note"/><OtherTag ID="BT16057" LABEL="DigitizationArtefactZone" DESCRIPTION="block type DigitizationArtefactZone"/><OtherTag ID="BT4" LABEL="Illustration" DESCRIPTION="block type Illustration"/><OtherTag ID="BT3" LABEL="Commentary" DESCRIPTION="block type Commentary"/><OtherTag ID="BT2" LABEL="Main" DESCRIPTION="block type Main"/><OtherTag ID="BT1" LABEL="Title" DESCRIPTION="block type Title"/>
    <OtherTag ID="LT4834" LABEL="DefaultLine" DESCRIPTION="line type DefaultLine"/><OtherTag ID="LT4835" LABEL="HeadingLine:title" DESCRIPTION="line type HeadingLine:title"/>
  </Tags>
  
  <Layout>
    <Page WIDTH="1493"
          HEIGHT="2160"
          PHYSICAL_IMG_NR="13"
          ID="eSc_dummypage_">
      <PrintSpace HPOS="0"
                  VPOS="0"
                  WIDTH="1493"
                  HEIGHT="2160">
        
        <TextBlock HPOS="72"
                   VPOS="237"
                   WIDTH="1068"
                   HEIGHT="1698"
                   ID="eSc_textblock_4a0b5a32"
                   TAGREFS="BT16060">
          <Shape><Polygon POINTS="740 237 1082 244 1140 273 1111 302 1140 403 1118 540 1118 1899 1039 1935 93 1927 72 1173 93 1049 86 410 122 266 740 237"/></Shape>
          
          
          <TextLine ID="eSc_line_731fb047"
                    TAGREFS="LT4834"
                    BASELINE="302 329 1085 322" 
                    HPOS="300"
                    VPOS="262"
                    WIDTH="785"
                    HEIGHT="101">
            <Shape><Polygon POINTS="302 329 302 349 464 363 466 363 468 363 470 363 491 349 578 361 579 361 581 361 615 345 619 345 682 345 704 345 734 345 760 360 761 360 763 361 873 361 873 360 875 360 877 360 895 345 1004 351 1006 351 1084 340 1085 322 1080 286 1028 289 1022 284 1006 270 1006 268 1004 268 1003 268 1001 268 999 268 997 268 977 284 970 291 916 291 909 284 884 262 882 262 880 262 823 262 821 262 819 262 778 284 763 293 723 293 711 284 695 271 693 271 691 271 689 271 632 282 606 264 605 264 603 264 601 264 556 266 554 266 552 266 552 268 542 277 527 264 525 264 524 264 522 264 484 266 482 266 480 266 480 268 462 284 450 295 300 284 302 329"/></Shape>
	    <String CONTENT="و خداوند زمان مى گويند مقصوديک کس است"
                    HPOS="300"
                    VPOS="262"
                    WIDTH="785"
                    HEIGHT="101"
                    WC="0.9432181055481369"></String>
          </TextLine>

          
          
          <TextLine ID="eSc_line_32ffc12c"
                    TAGREFS="LT4834"
                    BASELINE="106 428 929 424" 
                    HPOS="104"
                    VPOS="379"
                    WIDTH="825"
                    HEIGHT="83">
            <Shape><Polygon POINTS="106 428 106 451 160 451 180 462 181 462 183 462 185 462 187 462 226 450 235 448 284 448 289 450 306 460 307 460 309 460 311 460 313 460 336 453 513 462 515 462 516 462 570 448 572 448 574 448 587 459 587 460 588 460 590 460 592 460 594 460 635 448 644 446 725 446 729 448 740 457 741 457 743 457 745 457 747 457 781 448 787 446 788 448 801 459 801 460 803 460 805 460 806 460 927 446 929 424 922 381 880 394 864 383 862 383 860 383 859 383 855 383 810 387 808 387 806 387 794 397 751 385 736 381 734 381 732 381 731 381 722 387 698 399 653 399 642 388 635 381 635 379 633 379 632 379 583 379 581 379 579 379 578 379 578 381 567 390 563 392 558 390 516 379 515 379 513 379 464 383 462 383 461 383 444 394 434 399 390 394 349 390 347 390 345 390 343 390 343 392 338 396 334 401 266 401 262 397 243 381 241 381 239 381 237 381 187 390 174 381 172 381 171 381 169 381 167 381 104 401 106 428"/></Shape>
	    <String CONTENT="و مردم هندوستان که ايشان را مود هنامند و بت بسازند"
                    HPOS="104"
                    VPOS="379"
                    WIDTH="825"
                    HEIGHT="83"
                    WC="0.8811889427900315"></String>
          </TextLine>

          
          
          <TextLine ID="eSc_line_2eaabf91"
                    TAGREFS="LT4834"
                    BASELINE="349 531 1064 527" 
                    HPOS="347"
                    VPOS="462"
                    WIDTH="717"
                    HEIGHT="103">
            <Shape><Polygon POINTS="349 531 349 540 399 541 432 563 434 563 435 563 437 565 461 565 461 563 462 563 464 563 464 561 484 545 488 541 511 545 549 550 551 550 570 547 592 541 599 547 614 561 614 563 615 563 617 563 619 565 673 565 673 563 675 563 677 563 677 561 689 550 696 545 752 549 754 549 756 549 758 549 769 540 821 554 842 559 844 559 846 559 848 559 860 554 880 547 898 556 909 561 911 561 913 563 963 563 963 561 965 561 972 558 1003 543 1021 559 1022 561 1024 561 1026 561 1028 561 1064 559 1064 527 1057 462 1021 480 986 464 981 462 979 462 977 462 976 462 968 464 907 489 875 477 873 477 871 477 869 477 835 489 801 475 799 475 797 475 796 475 763 489 732 471 714 462 713 462 711 462 657 464 655 464 653 464 653 466 644 475 637 482 619 475 608 471 606 471 605 471 603 471 601 471 596 475 572 493 533 493 518 478 518 477 516 477 515 477 513 477 511 477 504 478 488 484 484 478 468 466 468 464 466 464 464 464 439 464 437 464 435 464 434 464 434 466 417 480 407 491 347 484 349 531"/></Shape>
	    <String CONTENT="يکی را نام نارن خوانند و يکی را سايين گويند"
                    HPOS="347"
                    VPOS="462"
                    WIDTH="717"
                    HEIGHT="103"
                    WC="0.9020256524862245"></String>
          </TextLine>

          
          
          <TextLine ID="eSc_line_6d5fd789"
                    TAGREFS="LT4834"
                    BASELINE="127 631 934 624" 
                    HPOS="126"
                    VPOS="561"
                    WIDTH="808"
                    HEIGHT="96">
            <Shape><Polygon POINTS="127 631 127 646 158 657 160 657 162 657 351 644 369 644 372 644 403 655 405 655 407 657 529 657 529 655 615 653 617 653 619 653 619 651 630 642 637 642 794 651 796 651 797 651 799 651 814 640 932 639 934 624 932 590 871 565 869 565 868 565 866 565 778 588 751 563 751 561 749 561 747 561 729 561 727 561 725 561 723 561 698 579 677 563 675 563 673 563 592 563 590 563 588 563 587 563 587 565 558 592 540 594 525 594 524 594 477 565 475 565 473 565 444 565 443 565 441 565 439 565 394 594 392 595 316 595 315 595 277 567 275 567 273 567 230 567 228 567 226 567 225 567 225 568 196 595 196 597 126 597 127 631"/></Shape>
	    <String CONTENT="اما محققان روزگار يفتن کرده اند و گويند فلان ک"
                    HPOS="126"
                    VPOS="561"
                    WIDTH="808"
                    HEIGHT="96"
                    WC="0.9202427345773448"></String>
          </TextLine>

          
          
          <TextLine ID="eSc_line_17c05c22"
                    TAGREFS="LT4834"
                    BASELINE="113 725 1080 721" 
                    HPOS="111"
                    VPOS="655"
                    WIDTH="969"
                    HEIGHT="97">
            <Shape><Polygon POINTS="113 725 113 738 138 752 140 752 142 752 225 743 270 752 271 752 273 752 316 738 370 752 372 752 374 752 441 739 452 748 452 750 453 750 455 750 522 752 524 752 525 752 565 738 615 747 617 747 684 736 698 748 698 750 700 750 702 750 704 752 760 752 760 750 761 750 763 750 763 748 778 736 823 736 907 750 909 750 911 750 943 736 1051 743 1053 743 1055 743 1080 732 1080 721 1076 655 947 655 945 655 943 655 941 655 938 658 898 689 868 689 830 662 828 662 826 662 824 662 823 662 819 662 783 678 765 666 765 664 763 664 761 664 760 664 758 664 756 664 754 666 727 684 705 673 704 673 702 673 700 673 659 689 601 689 583 671 569 658 569 657 567 657 565 657 543 657 542 657 540 657 538 657 538 658 522 673 504 691 441 691 421 676 419 676 417 676 416 676 414 676 412 676 396 691 293 691 282 682 279 678 277 678 275 678 273 678 271 678 261 682 255 685 252 684 216 657 214 657 212 657 149 657 147 657 145 657 144 657 111 680 113 725"/></Shape>
	    <String CONTENT="از آنجا که گدورت خلق وضعف بندگی در ميان جماعت محقه ر"
                    HPOS="111"
                    VPOS="655"
                    WIDTH="969"
                    HEIGHT="97"
                    WC="0.8837414934950055"></String>
          </TextLine>

          
          
          <TextLine ID="eSc_line_7e851c0f"
                    TAGREFS="LT4834"
                    BASELINE="120 822 1080 813" 
                    HPOS="118"
                    VPOS="759"
                    WIDTH="962"
                    HEIGHT="94">
            <Shape><Polygon POINTS="120 822 120 838 160 851 162 851 163 853 208 853 208 851 210 851 212 851 228 838 230 837 232 838 244 844 246 844 248 844 334 837 356 835 363 837 416 849 417 849 419 849 470 840 500 849 502 849 504 849 506 849 527 837 540 847 542 847 543 847 545 849 635 849 635 847 637 847 666 835 696 846 698 846 700 847 839 847 839 846 841 846 875 831 904 838 905 838 907 838 983 829 1017 840 1019 840 1021 840 1080 826 1080 813 1073 763 1028 783 965 783 956 774 956 772 954 772 952 772 950 772 949 772 927 781 916 770 916 768 914 768 913 768 911 768 909 768 907 768 907 770 895 783 844 783 832 772 832 770 830 770 828 770 826 770 824 770 823 770 810 779 799 768 790 761 790 759 788 759 787 759 738 759 736 759 734 759 732 759 732 761 722 770 709 783 689 772 671 761 669 761 639 761 637 761 635 761 633 761 633 763 621 772 615 779 605 774 601 772 599 772 597 772 596 772 594 772 592 774 576 786 497 786 486 775 482 774 482 772 480 772 479 772 477 772 475 772 459 775 425 786 414 777 407 770 405 770 403 770 401 770 399 770 383 777 376 781 316 781 315 779 270 765 268 765 178 765 176 765 174 765 118 783 120 822"/></Shape>
	    <String CONTENT="است اشارت بمردى کرده اند که اين مرد موعود است و بعضی گوي"
                    HPOS="118"
                    VPOS="759"
                    WIDTH="962"
                    HEIGHT="94"
                    WC="0.911161015608481"></String>
          </TextLine>

          
          
          <TextLine ID="eSc_line_9ac2bdb4"
                    TAGREFS="LT4834"
                    BASELINE="120 921 1069 909" 
                    HPOS="118"
                    VPOS="862"
                    WIDTH="951"
                    HEIGHT="86">
            <Shape><Polygon POINTS="120 921 120 932 145 946 147 946 149 946 151 946 169 939 239 948 241 948 243 948 244 948 244 946 261 930 291 943 293 943 295 943 297 943 298 943 316 930 381 941 383 941 482 928 522 945 524 945 525 945 527 945 569 927 605 943 606 943 608 945 660 945 660 943 662 943 664 943 680 928 714 925 734 941 736 941 738 941 740 941 741 941 799 923 857 939 859 939 860 939 862 939 864 939 886 923 929 939 931 939 932 939 1069 918 1069 909 1062 862 1021 883 929 883 896 873 895 873 893 873 830 883 803 871 801 871 799 871 797 871 796 871 794 871 767 887 711 887 687 874 666 865 664 865 662 865 660 865 659 865 646 876 641 882 632 876 610 867 608 867 606 867 605 867 554 880 518 889 509 882 502 876 500 876 498 876 497 876 495 876 475 883 466 885 464 883 448 869 446 869 444 869 390 869 389 869 286 880 271 871 270 871 268 871 266 871 264 871 221 892 219 892 216 892 163 880 162 880 160 880 118 894 120 921"/></Shape>
	    <String CONTENT="ستورو عانب است و ازاين سيباست که ميان اين دوطا"
                    HPOS="118"
                    VPOS="862"
                    WIDTH="951"
                    HEIGHT="86"
                    WC="0.9097827595213185"></String>
          </TextLine>

          
          
          <TextLine ID="eSc_line_a5ec97c2"
                    TAGREFS="LT4834"
                    BASELINE="113 1017 1076 1008" 
                    HPOS="111"
                    VPOS="950"
                    WIDTH="965"
                    HEIGHT="99">
            <Shape><Polygon POINTS="113 1017 113 1029 133 1040 135 1040 136 1040 138 1040 140 1040 153 1029 208 1029 252 1047 253 1047 255 1049 304 1049 304 1047 345 1045 347 1045 381 1027 408 1027 425 1044 425 1045 426 1045 428 1045 430 1045 432 1045 459 1033 493 1045 495 1045 497 1045 545 1044 547 1044 549 1044 549 1042 569 1026 637 1042 639 1042 641 1042 642 1042 660 1027 684 1044 686 1044 687 1044 689 1044 691 1044 718 1033 815 1042 817 1042 819 1042 821 1042 842 1024 875 1033 877 1033 878 1033 880 1033 907 1022 961 1029 963 1029 1076 1018 1076 1008 1069 957 1049 968 1031 959 1030 959 1028 959 1026 959 1024 959 1024 961 1012 972 941 963 940 963 938 963 914 972 887 961 868 954 866 954 864 954 862 954 841 963 837 964 833 963 821 957 819 957 817 957 815 957 814 957 814 959 808 963 797 973 687 966 673 966 671 966 669 966 668 966 646 975 633 968 632 966 630 966 628 966 626 966 615 968 583 975 574 970 545 950 543 950 542 950 540 950 538 950 513 964 497 950 495 950 493 950 491 950 459 952 457 952 455 952 426 973 421 975 417 973 396 954 396 952 394 952 392 952 390 952 190 954 189 954 187 954 169 968 147 964 145 964 144 964 111 977 113 1017"/></Shape>
	    <String CONTENT="عدادت است به حول و قوت مولانا علی ذکره السجود و التسيح"
                    HPOS="111"
                    VPOS="950"
                    WIDTH="965"
                    HEIGHT="99"
                    WC="0.896129347383976"></String>
          </TextLine>

          
          
          <TextLine ID="eSc_line_05ec7022"
                    TAGREFS="LT4834"
                    BASELINE="126 1110 1075 1114" 
                    HPOS="124"
                    VPOS="1053"
                    WIDTH="951"
                    HEIGHT="93">
            <Shape><Polygon POINTS="124 1125 176 1144 178 1144 180 1144 181 1144 216 1126 288 1144 289 1144 291 1146 351 1146 351 1144 352 1144 354 1144 376 1126 432 1144 434 1144 435 1144 520 1143 522 1143 524 1143 547 1126 551 1126 587 1126 588 1126 608 1144 610 1144 612 1144 614 1144 666 1143 668 1143 695 1128 698 1128 792 1146 794 1146 842 1135 880 1144 882 1144 884 1144 886 1144 887 1144 907 1130 911 1128 914 1130 954 1146 956 1146 958 1146 959 1146 992 1130 997 1128 1004 1130 1048 1146 1049 1146 1051 1146 1053 1146 1055 1146 1073 1132 1075 1114 1069 1054 1022 1076 983 1065 981 1065 979 1065 977 1065 959 1071 943 1056 943 1054 941 1054 940 1054 938 1054 936 1054 934 1054 869 1072 833 1054 832 1054 830 1054 828 1054 826 1054 824 1054 792 1078 767 1078 751 1063 751 1062 749 1062 747 1062 745 1062 743 1062 741 1062 741 1063 731 1074 678 1076 659 1060 657 1060 655 1060 653 1060 651 1060 650 1060 628 1074 605 1054 603 1053 601 1053 599 1053 597 1053 596 1053 588 1054 542 1072 522 1054 520 1053 518 1053 516 1053 459 1053 457 1053 455 1053 448 1054 403 1074 333 1065 331 1065 329 1065 313 1074 295 1056 293 1054 293 1053 291 1053 289 1053 262 1053 261 1053 259 1053 252 1056 216 1076 176 1076 127 1056 126 1110 124 1125"/></Shape>
	    <String CONTENT="اچه درين معنی ه وفيق يابد در باب سيوم گفته شودان شا الله ع"
                    HPOS="124"
                    VPOS="1053"
                    WIDTH="951"
                    HEIGHT="93"
                    WC="0.803380083421181"></String>
          </TextLine>

          
          
          <TextLine ID="eSc_line_c1b45aef"
                    TAGREFS="LT4834"
                    BASELINE="115 1222 1055 1207" 
                    HPOS="113"
                    VPOS="1148"
                    WIDTH="942"
                    HEIGHT="99">
            <Shape><Polygon POINTS="115 1222 115 1240 154 1247 156 1247 158 1247 171 1240 185 1233 226 1240 244 1242 246 1242 248 1242 250 1242 252 1240 262 1231 311 1231 361 1238 405 1243 407 1243 408 1243 410 1243 410 1242 416 1238 421 1233 439 1236 455 1240 457 1240 459 1240 470 1236 498 1227 507 1236 513 1240 513 1242 515 1242 516 1242 518 1243 570 1243 570 1242 572 1242 597 1234 637 1225 666 1225 678 1234 686 1240 687 1240 689 1240 691 1240 693 1240 709 1234 722 1229 741 1233 765 1238 767 1238 769 1238 770 1238 770 1236 774 1233 785 1222 817 1222 841 1233 850 1236 851 1236 853 1236 893 1231 983 1220 1051 1229 1055 1207 1051 1152 1017 1150 1015 1150 1013 1150 1008 1152 967 1175 868 1175 850 1159 841 1150 841 1148 839 1148 837 1148 817 1148 815 1148 814 1148 788 1161 763 1173 729 1162 725 1162 723 1162 722 1162 720 1162 718 1162 718 1164 695 1179 628 1179 615 1168 597 1152 596 1152 594 1152 592 1152 477 1153 475 1153 430 1175 421 1179 412 1175 389 1166 387 1166 385 1166 383 1166 381 1166 365 1177 363 1179 361 1177 351 1171 349 1171 347 1171 345 1171 320 1179 302 1184 297 1180 277 1164 275 1164 273 1164 230 1157 228 1157 181 1162 180 1162 178 1162 178 1164 156 1186 154 1188 113 1188 115 1222"/></Shape>
	    <String CONTENT="هسوهم در معنى نكه درين دوران نخص"
                    HPOS="113"
                    VPOS="1148"
                    WIDTH="942"
                    HEIGHT="99"
                    WC="0.9481446612626314"></String>
          </TextLine>

          
          
          <TextLine ID="eSc_line_27197ae4"
                    TAGREFS="LT4834"
                    BASELINE="520 1314 1062 1306" 
                    HPOS="518"
                    VPOS="1234"
                    WIDTH="544"
                    HEIGHT="114">
            <Shape><Polygon POINTS="520 1314 520 1324 549 1335 551 1335 552 1335 554 1335 579 1326 599 1344 599 1346 601 1346 603 1346 605 1348 646 1348 646 1346 648 1346 650 1346 650 1344 662 1332 678 1344 680 1344 682 1344 684 1344 729 1335 774 1344 776 1344 778 1344 779 1344 810 1321 812 1321 857 1321 859 1321 884 1342 886 1342 887 1342 889 1342 891 1342 927 1324 1006 1333 1008 1333 1010 1333 1012 1333 1012 1332 1026 1319 1060 1319 1062 1306 1053 1242 1017 1265 988 1247 970 1234 968 1234 967 1234 965 1234 895 1236 893 1236 857 1254 826 1272 770 1272 751 1261 705 1238 704 1238 666 1238 664 1238 662 1238 660 1238 660 1240 630 1267 594 1260 592 1260 590 1260 558 1274 545 1263 543 1263 542 1263 540 1263 538 1263 536 1263 518 1272 520 1314"/></Shape>
	    <String CONTENT="يست و در کجا نشيند و چه انام دارد"
                    HPOS="518"
                    VPOS="1234"
                    WIDTH="544"
                    HEIGHT="114"
                    WC="0.9150908047502692"></String>
          </TextLine>

          
          
          <TextLine ID="eSc_line_c27a1f25"
                    TAGREFS="LT4834"
                    BASELINE="127 1411 931 1404" 
                    HPOS="126"
                    VPOS="1348"
                    WIDTH="805"
                    HEIGHT="84">
            <Shape><Polygon POINTS="127 1411 127 1420 147 1429 149 1429 151 1429 153 1429 171 1420 181 1431 181 1432 183 1432 185 1432 187 1432 246 1420 252 1420 255 1420 279 1431 280 1431 282 1431 284 1431 315 1422 318 1420 324 1422 345 1429 347 1429 349 1429 351 1429 367 1422 374 1418 423 1418 426 1422 435 1429 435 1431 437 1431 439 1431 441 1432 527 1432 527 1431 529 1431 549 1422 560 1416 578 1422 590 1425 592 1425 594 1425 614 1422 641 1416 655 1422 671 1429 673 1429 675 1429 722 1422 749 1418 760 1422 772 1427 774 1427 776 1427 929 1422 931 1404 923 1357 884 1368 808 1359 758 1353 756 1353 754 1353 752 1353 752 1355 745 1360 738 1369 695 1369 686 1362 673 1350 673 1348 671 1348 669 1348 646 1348 644 1348 642 1348 641 1348 621 1362 614 1368 587 1364 560 1360 558 1360 504 1366 446 1371 441 1368 425 1353 423 1353 421 1353 419 1353 417 1353 405 1360 394 1350 392 1350 390 1350 325 1350 324 1350 126 1373 127 1411"/></Shape>
	    <String CONTENT="و در ميان عامه و خاصه معروف است که بيعمر اشار"
                    HPOS="126"
                    VPOS="1348"
                    WIDTH="805"
                    HEIGHT="84"
                    WC="0.9242505881521437"></String>
          </TextLine>

          
          
          <TextLine ID="eSc_line_6aca780b"
                    TAGREFS="LT4834"
                    BASELINE="122 1508 1082 1499" 
                    HPOS="120"
                    VPOS="1432"
                    WIDTH="962"
                    HEIGHT="107">
            <Shape><Polygon POINTS="122 1508 122 1521 180 1530 181 1530 183 1530 185 1530 196 1521 216 1539 217 1539 219 1539 221 1539 223 1539 248 1530 293 1539 295 1539 297 1539 298 1539 318 1521 343 1519 351 1519 356 1519 425 1528 426 1528 484 1519 516 1535 518 1535 520 1535 522 1535 524 1535 524 1533 542 1517 570 1517 581 1517 599 1533 599 1535 601 1535 603 1535 605 1537 696 1537 696 1535 752 1533 754 1533 756 1533 756 1531 772 1515 796 1515 866 1533 868 1533 869 1533 871 1533 914 1513 932 1530 932 1531 934 1531 936 1531 938 1531 940 1531 972 1517 1033 1531 1035 1531 1037 1531 1082 1510 1082 1499 1076 1432 999 1436 997 1436 995 1436 995 1438 972 1458 851 1458 828 1441 823 1436 821 1436 819 1436 817 1436 815 1436 805 1441 788 1450 769 1443 743 1434 741 1434 740 1434 738 1434 736 1434 722 1445 698 1461 623 1461 597 1450 563 1436 561 1436 560 1436 558 1436 540 1445 506 1436 504 1436 502 1436 475 1438 473 1438 471 1438 450 1456 439 1463 398 1458 347 1450 345 1450 343 1450 313 1459 298 1465 289 1461 262 1449 261 1449 259 1449 257 1449 230 1461 203 1443 201 1443 199 1443 198 1443 196 1443 194 1443 158 1467 120 1467 122 1508"/></Shape>
	    <String CONTENT="قايم القيامة به مولانا علی ابن ابی طالب کرده است چون از حضر"
                    HPOS="120"
                    VPOS="1432"
                    WIDTH="962"
                    HEIGHT="107"
                    WC="0.877278260255264"></String>
          </TextLine>

          
          
          <TextLine ID="eSc_line_d0b27c39"
                    TAGREFS="LT4834"
                    BASELINE="120 1605 1080 1596" 
                    HPOS="118"
                    VPOS="1530"
                    WIDTH="962"
                    HEIGHT="108">
            <Shape><Polygon POINTS="120 1605 120 1623 135 1636 136 1636 138 1636 140 1638 190 1638 190 1636 192 1636 194 1636 221 1618 225 1614 239 1618 268 1623 270 1623 315 1616 316 1616 336 1630 338 1630 340 1630 342 1630 343 1630 378 1614 385 1612 390 1614 434 1634 435 1634 437 1636 482 1636 482 1634 484 1634 486 1634 511 1612 515 1611 637 1611 641 1611 675 1632 677 1632 678 1632 680 1632 682 1632 684 1632 684 1630 698 1620 754 1630 756 1630 758 1630 790 1612 801 1620 803 1620 805 1620 806 1620 808 1620 853 1609 882 1630 884 1630 886 1630 887 1630 889 1630 891 1630 918 1607 956 1629 958 1629 959 1630 1022 1630 1022 1629 1024 1629 1026 1629 1051 1605 1080 1603 1080 1596 1078 1549 1031 1533 1030 1533 1028 1533 1026 1533 1024 1533 1003 1549 999 1553 994 1549 972 1533 970 1533 968 1533 967 1533 965 1533 963 1533 940 1551 932 1557 905 1557 900 1551 869 1530 868 1530 866 1530 754 1530 752 1530 751 1530 732 1539 704 1530 702 1530 700 1530 698 1530 696 1530 662 1555 657 1558 653 1555 617 1531 615 1531 614 1531 540 1531 538 1531 536 1531 534 1531 500 1557 495 1560 459 1558 342 1549 340 1549 338 1549 316 1560 284 1540 282 1540 280 1540 279 1540 277 1540 275 1540 262 1551 250 1544 248 1544 246 1544 244 1544 243 1544 243 1546 225 1562 223 1562 219 1562 169 1551 167 1551 118 1562 120 1605"/></Shape>
	    <String CONTENT="رسول رسيدند که قاثم القيامه چه کس باشد فرمودند هل"
                    HPOS="118"
                    VPOS="1530"
                    WIDTH="962"
                    HEIGHT="108"
                    WC="0.8904374515523716"></String>
          </TextLine>

          
          
          <TextLine ID="eSc_line_3f3ede33"
                    TAGREFS="LT4834"
                    BASELINE="126 1704 1062 1692" 
                    HPOS="124"
                    VPOS="1632"
                    WIDTH="938"
                    HEIGHT="103">
            <Shape><Polygon POINTS="126 1704 126 1717 162 1717 163 1717 210 1735 212 1735 214 1735 216 1735 217 1735 217 1733 237 1717 311 1733 313 1733 315 1733 316 1733 345 1715 399 1728 401 1728 403 1728 441 1713 459 1729 459 1731 461 1731 462 1731 464 1733 524 1733 524 1731 567 1728 569 1728 570 1728 570 1726 587 1711 608 1724 610 1724 612 1724 614 1724 637 1715 646 1724 646 1726 648 1726 650 1726 651 1726 653 1726 709 1711 743 1728 745 1728 747 1728 749 1728 751 1728 751 1726 767 1711 817 1722 819 1722 821 1722 823 1722 823 1720 837 1708 859 1708 923 1726 925 1726 927 1726 929 1726 970 1715 1035 1724 1037 1724 1039 1724 1040 1724 1062 1704 1062 1692 1057 1632 958 1648 936 1636 931 1632 929 1632 927 1632 925 1632 923 1632 922 1632 914 1638 891 1650 857 1639 841 1634 839 1634 837 1634 835 1634 833 1634 833 1636 828 1639 812 1657 790 1657 725 1645 709 1641 707 1641 705 1641 704 1641 700 1645 684 1657 666 1647 655 1639 653 1639 651 1639 650 1639 648 1639 628 1648 615 1654 612 1648 601 1639 601 1638 599 1638 597 1638 525 1638 524 1638 522 1638 489 1650 461 1639 459 1639 457 1639 455 1639 453 1639 453 1641 439 1656 434 1661 423 1656 398 1645 396 1645 394 1645 392 1645 390 1645 370 1657 360 1665 253 1665 244 1663 212 1652 210 1652 208 1652 207 1652 205 1652 205 1654 192 1665 192 1666 124 1666 126 1704"/></Shape>
	    <String CONTENT="ن ابى طالب چون جاى ديگر هم از و پرسيدند فرمودند"
                    HPOS="124"
                    VPOS="1632"
                    WIDTH="938"
                    HEIGHT="103"
                    WC="0.903846469331295"></String>
          </TextLine>

          
          
          <TextLine ID="eSc_line_69a66348"
                    TAGREFS="LT4834"
                    BASELINE="124 1801 1085 1792" 
                    HPOS="122"
                    VPOS="1738"
                    WIDTH="963"
                    HEIGHT="90">
            <Shape><Polygon POINTS="124 1801 124 1812 174 1825 176 1825 178 1825 210 1814 257 1828 259 1828 261 1828 262 1828 264 1828 282 1814 405 1827 407 1827 408 1827 448 1812 498 1827 500 1827 502 1827 504 1827 506 1827 506 1825 507 1825 513 1818 520 1825 522 1825 524 1825 525 1827 624 1827 624 1825 700 1809 727 1823 729 1823 731 1823 732 1823 758 1810 801 1823 803 1823 805 1823 806 1823 808 1823 808 1821 824 1809 904 1809 936 1821 938 1821 940 1821 941 1821 943 1821 943 1819 958 1807 1044 1821 1046 1821 1048 1821 1085 1803 1085 1792 1082 1755 900 1751 898 1751 896 1751 878 1756 862 1760 855 1756 823 1738 821 1738 819 1738 817 1738 815 1738 815 1740 797 1756 794 1762 729 1762 723 1756 702 1738 700 1738 698 1738 696 1738 695 1738 650 1758 646 1760 642 1758 615 1740 614 1740 612 1740 574 1740 572 1740 570 1740 569 1740 569 1742 554 1753 511 1746 509 1746 507 1746 506 1746 486 1760 479 1764 470 1760 439 1747 437 1747 435 1747 434 1747 432 1747 412 1760 410 1760 392 1744 392 1742 390 1742 389 1742 325 1742 324 1742 322 1742 286 1762 275 1767 190 1767 187 1762 169 1746 169 1744 167 1744 165 1744 138 1744 136 1744 135 1744 133 1744 133 1746 122 1755 124 1801"/></Shape>
	    <String CONTENT="هو خصيت حاصف النعل چون بازديدند که حضرت مولانا"
                    HPOS="122"
                    VPOS="1738"
                    WIDTH="963"
                    HEIGHT="90"
                    WC="0.9318064904731252"></String>
          </TextLine>

          
          
          <TextLine ID="eSc_line_add7035c"
                    TAGREFS="LT4834"
                    BASELINE="144 1899 1080 1884" 
                    HPOS="142"
                    VPOS="1828"
                    WIDTH="938"
                    HEIGHT="108">
            <Shape><Polygon POINTS="144 1899 144 1920 187 1920 210 1936 212 1936 214 1936 216 1936 270 1924 288 1935 289 1935 291 1935 293 1935 295 1935 297 1935 309 1924 349 1935 351 1935 352 1935 491 1933 493 1933 540 1917 610 1931 612 1931 614 1931 668 1911 669 1911 716 1929 718 1929 720 1929 722 1929 801 1909 815 1920 817 1920 819 1920 821 1920 823 1920 855 1908 859 1908 909 1908 920 1917 920 1918 922 1918 923 1918 925 1918 927 1918 961 1906 967 1906 1078 1906 1080 1884 1073 1839 1044 1848 1033 1839 1022 1830 1022 1828 1021 1828 1019 1828 968 1828 967 1828 965 1828 931 1843 925 1845 923 1843 911 1832 911 1830 909 1830 907 1830 850 1830 848 1830 846 1830 844 1830 844 1832 832 1845 788 1832 787 1832 785 1832 783 1832 781 1832 763 1845 729 1832 727 1832 725 1832 723 1832 693 1846 644 1834 642 1834 641 1834 639 1834 637 1834 614 1852 605 1857 574 1857 567 1852 533 1836 531 1836 529 1836 527 1836 525 1836 495 1854 489 1857 471 1855 407 1845 405 1845 403 1845 360 1857 356 1859 354 1857 340 1845 340 1843 338 1843 336 1843 334 1843 333 1843 306 1855 282 1843 280 1843 279 1843 277 1843 275 1843 255 1861 253 1863 142 1863 144 1899"/></Shape>
	    <String CONTENT="صلوات الله عليه نعلين خويش بر هم نهاده بود و را"
                    HPOS="142"
                    VPOS="1828"
                    WIDTH="938"
                    HEIGHT="108"
                    WC="0.9605767067442549"></String>
          </TextLine>

          
        </TextBlock>
        
        <TextBlock HPOS="552"
                   VPOS="165"
                   WIDTH="121"
                   HEIGHT="78"
                   ID="eSc_textblock_becbc4b1"
                   TAGREFS="BT16059">
          <Shape><Polygon POINTS="567 165 651 172 673 199 623 243 552 235 567 165"/></Shape>
          
          
          <TextLine ID="eSc_line_29829812"
                    TAGREFS="LT4834"
                    BASELINE="570 212 630 205" 
                    HPOS="565"
                    VPOS="165"
                    WIDTH="67"
                    HEIGHT="79">
            <Shape><Polygon POINTS="619 169 601 167 599 165 565 171 570 212 572 235 610 244 612 244 614 244 615 244 632 230 630 205 623 169 619 169"/></Shape>
	    <String CONTENT=""
                    HPOS="565"
                    VPOS="165"
                    WIDTH="67"
                    HEIGHT="79"></String>
          </TextLine>

          
        </TextBlock>
        
        <TextBlock HPOS="1134"
                   VPOS="266"
                   WIDTH="63"
                   HEIGHT="85"
                   ID="eSc_textblock_d82ad125"
                   TAGREFS="BT16062">
          <Shape><Polygon POINTS="1156 266 1197 288 1176 351 1134 336 1156 266"/></Shape>
          
          
          <TextLine ID="eSc_line_4338ae8d"
                    TAGREFS="LT4834"
                    BASELINE="1116 320 1177 311" 
                    HPOS="1109"
                    VPOS="271"
                    WIDTH="77"
                    HEIGHT="128">
            <Shape><Polygon POINTS="1163 271 1147 289 1143 271 1109 279 1116 320 1125 387 1186 399 1177 311 1168 273 1163 271"/></Shape>
	    <String CONTENT=""
                    HPOS="1109"
                    VPOS="271"
                    WIDTH="77"
                    HEIGHT="128"></String>
          </TextLine>

          
        </TextBlock>
        
        <TextBlock HPOS="538"
                   VPOS="1936"
                   WIDTH="113"
                   HEIGHT="107"
                   ID="eSc_textblock_59cda9d3"
                   TAGREFS="BT16061">
          <Shape><Polygon POINTS="574 1936 651 1951 637 2043 574 2028 538 1985 574 1936"/></Shape>
          
          
          <TextLine ID="eSc_line_e7234e48"
                    TAGREFS="LT4834"
                    BASELINE="565 1999 642 1994" 
                    HPOS="561"
                    VPOS="1954"
                    WIDTH="81"
                    HEIGHT="69">
            <Shape><Polygon POINTS="633 1954 561 1958 565 1999 565 2017 641 2023 642 1994 641 1987 633 1954"/></Shape>
	    <String CONTENT=""
                    HPOS="561"
                    VPOS="1954"
                    WIDTH="81"
                    HEIGHT="69"></String>
          </TextLine>

          
        </TextBlock>
        

        
      </PrintSpace>
    </Page>
  </Layout>
</alto>
