<?xml version="1.0" encoding="UTF-8"?>
<alto xmlns:xsi="http://www.w3.org/2001/XMLSchema-instance"
      xmlns="http://www.loc.gov/standards/alto/ns-v4#"
      xsi:schemaLocation="http://www.loc.gov/standards/alto/ns-v4# http://www.loc.gov/standards/alto/v4/alto-4-2.xsd">
  <Description>
    <MeasurementUnit>pixel</MeasurementUnit>
    <sourceImageInformation>
      <fileName>TwoIsmailiTreatises051.jpg</fileName>
      
    </sourceImageInformation>
  </Description>
  
  <Tags>
    <OtherTag ID="BT16074" LABEL="MarginTextZone:commentary" DESCRIPTION="block type MarginTextZone:commentary"/><OtherTag ID="BT16073" LABEL="MarginTextZone:note#1" DESCRIPTION="block type MarginTextZone:note#1"/><OtherTag ID="BT16072" LABEL="MainZone:column#2" DESCRIPTION="block type MainZone:column#2"/><OtherTag ID="BT16071" LABEL="MainZone:column#3" DESCRIPTION="block type MainZone:column#3"/><OtherTag ID="BT16070" LABEL="GraphicZone:illustration" DESCRIPTION="block type GraphicZone:illustration"/><OtherTag ID="BT16069" LABEL="MainZone:column#1" DESCRIPTION="block type MainZone:column#1"/><OtherTag ID="BT16068" LABEL="MarginTextZone:note#2" DESCRIPTION="block type MarginTextZone:note#2"/><OtherTag ID="BT16067" LABEL="CustomZone:publication" DESCRIPTION="block type CustomZone:publication"/><OtherTag ID="BT16066" LABEL="RunningTitleZone" DESCRIPTION="block type RunningTitleZone"/><OtherTag ID="BT16065" LABEL="NumberingZone" DESCRIPTION="block type NumberingZone"/><OtherTag ID="BT16064" LABEL="default" DESCRIPTION="block type default"/><OtherTag ID="BT16063" LABEL="TitlePageZone" DESCRIPTION="block type TitlePageZone"/><OtherTag ID="BT16062" LABEL="NumberingZone:other" DESCRIPTION="block type NumberingZone:other"/><OtherTag ID="BT16061" LABEL="QuireMarksZone:catchwords" DESCRIPTION="block type QuireMarksZone:catchwords"/><OtherTag ID="BT16060" LABEL="MainZone" DESCRIPTION="block type MainZone"/><OtherTag ID="BT16059" LABEL="NumberingZone:page" DESCRIPTION="block type NumberingZone:page"/><OtherTag ID="BT16058" LABEL="MarginTextZone:note" DESCRIPTION="block type MarginTextZone:note"/><OtherTag ID="BT16057" LABEL="DigitizationArtefactZone" DESCRIPTION="block type DigitizationArtefactZone"/><OtherTag ID="BT4" LABEL="Illustration" DESCRIPTION="block type Illustration"/><OtherTag ID="BT3" LABEL="Commentary" DESCRIPTION="block type Commentary"/><OtherTag ID="BT2" LABEL="Main" DESCRIPTION="block type Main"/><OtherTag ID="BT1" LABEL="Title" DESCRIPTION="block type Title"/>
    <OtherTag ID="LT4834" LABEL="DefaultLine" DESCRIPTION="line type DefaultLine"/><OtherTag ID="LT4835" LABEL="HeadingLine:title" DESCRIPTION="line type HeadingLine:title"/>
  </Tags>
  
  <Layout>
    <Page WIDTH="1590"
          HEIGHT="2296"
          PHYSICAL_IMG_NR="47"
          ID="eSc_dummypage_">
      <PrintSpace HPOS="0"
                  VPOS="0"
                  WIDTH="1590"
                  HEIGHT="2296">
        
        <TextBlock HPOS="160"
                   VPOS="283"
                   WIDTH="1039"
                   HEIGHT="1551"
                   ID="eSc_textblock_cccbf6de"
                   TAGREFS="BT16064">
          <Shape><Polygon POINTS="704 283 939 283 1054 313 1100 336 1077 380 1107 441 1153 451 1092 480 1107 549 1161 558 1100 581 1107 640 1161 650 1107 681 1115 755 1161 786 1107 801 1169 872 1107 916 1169 971 1115 1017 1169 1079 1115 1146 1176 1184 1125 1199 1107 1245 1176 1291 1100 1329 1132 1385 1176 1385 1107 1423 1138 1490 1176 1492 1125 1513 1115 1551 1199 1597 1130 1622 1138 1666 1184 1697 1046 1752 1161 1796 985 1813 1069 1834 367 1819 329 1806 489 1767 352 1758 206 1704 237 1660 191 1599 237 1574 237 1530 198 1484 244 1438 198 1385 244 1354 206 1314 191 1163 214 1132 183 1086 244 1048 183 985 214 941 168 885 229 847 160 786 229 748 191 702 168 572 198 556 168 464 198 411 183 352 704 283"/></Shape>
          
          
          <TextLine ID="eSc_line_ea0961f4"
                    TAGREFS="LT4834"
                    BASELINE="139 355 1159 346" 
                    HPOS="137"
                    VPOS="287"
                    WIDTH="1022"
                    HEIGHT="97">
            <Shape><Polygon POINTS="1094 342 1075 325 1056 315 1040 315 1037 311 1033 308 1017 304 998 298 993 296 949 308 933 294 933 292 931 292 929 292 748 287 746 287 679 296 654 288 644 288 625 302 591 296 577 298 558 300 539 304 520 306 514 306 499 315 484 309 482 311 463 313 443 315 424 319 405 321 386 323 367 327 348 329 329 331 309 334 290 336 271 338 252 340 233 344 214 346 195 348 193 323 137 323 139 355 139 367 170 382 172 382 174 382 237 375 287 384 288 384 290 384 292 384 304 375 317 384 319 384 321 384 323 384 325 384 327 384 327 382 342 371 353 380 353 382 355 382 357 382 359 384 528 384 528 382 530 382 531 382 549 371 558 365 574 371 587 376 589 376 591 376 623 373 679 363 698 373 713 380 715 380 717 380 719 380 721 380 732 373 750 363 782 373 799 378 801 378 803 378 805 378 807 378 807 376 811 373 822 361 918 361 943 375 949 378 950 378 952 378 954 378 956 378 964 375 994 359 1050 371 1052 371 1111 359 1155 376 1159 346 1157 309 1126 296 1125 296 1123 296 1121 296 1119 296 1098 309 1094 309 1094 342"/></Shape>
	    <String CONTENT="بداسد معنی اسما عيلی آناست که هر که دغوی موشی"
                    HPOS="137"
                    VPOS="287"
                    WIDTH="1022"
                    HEIGHT="97"
                    WC="0.8817431285329487"></String>
          </TextLine>

          
          
          <TextLine ID="eSc_line_84a04720"
                    TAGREFS="LT4834"
                    BASELINE="147 464 1170 451" 
                    HPOS="145"
                    VPOS="403"
                    WIDTH="1025"
                    HEIGHT="90">
            <Shape><Polygon POINTS="1140 447 1121 443 1102 438 1090 415 1082 409 1079 405 1077 405 1075 405 1073 405 1071 405 1056 409 1023 419 1012 411 1006 405 1004 405 1002 405 1000 405 998 405 996 405 989 411 973 424 937 424 920 413 905 403 903 403 901 403 899 403 897 403 876 415 861 424 851 415 841 407 841 405 839 405 838 405 805 405 803 405 801 405 799 405 784 417 780 420 771 417 734 405 732 405 730 405 728 405 727 405 707 419 694 428 633 428 625 420 610 409 608 409 606 409 604 409 602 409 600 409 581 422 572 428 562 422 552 419 551 419 549 419 547 419 545 419 537 424 531 426 530 424 514 411 514 409 512 409 510 409 508 409 396 424 369 411 367 411 365 411 363 411 336 424 246 413 244 413 242 413 241 413 241 415 221 432 221 434 179 434 164 459 158 434 145 434 147 464 147 476 168 491 170 491 172 491 174 493 254 493 254 491 256 491 258 491 269 482 382 487 384 487 386 487 388 487 388 485 401 474 434 489 436 489 438 489 574 470 585 470 591 470 640 485 642 485 644 485 646 485 700 470 704 470 776 470 803 484 805 484 807 484 868 468 883 466 903 468 952 476 954 476 1019 468 1052 464 1063 468 1096 480 1098 480 1100 480 1170 466 1170 451 1165 407 1146 409 1140 447"/></Shape>
	    <String CONTENT="اورا بايد ه يشان داشته باشد اول معرفت امام"
                    HPOS="145"
                    VPOS="403"
                    WIDTH="1025"
                    HEIGHT="90"
                    WC="0.9197954194886344"></String>
          </TextLine>

          
          
          <TextLine ID="eSc_line_f1a68fc7"
                    TAGREFS="LT4834"
                    BASELINE="145 574 1172 560" 
                    HPOS="143"
                    VPOS="507"
                    WIDTH="1029"
                    HEIGHT="99">
            <Shape><Polygon POINTS="1157 558 1138 554 1119 551 1100 535 1096 526 1082 522 1031 507 1029 507 1027 507 1025 507 979 526 971 528 966 526 941 516 939 516 937 516 935 516 933 516 918 526 908 533 841 533 832 528 820 518 818 518 817 518 815 518 813 518 811 518 797 528 792 533 786 529 765 512 763 512 761 512 665 512 663 512 662 512 660 512 631 531 596 531 577 516 577 514 575 514 574 514 493 514 491 514 489 514 426 535 417 539 413 537 388 516 386 516 384 516 350 516 348 516 346 516 344 516 313 539 285 524 283 524 281 524 279 524 277 524 252 539 250 541 185 541 181 562 176 541 143 541 145 574 145 587 170 604 172 604 174 604 176 606 242 606 242 604 244 604 246 604 246 602 258 593 287 600 288 600 290 600 371 585 392 602 394 602 396 602 397 604 438 604 438 602 440 602 484 581 485 581 543 581 545 581 581 600 583 600 585 600 587 600 646 581 652 579 660 581 719 593 721 593 723 593 725 593 742 579 744 577 830 577 836 579 861 593 862 593 864 593 866 593 918 577 922 577 941 595 943 595 945 595 947 596 1010 596 1010 595 1012 595 1014 595 1014 593 1015 593 1027 577 1031 574 1090 574 1096 577 1115 591 1117 591 1119 591 1121 591 1123 591 1172 575 1172 560 1167 522 1161 522 1157 558"/></Shape>
	    <String CONTENT="حاصل باشد با ثبات ححتم و بامور آمرو فرما "
                    HPOS="143"
                    VPOS="507"
                    WIDTH="1029"
                    HEIGHT="99"
                    WC="0.889736369961784"></String>
          </TextLine>

          
          
          <TextLine ID="eSc_line_1190e1ac"
                    TAGREFS="LT4834"
                    BASELINE="151 671 1163 654" 
                    HPOS="149"
                    VPOS="596"
                    WIDTH="1014"
                    HEIGHT="123">
            <Shape><Polygon POINTS="1144 652 1125 642 1105 640 1100 623 1044 623 1010 604 1008 604 1006 604 1004 604 1002 604 1000 604 1000 606 979 625 910 625 868 596 866 596 864 596 824 596 822 596 742 602 740 602 707 619 642 600 640 600 639 600 637 600 635 600 610 621 583 602 581 602 579 602 545 602 543 602 541 602 539 602 510 623 485 604 484 604 482 604 428 604 426 604 424 604 367 635 309 633 277 610 275 610 273 610 271 610 269 610 267 610 267 612 242 637 204 618 202 618 200 618 198 618 149 637 151 671 151 684 174 684 176 684 204 713 204 715 206 715 208 715 210 715 260 711 262 711 264 711 290 688 371 719 373 719 375 719 376 719 464 681 518 709 520 709 522 709 524 709 526 709 526 707 545 690 577 696 579 696 581 696 608 686 635 698 637 698 639 698 640 698 642 698 677 677 711 688 713 688 715 688 717 688 753 679 795 696 797 696 799 696 801 696 862 673 864 673 866 673 916 700 918 700 1048 707 1050 707 1052 707 1121 671 1163 667 1163 654 1157 623 1148 623 1144 652"/></Shape>
	    <String CONTENT="لم صادق باشد و يک لخظه از ذکر و فکر حق تعالی نباد"
                    HPOS="149"
                    VPOS="596"
                    WIDTH="1014"
                    HEIGHT="123"
                    WC="0.8821716095720019"></String>
          </TextLine>

          
          
          <TextLine ID="eSc_line_dcf6e5cc"
                    TAGREFS="LT4834"
                    BASELINE="137 784 1169 774" 
                    HPOS="135"
                    VPOS="727"
                    WIDTH="1034"
                    HEIGHT="95">
            <Shape><Polygon POINTS="1130 767 1111 755 1107 738 1102 732 1100 732 1100 730 1098 730 1096 730 1094 730 1092 730 1084 732 1054 744 1004 734 958 727 956 727 901 736 855 746 845 738 836 730 836 728 834 728 832 728 830 728 828 728 807 738 792 746 776 740 753 730 751 730 750 730 704 740 673 748 639 742 589 734 587 734 585 734 583 734 583 736 574 744 570 750 520 750 512 746 499 732 497 732 495 732 455 732 453 732 451 732 449 732 449 734 434 746 430 751 353 751 346 748 296 734 294 734 292 734 290 734 260 750 256 751 252 750 214 738 212 755 193 765 174 776 168 746 135 751 137 784 137 807 168 820 170 820 172 820 174 820 200 807 214 797 227 805 250 820 252 820 254 820 256 822 302 822 302 820 304 820 306 820 306 818 321 803 323 803 329 803 361 809 363 809 409 803 455 795 463 801 485 818 487 818 489 818 491 820 533 820 533 818 535 818 537 818 562 799 566 797 581 799 633 807 635 807 719 797 732 795 734 797 748 807 750 807 751 807 753 807 755 807 757 807 774 795 780 794 782 795 801 813 801 815 803 815 805 815 807 816 870 816 870 815 912 809 914 809 916 809 916 807 931 794 933 790 1012 790 1014 792 1037 811 1037 813 1038 813 1040 813 1042 815 1111 815 1111 813 1113 813 1115 813 1115 811 1132 794 1167 788 1169 774 1163 732 1134 738 1130 767"/></Shape>
	    <String CONTENT="دويم رضا بعتی هر چه بدورد از خير وشر و نقع وضر"
                    HPOS="135"
                    VPOS="727"
                    WIDTH="1034"
                    HEIGHT="95"
                    WC="0.8881070873011714"></String>
          </TextLine>

          
          
          <TextLine ID="eSc_line_77f1d74e"
                    TAGREFS="LT4834"
                    BASELINE="141 885 738 872 1169 876" 
                    HPOS="139"
                    VPOS="820"
                    WIDTH="1030"
                    HEIGHT="104">
            <Shape><Polygon POINTS="1153 859 1134 836 1121 820 1121 820 1119 820 1117 820 1115 820 1082 839 1050 826 1048 826 1046 826 1044 826 1017 841 950 841 927 824 926 824 924 824 922 824 920 824 918 824 887 843 847 843 824 824 822 824 820 824 818 824 755 826 753 826 751 826 721 845 658 845 637 826 635 826 633 826 631 826 535 828 533 828 531 828 531 830 522 838 487 828 485 828 484 828 482 828 480 828 480 830 463 847 426 830 424 830 369 830 367 830 365 830 309 847 256 847 227 834 225 834 223 834 221 834 220 834 216 853 197 864 177 876 172 851 139 851 141 885 141 908 193 899 216 910 237 922 239 922 241 922 242 922 244 922 264 910 273 905 285 910 313 924 315 924 317 924 319 924 321 924 321 922 334 910 344 901 365 910 375 912 376 912 378 912 380 912 388 908 417 897 436 908 451 920 453 920 455 920 543 922 545 922 547 922 549 922 568 908 577 901 593 908 625 922 627 922 629 922 665 920 667 920 669 920 669 918 681 906 683 905 688 906 704 914 706 914 707 914 709 914 711 914 711 912 719 906 734 891 794 891 897 891 931 905 956 916 958 916 960 918 996 918 996 916 998 916 1019 905 1037 895 1058 905 1067 908 1069 908 1071 908 1169 903 1169 876 1165 868 1153 859"/></Shape>
	    <String CONTENT="بدان متغير نباشد سيوم سليم يعنى باز سيردن و تار"
                    HPOS="139"
                    VPOS="820"
                    WIDTH="1030"
                    HEIGHT="104"
                    WC="0.942202424749415"></String>
          </TextLine>

          
          
          <TextLine ID="eSc_line_878d15f9"
                    TAGREFS="LT4834"
                    BASELINE="145 983 1167 973" 
                    HPOS="143"
                    VPOS="920"
                    WIDTH="1024"
                    HEIGHT="101">
            <Shape><Polygon POINTS="1157 964 1138 947 1071 947 1046 926 1044 926 1042 926 975 920 973 920 971 920 970 920 929 945 893 922 891 922 889 922 815 922 813 922 811 922 809 922 782 945 706 927 704 927 702 927 656 949 625 937 623 937 621 937 619 937 618 937 618 939 606 950 556 950 526 927 524 927 522 927 520 927 518 927 463 945 428 927 426 927 424 927 422 927 420 927 392 952 371 952 352 933 352 931 350 931 348 931 346 931 302 941 288 929 288 927 287 927 285 927 252 927 250 927 248 927 246 927 212 952 200 950 200 956 181 975 174 945 168 945 166 945 164 945 143 952 145 983 145 1002 177 1002 179 1002 216 1021 218 1021 220 1021 221 1021 267 1002 269 1002 321 1017 323 1017 325 1017 327 1017 353 1002 399 1000 426 1000 428 1000 445 1015 447 1015 449 1015 451 1015 505 1010 526 1019 528 1019 530 1019 531 1019 533 1019 554 1000 566 1010 568 1010 570 1010 572 1010 677 998 679 998 681 998 706 1017 707 1017 709 1017 711 1019 755 1019 755 1017 757 1017 830 996 834 996 838 996 927 1015 929 1015 931 1015 970 994 971 994 977 994 1060 1014 1061 1015 1115 1015 1115 1014 1117 1014 1119 1014 1119 1012 1138 994 1165 994 1167 973 1165 971 1157 964"/></Shape>
	    <String CONTENT="گيردن آن باشد که هر چه ستدبه آن جهان نخواهد"
                    HPOS="143"
                    VPOS="920"
                    WIDTH="1024"
                    HEIGHT="101"
                    WC="0.9191189229488372"></String>
          </TextLine>

          
          
          <TextLine ID="eSc_line_9d64a652"
                    TAGREFS="LT4834"
                    BASELINE="151 1094 1169 1082" 
                    HPOS="149"
                    VPOS="1031"
                    WIDTH="1020"
                    HEIGHT="84">
            <Shape><Polygon POINTS="1163 1081 1144 1054 1140 1050 1111 1050 1094 1033 1094 1031 1092 1031 1090 1031 1025 1031 1023 1031 1021 1031 964 1050 866 1033 864 1033 862 1033 824 1052 734 1035 732 1035 730 1035 688 1052 629 1040 627 1040 625 1040 572 1054 522 1038 520 1038 518 1038 516 1038 476 1050 424 1038 422 1038 420 1038 373 1056 321 1038 319 1038 317 1038 315 1038 287 1052 241 1040 239 1040 237 1040 235 1040 233 1040 233 1042 227 1046 225 1058 206 1069 187 1092 181 1059 149 1059 151 1094 151 1103 195 1115 197 1115 198 1115 237 1103 248 1102 262 1103 313 1115 315 1115 317 1115 319 1115 319 1113 331 1103 336 1100 353 1103 388 1113 390 1113 392 1113 436 1103 459 1100 468 1103 484 1113 485 1113 487 1113 489 1113 522 1103 547 1098 572 1103 596 1111 598 1111 600 1111 648 1103 707 1096 784 1103 801 1105 803 1105 813 1103 864 1094 878 1103 878 1105 880 1105 882 1105 883 1105 885 1105 889 1103 922 1094 971 1103 989 1107 991 1107 993 1107 998 1103 1023 1092 1167 1103 1169 1082 1165 1077 1163 1081"/></Shape>
	    <String CONTENT="را غارت داند و بازسيارد چون جان و مال و عيا"
                    HPOS="149"
                    VPOS="1031"
                    WIDTH="1020"
                    HEIGHT="84"
                    WC="0.927332972371301"></String>
          </TextLine>

          
          
          <TextLine ID="eSc_line_14ff993f"
                    TAGREFS="LT4834"
                    BASELINE="149 1186 1182 1176" 
                    HPOS="147"
                    VPOS="1123"
                    WIDTH="1035"
                    HEIGHT="93">
            <Shape><Polygon POINTS="1161 1172 1142 1165 1123 1151 1121 1146 1090 1146 1060 1128 1058 1128 1056 1128 1054 1128 1004 1140 927 1123 926 1123 924 1123 922 1123 895 1146 862 1125 861 1125 859 1125 857 1125 855 1125 817 1142 776 1125 774 1125 772 1125 771 1125 725 1146 690 1125 688 1125 686 1125 684 1125 574 1148 558 1151 533 1151 531 1148 514 1132 514 1130 512 1130 510 1130 508 1130 507 1130 441 1148 434 1149 424 1148 367 1136 365 1136 363 1136 329 1148 323 1151 319 1149 300 1130 300 1128 298 1128 296 1128 225 1128 223 1128 221 1128 220 1128 220 1130 200 1149 197 1151 193 1149 156 1136 154 1136 153 1136 151 1136 149 1136 149 1138 147 1138 149 1186 149 1201 183 1201 185 1201 206 1216 208 1216 210 1216 212 1216 287 1205 334 1216 336 1216 338 1216 340 1216 342 1216 342 1214 353 1205 415 1214 417 1214 419 1214 451 1199 466 1211 468 1211 470 1211 472 1211 530 1199 531 1199 533 1199 554 1209 556 1209 558 1209 560 1209 562 1209 577 1199 581 1197 602 1199 748 1213 750 1213 751 1213 753 1213 753 1211 769 1197 771 1195 939 1195 943 1195 977 1209 979 1209 981 1211 1017 1211 1017 1209 1019 1209 1021 1209 1021 1207 1033 1197 1042 1207 1044 1207 1046 1207 1048 1207 1050 1207 1052 1207 1071 1195 1071 1193 1073 1195 1088 1209 1090 1209 1092 1209 1094 1211 1136 1211 1136 1209 1138 1209 1182 1193 1182 1176 1178 1146 1161 1146 1161 1172"/></Shape>
	    <String CONTENT="که عارت است و مانی حالات دييا را در راه حق بدل کند"
                    HPOS="147"
                    VPOS="1123"
                    WIDTH="1035"
                    HEIGHT="93"
                    WC="0.9071517205238342"></String>
          </TextLine>

          
          
          <TextLine ID="eSc_line_c0f9bc27"
                    TAGREFS="LT4834"
                    BASELINE="172 1291 1180 1283" 
                    HPOS="172"
                    VPOS="1220"
                    WIDTH="1008"
                    HEIGHT="98">
            <Shape><Polygon POINTS="1165 1281 1146 1272 1126 1260 1111 1251 1058 1251 1056 1247 1029 1222 1029 1220 1027 1220 1025 1220 1023 1220 1021 1220 962 1245 952 1249 941 1245 906 1232 905 1232 903 1232 901 1232 899 1232 880 1243 864 1251 753 1249 744 1239 738 1236 736 1236 734 1236 732 1236 730 1236 728 1236 728 1237 725 1239 713 1253 671 1253 619 1239 618 1239 616 1239 575 1247 556 1236 537 1224 535 1224 533 1224 485 1224 484 1224 482 1224 480 1224 468 1234 466 1236 461 1234 424 1224 422 1224 420 1224 419 1224 417 1224 417 1226 409 1234 399 1243 386 1232 380 1226 378 1226 376 1226 204 1226 202 1226 200 1226 198 1226 198 1228 197 1228 191 1236 172 1228 172 1291 172 1301 273 1301 275 1301 304 1316 306 1316 308 1318 353 1318 353 1316 355 1316 386 1301 388 1299 445 1299 447 1299 476 1314 478 1314 480 1316 528 1316 528 1314 530 1314 531 1314 531 1312 545 1301 591 1314 593 1314 595 1314 596 1314 650 1299 746 1312 748 1312 750 1312 778 1297 870 1297 891 1297 922 1312 924 1312 926 1312 964 1310 966 1310 968 1310 968 1308 981 1297 998 1306 1000 1306 1002 1306 1004 1306 1006 1306 1038 1295 1054 1308 1054 1310 1056 1310 1058 1310 1060 1310 1178 1293 1180 1283 1176 1251 1169 1251 1165 1281"/></Shape>
	    <String CONTENT="ا برچه مومی رسيده باند بدين معنی که فلاوریک لا"
                    HPOS="172"
                    VPOS="1220"
                    WIDTH="1008"
                    HEIGHT="98"
                    WC="0.8446632973525835"></String>
          </TextLine>

          
          
          <TextLine ID="eSc_line_b3a98419"
                    TAGREFS="LT4834"
                    BASELINE="156 1396 1184 1392" 
                    HPOS="154"
                    VPOS="1322"
                    WIDTH="1030"
                    HEIGHT="105">
            <Shape><Polygon POINTS="1169 1387 1149 1385 1130 1385 1113 1360 935 1360 897 1324 897 1322 895 1322 893 1322 728 1322 727 1322 725 1322 723 1322 704 1339 669 1322 667 1322 665 1322 663 1322 631 1337 591 1324 589 1324 587 1324 585 1324 583 1324 535 1362 457 1362 443 1348 443 1346 441 1346 440 1346 438 1346 436 1346 434 1346 424 1352 397 1327 397 1325 396 1325 394 1325 325 1324 323 1324 321 1324 246 1354 235 1345 231 1360 212 1373 206 1356 195 1346 193 1346 191 1346 189 1346 187 1346 154 1360 156 1396 156 1408 283 1408 285 1408 311 1425 313 1425 315 1425 317 1427 419 1427 419 1425 420 1425 422 1425 422 1423 440 1410 457 1423 459 1423 461 1423 463 1423 554 1410 574 1408 598 1410 690 1421 692 1421 694 1421 721 1412 732 1406 740 1412 757 1423 759 1423 761 1423 763 1423 765 1423 801 1412 820 1406 851 1406 859 1412 868 1421 868 1423 870 1423 872 1423 874 1423 935 1421 937 1421 939 1421 950 1413 960 1406 1014 1413 1084 1423 1086 1423 1184 1413 1184 1392 1180 1360 1169 1360 1169 1387"/></Shape>
	    <String CONTENT="يوميون حتى يحكموك فيما شجر بينهم ثم لا يحدو"
                    HPOS="154"
                    VPOS="1322"
                    WIDTH="1030"
                    HEIGHT="105"
                    WC="0.9403904281383337"></String>
          </TextLine>

          
          
          <TextLine ID="eSc_line_dbc45317"
                    TAGREFS="LT4834"
                    BASELINE="164 1494 1190 1500" 
                    HPOS="162"
                    VPOS="1425"
                    WIDTH="1028"
                    HEIGHT="105">
            <Shape><Polygon POINTS="1157 1498 1140 1490 1121 1461 1117 1461 1117 1459 1105 1450 1105 1448 1104 1448 1102 1448 1100 1448 1046 1457 1014 1436 1012 1436 1010 1436 1008 1436 1006 1436 1004 1436 1004 1438 981 1459 943 1450 941 1450 939 1450 899 1459 893 1459 851 1427 849 1427 847 1427 719 1427 717 1427 715 1427 713 1427 677 1457 675 1459 648 1459 646 1457 591 1427 589 1427 507 1425 505 1425 503 1425 501 1425 487 1435 430 1425 428 1425 426 1425 424 1425 424 1427 409 1440 367 1440 365 1440 363 1440 361 1440 342 1456 300 1436 298 1436 296 1436 294 1436 292 1436 264 1454 244 1436 244 1435 242 1435 241 1440 221 1459 202 1492 195 1456 164 1456 164 1494 162 1503 239 1505 267 1524 269 1524 271 1524 273 1526 325 1526 325 1524 327 1524 357 1509 359 1507 361 1509 394 1524 396 1524 397 1526 434 1526 434 1524 436 1524 438 1524 457 1511 463 1507 474 1511 516 1524 518 1524 520 1524 612 1513 639 1511 644 1515 663 1526 665 1526 667 1526 669 1526 671 1526 696 1515 709 1509 782 1509 792 1517 799 1524 799 1526 801 1526 803 1526 805 1526 807 1526 832 1519 853 1511 862 1519 870 1524 872 1524 874 1524 876 1524 878 1524 895 1519 924 1511 945 1521 964 1528 966 1528 968 1530 1058 1530 1058 1528 1060 1528 1061 1528 1067 1523 1082 1511 1186 1524 1190 1500 1188 1461 1163 1461 1157 1498"/></Shape>
	    <String CONTENT="في أنفسهم خرجا مما تضيت ويسلموا تسليما"
                    HPOS="162"
                    VPOS="1425"
                    WIDTH="1028"
                    HEIGHT="105"
                    WC="0.9635015955338111"></String>
          </TextLine>

          
          
          <TextLine ID="eSc_line_5003da74"
                    TAGREFS="LT4834"
                    BASELINE="162 1607 1272 1589" 
                    HPOS="160"
                    VPOS="1528"
                    WIDTH="1112"
                    HEIGHT="107">
            <Shape><Polygon POINTS="1174 1586 1155 1574 1136 1565 1117 1553 1111 1538 1111 1538 1109 1538 1107 1538 1079 1551 1056 1542 1054 1542 1052 1542 1050 1542 1027 1549 1014 1538 1012 1536 1010 1536 1008 1536 1006 1536 1004 1536 996 1538 971 1545 966 1540 962 1536 960 1536 958 1536 956 1536 954 1536 943 1540 903 1557 839 1544 815 1540 813 1540 811 1540 809 1540 809 1542 803 1545 792 1559 759 1559 742 1547 732 1540 730 1540 728 1540 727 1540 650 1551 621 1555 606 1553 539 1538 537 1538 451 1540 449 1540 413 1557 334 1542 332 1542 331 1542 329 1542 302 1565 300 1567 220 1568 218 1582 198 1591 193 1568 160 1568 162 1607 162 1616 281 1635 283 1635 285 1635 325 1626 340 1633 342 1633 344 1635 344 1633 346 1633 376 1616 394 1628 396 1628 397 1628 399 1628 401 1628 403 1628 403 1626 417 1614 528 1632 530 1632 531 1632 574 1620 652 1630 654 1630 734 1611 767 1618 769 1618 771 1618 859 1609 897 1626 899 1626 901 1626 903 1626 964 1611 1021 1624 1023 1624 1025 1624 1075 1607 1090 1614 1092 1614 1094 1614 1272 1599 1272 1589 1264 1528 1218 1551 1188 1544 1186 1544 1184 1544 1172 1544 1174 1586"/></Shape>
	    <String CONTENT="بکد از آن موقن باد شدن بدين معنی که قوله تعالیيو"
                    HPOS="160"
                    VPOS="1528"
                    WIDTH="1112"
                    HEIGHT="107"
                    WC="0.8740507546736269"></String>
          </TextLine>

          
          
          <TextLine ID="eSc_line_5de34f0d"
                    TAGREFS="LT4834"
                    BASELINE="158 1700 1207 1689" 
                    HPOS="156"
                    VPOS="1641"
                    WIDTH="1051"
                    HEIGHT="94">
            <Shape><Polygon POINTS="1170 1685 1151 1677 1132 1660 1130 1656 1027 1658 1021 1658 966 1643 964 1643 962 1643 960 1643 958 1643 958 1645 943 1658 943 1660 905 1660 901 1660 857 1641 855 1641 853 1641 771 1643 769 1643 734 1660 683 1647 681 1647 679 1647 677 1647 675 1647 675 1649 662 1662 660 1666 625 1666 616 1664 533 1647 531 1647 530 1647 528 1647 507 1664 485 1653 484 1653 482 1653 411 1666 407 1666 380 1647 378 1647 376 1647 331 1647 329 1647 327 1647 325 1647 325 1649 309 1660 244 1649 242 1649 241 1649 239 1649 237 1649 233 1662 214 1689 206 1664 189 1658 187 1658 185 1658 183 1658 156 1666 158 1700 158 1718 181 1733 183 1733 185 1733 187 1735 300 1735 300 1733 302 1733 353 1712 413 1712 434 1712 503 1731 505 1731 507 1731 616 1729 618 1729 619 1729 640 1710 696 1727 698 1727 700 1729 786 1729 786 1727 788 1727 790 1727 815 1710 897 1725 899 1725 901 1725 903 1725 935 1706 985 1722 987 1722 989 1722 991 1722 1029 1704 1033 1704 1071 1704 1073 1704 1088 1718 1088 1720 1090 1720 1092 1720 1094 1720 1205 1702 1207 1689 1201 1656 1176 1656 1170 1685"/></Shape>
	    <String CONTENT="بكعيب وهم بالآخرة هم يوفنون وموقن راهم ل"
                    HPOS="156"
                    VPOS="1641"
                    WIDTH="1051"
                    HEIGHT="94"
                    WC="0.9513177348346245"></String>
          </TextLine>

          
          
          <TextLine ID="eSc_line_b91d53c2"
                    TAGREFS="LT4834"
                    BASELINE="311 1815 1201 1796" 
                    HPOS="309"
                    VPOS="1743"
                    WIDTH="892"
                    HEIGHT="95">
            <Shape><Polygon POINTS="1151 1796 1132 1794 1113 1796 1094 1771 1075 1764 1056 1756 1037 1750 1035 1750 1033 1750 1031 1750 1014 1758 991 1767 954 1766 949 1760 929 1743 927 1743 926 1743 876 1743 874 1743 872 1743 870 1743 841 1764 841 1766 839 1764 817 1746 815 1746 813 1746 811 1746 809 1746 807 1746 782 1767 780 1767 778 1767 753 1746 751 1746 750 1746 688 1746 686 1746 684 1746 648 1766 614 1748 612 1748 610 1748 608 1748 606 1748 606 1750 585 1767 560 1750 558 1750 556 1750 518 1750 516 1750 514 1750 484 1758 482 1767 463 1771 443 1777 424 1781 405 1787 386 1790 367 1794 348 1813 329 1806 321 1785 309 1785 311 1815 313 1829 332 1823 350 1829 384 1838 386 1838 388 1838 390 1838 392 1838 405 1827 411 1823 417 1827 426 1834 426 1836 428 1836 430 1836 432 1838 466 1838 466 1836 468 1836 470 1836 484 1825 491 1819 545 1819 547 1823 558 1832 558 1834 560 1834 562 1834 564 1834 696 1831 698 1831 700 1831 711 1821 792 1829 794 1829 795 1829 797 1829 797 1827 811 1817 815 1813 826 1815 876 1827 878 1827 880 1827 882 1827 882 1825 893 1815 897 1810 937 1810 973 1811 1081 1823 1082 1823 1084 1823 1086 1823 1102 1810 1105 1808 1199 1808 1201 1796 1193 1750 1161 1767 1155 1767 1151 1796"/></Shape>
	    <String CONTENT="باشد اول حق انفين يفتی درستی"
                    HPOS="309"
                    VPOS="1743"
                    WIDTH="892"
                    HEIGHT="95"
                    WC="0.9219095643077578"></String>
          </TextLine>

          
        </TextBlock>
        
        <TextBlock HPOS="574"
                   VPOS="160"
                   WIDTH="181"
                   HEIGHT="105"
                   ID="eSc_textblock_21e0ef21"
                   TAGREFS="BT16059">
          <Shape><Polygon POINTS="612 160 725 176 755 212 694 265 596 265 574 214 612 160"/></Shape>
          
          
          <TextLine ID="eSc_line_917e7b84"
                    TAGREFS="LT4834"
                    BASELINE="608 220 696 214" 
                    HPOS="604"
                    VPOS="170"
                    WIDTH="92"
                    HEIGHT="69">
            <Shape><Polygon POINTS="608 220 608 239 696 233 696 214 692 177 635 170 633 170 631 170 604 181 608 220"/></Shape>
	    <String CONTENT="ع"
                    HPOS="604"
                    VPOS="170"
                    WIDTH="92"
                    HEIGHT="69"
                    WC="0.9709092974662781"></String>
          </TextLine>

          
        </TextBlock>
        
        <TextBlock HPOS="114"
                   VPOS="1859"
                   WIDTH="1154"
                   HEIGHT="174"
                   ID="eSc_textblock_9de01061"
                   TAGREFS="BT16058">
          <Shape><Polygon POINTS="137 1859 1268 1867 1268 1926 1222 2033 604 2010 671 1987 298 1987 198 2018 122 1949 114 1875 137 1859"/></Shape>
          
          
          <TextLine ID="eSc_line_bc442944"
                    TAGREFS="LT4834"
                    BASELINE="170 1917 684 1909" 
                    HPOS="168"
                    VPOS="1861"
                    WIDTH="516"
                    HEIGHT="84">
            <Shape><Polygon POINTS="669 1861 639 1869 616 1861 608 1861 595 1861 577 1878 551 1878 457 1871 455 1871 409 1880 388 1867 380 1861 378 1861 376 1861 375 1861 373 1861 353 1869 323 1880 296 1871 279 1863 277 1863 275 1863 168 1873 170 1917 170 1942 288 1945 290 1945 292 1945 309 1938 325 1930 350 1936 378 1942 380 1942 420 1934 447 1928 474 1932 552 1942 554 1942 684 1922 684 1909 677 1861 669 1861"/></Shape>
	    <String CONTENT="ايهازسورة البقرة الما"
                    HPOS="168"
                    VPOS="1861"
                    WIDTH="516"
                    HEIGHT="84"
                    WC="0.8828957946527571"></String>
          </TextLine>

          
          
          <TextLine ID="eSc_line_1eabbf83"
                    TAGREFS="LT4834"
                    BASELINE="707 1909 1199 1901" 
                    HPOS="706"
                    VPOS="1863"
                    WIDTH="493"
                    HEIGHT="65">
            <Shape><Polygon POINTS="1184 1865 1165 1865 1153 1865 1126 1869 1119 1865 1107 1865 1088 1865 1077 1865 1069 1871 1038 1865 1031 1865 1012 1865 1004 1865 1002 1867 994 1871 989 1867 983 1863 973 1863 954 1863 947 1863 927 1869 916 1873 914 1871 905 1863 897 1863 878 1863 859 1863 839 1863 788 1869 755 1863 744 1863 725 1863 723 1863 706 1873 707 1909 707 1917 809 1928 811 1928 813 1928 838 1917 839 1917 847 1917 918 1926 920 1926 966 1917 977 1915 983 1917 1004 1924 1006 1924 1008 1924 1199 1915 1199 1901 1193 1865 1184 1865"/></Shape>
	    <String CONTENT="هازمورة الناع"
                    HPOS="706"
                    VPOS="1863"
                    WIDTH="493"
                    HEIGHT="65"
                    WC="0.8216526302007529"></String>
          </TextLine>

          
          
          <TextLine ID="eSc_line_3d0cb5ed"
                    TAGREFS="LT4834"
                    BASELINE="690 2014 1205 2003" 
                    HPOS="690"
                    VPOS="1945"
                    WIDTH="515"
                    HEIGHT="94">
            <Shape><Polygon POINTS="746 2010 727 2010 707 2010 694 2010 690 2014 690 2039 813 2026 991 2033 993 2033 994 2033 1031 2020 1056 2030 1058 2030 1060 2031 1203 2031 1205 2003 1197 1945 1111 1972 1054 1957 1029 1949 1027 1949 1025 1949 1023 1949 1000 1961 989 1966 966 1963 893 1951 891 1951 889 1951 887 1951 855 1970 794 1953 792 1953 790 1953 788 1953 786 1953 786 1955 761 1980 761 1982 750 1982 746 2010"/></Shape>
	    <String CONTENT="ازسوره البقرة لملع"
                    HPOS="690"
                    VPOS="1945"
                    WIDTH="515"
                    HEIGHT="94"
                    WC="0.8765809585650762"></String>
          </TextLine>

          
        </TextBlock>
        
        <TextBlock HPOS="168"
                   VPOS="2097"
                   WIDTH="182"
                   HEIGHT="97"
                   ID="eSc_textblock_db0f8d4a"
                   TAGREFS="BT16061">
          <Shape><Polygon POINTS="202 2097 327 2104 327 2163 336 2158 350 2163 311 2194 206 2186 168 2148 202 2097"/></Shape>
          
          
          <TextLine ID="eSc_line_23057df8"
                    TAGREFS="LT4834"
                    BASELINE="187 2154 306 2148" 
                    HPOS="185"
                    VPOS="2100"
                    WIDTH="121"
                    HEIGHT="79">
            <Shape><Polygon POINTS="294 2100 283 2112 260 2106 235 2102 233 2102 231 2102 185 2118 185 2119 187 2154 189 2179 306 2173 306 2148 296 2100 294 2100"/></Shape>
	    <String CONTENT="س"
                    HPOS="185"
                    VPOS="2100"
                    WIDTH="121"
                    HEIGHT="79"
                    WC="0.9918144345283508"></String>
          </TextLine>

          
        </TextBlock>
        
        <TextBlock HPOS="612"
                   VPOS="2066"
                   WIDTH="182"
                   HEIGHT="90"
                   ID="eSc_textblock_66eafc55"
                   TAGREFS="BT16061">
          <Shape><Polygon POINTS="631 2066 778 2074 794 2095 763 2156 635 2148 612 2118 631 2066"/></Shape>
          
          
          <TextLine ID="eSc_line_3240ec6d"
                    TAGREFS="LT4834"
                    BASELINE="639 2116 763 2110" 
                    HPOS="635"
                    VPOS="2066"
                    WIDTH="128"
                    HEIGHT="92">
            <Shape><Polygon POINTS="751 2072 730 2070 711 2070 692 2068 673 2068 665 2066 635 2068 639 2116 640 2144 688 2133 717 2152 725 2158 727 2158 728 2158 730 2158 763 2156 763 2110 755 2072 751 2072"/></Shape>
	    <String CONTENT="علم اييضن"
                    HPOS="635"
                    VPOS="2066"
                    WIDTH="128"
                    HEIGHT="92"
                    WC="0.6766309870613946"></String>
          </TextLine>

          
        </TextBlock>
        
        <TextBlock HPOS="168"
                   VPOS="1798"
                   WIDTH="21"
                   HEIGHT="36"
                   ID="eSc_textblock_a2dc6ff7"
                   TAGREFS="BT16061">
          <Shape><Polygon POINTS="170 1798 189 1798 181 1834 168 1834 170 1798"/></Shape>
          
        </TextBlock>
        

        
        <TextBlock ID="eSc_dummyblock_">
          
          
          <TextLine ID="eSc_line_2059a796"
                    TAGREFS="LT4834"
                    BASELINE="153 1846 198 1827 277 1811" 
                    HPOS="135"
                    VPOS="1750"
                    WIDTH="152"
                    HEIGHT="125">
            <Shape><Polygon POINTS="153 1846 160 1875 287 1863 277 1811 260 1750 206 1750 204 1750 202 1750 200 1750 176 1773 160 1767 158 1767 156 1767 154 1767 153 1767 135 1779 153 1846"/></Shape>
	    <String CONTENT="دوي"
                    HPOS="135"
                    VPOS="1750"
                    WIDTH="152"
                    HEIGHT="125"
                    WC="0.7848466634750366"></String>
          </TextLine>

          
        </TextBlock>
        
      </PrintSpace>
    </Page>
  </Layout>
</alto>
