<?xml version="1.0" encoding="UTF-8"?>
<alto xmlns:xsi="http://www.w3.org/2001/XMLSchema-instance"
      xmlns="http://www.loc.gov/standards/alto/ns-v4#"
      xsi:schemaLocation="http://www.loc.gov/standards/alto/ns-v4# http://www.loc.gov/standards/alto/v4/alto-4-2.xsd">
  <Description>
    <MeasurementUnit>pixel</MeasurementUnit>
    <sourceImageInformation>
      <fileName>TwoIsmailiTreatises056.jpg</fileName>
      
    </sourceImageInformation>
  </Description>
  
  <Tags>
    <OtherTag ID="BT16074" LABEL="MarginTextZone:commentary" DESCRIPTION="block type MarginTextZone:commentary"/><OtherTag ID="BT16073" LABEL="MarginTextZone:note#1" DESCRIPTION="block type MarginTextZone:note#1"/><OtherTag ID="BT16072" LABEL="MainZone:column#2" DESCRIPTION="block type MainZone:column#2"/><OtherTag ID="BT16071" LABEL="MainZone:column#3" DESCRIPTION="block type MainZone:column#3"/><OtherTag ID="BT16070" LABEL="GraphicZone:illustration" DESCRIPTION="block type GraphicZone:illustration"/><OtherTag ID="BT16069" LABEL="MainZone:column#1" DESCRIPTION="block type MainZone:column#1"/><OtherTag ID="BT16068" LABEL="MarginTextZone:note#2" DESCRIPTION="block type MarginTextZone:note#2"/><OtherTag ID="BT16067" LABEL="CustomZone:publication" DESCRIPTION="block type CustomZone:publication"/><OtherTag ID="BT16066" LABEL="RunningTitleZone" DESCRIPTION="block type RunningTitleZone"/><OtherTag ID="BT16065" LABEL="NumberingZone" DESCRIPTION="block type NumberingZone"/><OtherTag ID="BT16064" LABEL="default" DESCRIPTION="block type default"/><OtherTag ID="BT16063" LABEL="TitlePageZone" DESCRIPTION="block type TitlePageZone"/><OtherTag ID="BT16062" LABEL="NumberingZone:other" DESCRIPTION="block type NumberingZone:other"/><OtherTag ID="BT16061" LABEL="QuireMarksZone:catchwords" DESCRIPTION="block type QuireMarksZone:catchwords"/><OtherTag ID="BT16060" LABEL="MainZone" DESCRIPTION="block type MainZone"/><OtherTag ID="BT16059" LABEL="NumberingZone:page" DESCRIPTION="block type NumberingZone:page"/><OtherTag ID="BT16058" LABEL="MarginTextZone:note" DESCRIPTION="block type MarginTextZone:note"/><OtherTag ID="BT16057" LABEL="DigitizationArtefactZone" DESCRIPTION="block type DigitizationArtefactZone"/><OtherTag ID="BT4" LABEL="Illustration" DESCRIPTION="block type Illustration"/><OtherTag ID="BT3" LABEL="Commentary" DESCRIPTION="block type Commentary"/><OtherTag ID="BT2" LABEL="Main" DESCRIPTION="block type Main"/><OtherTag ID="BT1" LABEL="Title" DESCRIPTION="block type Title"/>
    <OtherTag ID="LT4834" LABEL="DefaultLine" DESCRIPTION="line type DefaultLine"/><OtherTag ID="LT4835" LABEL="HeadingLine:title" DESCRIPTION="line type HeadingLine:title"/>
  </Tags>
  
  <Layout>
    <Page WIDTH="1287"
          HEIGHT="2103"
          PHYSICAL_IMG_NR="52"
          ID="eSc_dummypage_">
      <PrintSpace HPOS="0"
                  VPOS="0"
                  WIDTH="1287"
                  HEIGHT="2103">
        
        <TextBlock HPOS="224"
                   VPOS="224"
                   WIDTH="985"
                   HEIGHT="1533"
                   ID="eSc_textblock_4292738d"
                   TAGREFS="BT16060">
          <Shape><Polygon POINTS="259 224 992 224 1181 252 1209 736 1188 1463 1209 1519 1188 1605 1202 1701 1174 1757 231 1743 224 1149 245 1098 259 224"/></Shape>
          
          
          <TextLine ID="eSc_line_e10e9f05"
                    TAGREFS="LT4834"
                    BASELINE="254 306 1001 303" 
                    HPOS="252"
                    VPOS="240"
                    WIDTH="749"
                    HEIGHT="105">
            <Shape><Polygon POINTS="254 306 254 320 301 343 303 343 305 343 455 322 483 343 485 343 487 343 489 345 510 345 510 343 511 343 513 343 538 322 638 338 639 338 641 338 701 320 911 341 913 341 915 341 1001 317 1001 303 995 255 920 264 899 254 874 240 873 240 846 240 845 240 843 240 841 240 825 252 806 266 729 266 703 250 687 240 685 240 683 240 648 240 647 240 645 240 643 240 643 241 634 248 618 268 590 268 571 248 569 247 569 245 568 245 566 245 564 245 562 245 557 247 533 261 501 255 499 255 497 255 480 264 447 245 438 241 436 241 394 241 392 241 391 241 383 245 345 266 310 243 308 241 306 241 305 241 303 241 252 241 254 306"/></Shape>
	    <String CONTENT="نخم ز گوت و ز گوت آن باشد که هر چه خداى"
                    HPOS="252"
                    VPOS="240"
                    WIDTH="749"
                    HEIGHT="105"
                    WC="0.8973425857722759"></String>
          </TextLine>

          
          
          <TextLine ID="eSc_line_7e9fda1c"
                    TAGREFS="LT4834"
                    BASELINE="259 403 1157 399" 
                    HPOS="257"
                    VPOS="341"
                    WIDTH="900"
                    HEIGHT="98">
            <Shape><Polygon POINTS="259 403 259 420 285 438 287 438 289 438 291 439 403 439 403 438 405 438 406 438 433 417 482 425 483 425 550 417 617 438 618 438 620 438 622 438 624 438 650 420 748 418 782 431 783 431 785 431 787 431 843 415 887 436 888 436 890 438 950 438 950 436 952 436 1004 418 1029 429 1031 429 1032 429 1034 429 1036 429 1048 418 1066 434 1066 436 1067 436 1069 436 1071 438 1092 438 1092 436 1094 436 1095 436 1095 434 1108 422 1122 429 1123 429 1125 429 1127 429 1157 413 1157 399 1153 354 1085 345 1083 345 1081 345 1080 345 1080 346 1073 352 1062 364 995 364 980 352 976 348 974 348 973 348 918 346 917 346 915 346 908 350 887 362 873 352 871 352 869 352 867 352 866 352 836 362 822 350 818 346 817 346 815 346 813 346 811 346 810 346 810 348 808 350 794 364 752 364 731 348 720 341 718 341 717 341 715 341 713 341 711 341 711 343 706 348 690 366 678 366 661 348 655 345 655 343 654 343 652 343 610 343 608 343 606 343 604 343 604 345 601 346 585 364 557 364 547 355 545 355 543 355 541 355 473 362 403 345 398 345 396 345 394 345 391 345 329 364 308 345 308 343 306 343 305 343 303 343 257 343 259 403"/></Shape>
	    <String CONTENT="تعالی بوار زانی داشته باشدده يک المال امام زبان"
                    HPOS="257"
                    VPOS="341"
                    WIDTH="900"
                    HEIGHT="98"
                    WC="0.8776611520888957"></String>
          </TextLine>

          
          
          <TextLine ID="eSc_line_fea3f26d"
                    TAGREFS="LT4834"
                    BASELINE="254 504 1153 504" 
                    HPOS="254"
                    VPOS="448"
                    WIDTH="899"
                    HEIGHT="86">
            <Shape><Polygon POINTS="254 504 254 518 296 532 298 532 299 532 301 532 336 520 380 532 382 532 383 532 385 532 420 520 473 520 487 531 487 532 489 532 490 532 492 532 575 520 627 520 641 531 641 532 643 532 645 532 647 534 685 534 685 532 687 532 689 532 706 520 801 532 803 534 873 534 873 532 874 532 876 532 876 531 887 520 910 529 911 529 913 529 967 522 980 532 981 532 983 532 985 532 1153 518 1153 504 1153 467 1083 467 1036 448 1034 448 1032 448 1031 448 1029 448 1015 460 1002 450 1002 448 1001 448 999 448 929 448 927 448 925 448 924 448 894 466 834 453 832 453 762 466 729 448 727 448 725 448 724 448 722 448 722 450 703 467 675 467 650 448 648 448 647 448 645 448 643 448 641 448 641 450 624 467 608 467 589 450 589 448 587 448 585 448 561 448 559 448 557 448 497 466 459 448 457 448 389 448 387 448 385 448 340 464 322 455 320 455 319 455 254 466 254 504"/></Shape>
	    <String CONTENT="برسانی يا آنکه لفرمان مولانا پبرادرمو من ارزانی داری و"
                    HPOS="254"
                    VPOS="448"
                    WIDTH="899"
                    HEIGHT="86"
                    WC="0.8893194122747942"></String>
          </TextLine>

          
          
          <TextLine ID="eSc_line_3963e55d"
                    TAGREFS="LT4834"
                    BASELINE="252 597 1150 597" 
                    HPOS="252"
                    VPOS="531"
                    WIDTH="898"
                    HEIGHT="101">
            <Shape><Polygon POINTS="252 597 252 618 289 615 305 618 343 630 345 630 347 630 348 630 373 618 380 615 385 618 401 630 403 630 405 630 406 630 461 618 473 615 476 618 483 623 483 625 485 625 487 625 489 625 515 620 557 630 559 630 561 630 562 630 587 616 590 615 592 616 604 629 604 630 606 630 608 630 610 632 673 632 673 630 675 630 710 616 713 615 717 616 743 630 745 630 746 632 822 632 822 630 824 630 825 630 845 615 846 615 922 615 931 622 931 623 932 623 934 623 936 623 938 623 952 616 969 629 971 629 973 629 974 629 1069 615 1108 630 1109 630 1111 630 1113 630 1150 613 1150 597 1150 560 1109 560 1108 559 1088 545 1087 545 1085 545 1083 545 1081 545 1080 545 1064 557 1062 560 943 560 934 555 915 545 913 545 911 545 910 545 894 550 871 531 869 531 867 531 834 531 832 531 831 531 829 531 804 552 796 560 776 560 767 550 748 532 748 531 746 531 745 531 717 531 715 531 713 531 711 531 711 532 694 548 683 559 617 546 597 545 596 545 594 545 592 545 590 546 585 550 580 546 564 532 564 531 562 531 561 531 559 531 557 531 503 545 494 546 492 545 476 531 475 531 473 531 471 531 469 531 468 531 448 543 412 532 410 532 408 532 406 532 405 532 405 534 396 541 380 557 359 541 345 531 343 531 341 531 340 531 252 538 252 597"/></Shape>
	    <String CONTENT="حق فقراد مساکين باز يگير بدين معنی که قوله تعالی ديو توا"
                    HPOS="252"
                    VPOS="531"
                    WIDTH="898"
                    HEIGHT="101"
                    WC="0.8759085743555001"></String>
          </TextLine>

          
          
          <TextLine ID="eSc_line_d0eb71ac"
                    TAGREFS="LT4834"
                    BASELINE="550 688 1155 692" 
                    HPOS="548"
                    VPOS="632"
                    WIDTH="607"
                    HEIGHT="90">
            <Shape><Polygon POINTS="550 688 548 704 580 706 592 718 592 720 594 720 596 720 597 722 704 722 704 720 706 720 708 720 722 711 810 720 811 720 813 720 843 708 857 718 859 718 860 718 862 718 917 709 929 720 929 722 931 722 932 722 934 722 992 713 1045 722 1046 722 1048 722 1050 722 1069 709 1087 718 1088 718 1090 718 1153 708 1155 692 1155 644 1141 634 1139 634 1137 634 1060 634 1059 634 1057 634 1055 634 1055 636 1038 651 1023 665 971 665 957 653 945 641 943 641 941 641 939 641 894 643 892 643 869 655 852 664 820 664 813 657 789 634 789 632 787 632 785 632 727 632 725 632 724 632 722 632 722 634 694 658 694 660 650 662 643 660 622 650 620 650 618 650 617 650 615 650 601 660 599 662 597 660 576 651 575 651 573 651 571 651 550 660 550 688"/></Shape>
	    <String CONTENT="الزكوة وذلك دين القيامة"
                    HPOS="548"
                    VPOS="632"
                    WIDTH="607"
                    HEIGHT="90"
                    WC="0.984122413655986"></String>
          </TextLine>

          
          
          <TextLine ID="eSc_line_0e99caeb"
                    TAGREFS="LT4834"
                    BASELINE="257 785 999 776" 
                    HPOS="255"
                    VPOS="711"
                    WIDTH="744"
                    HEIGHT="110">
            <Shape><Polygon POINTS="257 785 257 799 291 820 292 820 294 820 296 821 341 821 341 820 343 820 345 820 345 818 366 797 376 797 406 795 469 795 475 797 511 811 513 811 515 811 555 802 571 816 573 816 575 816 576 816 578 816 631 797 636 795 645 797 699 806 701 806 703 806 704 806 715 797 720 792 731 797 745 802 746 802 748 802 750 802 769 797 782 792 787 797 799 807 799 809 801 809 803 809 834 814 836 814 999 795 999 776 990 711 955 739 943 730 943 729 941 729 939 729 938 729 936 729 934 729 934 730 920 743 853 743 834 729 832 729 831 729 829 729 827 729 825 729 804 744 708 744 673 720 671 720 669 720 668 720 666 720 587 744 526 715 524 715 469 715 468 715 466 715 464 715 464 716 447 732 399 716 398 716 396 716 394 716 366 730 255 716 257 785"/></Shape>
	    <String CONTENT="شم چهاد و چهادآن باشد که با نفس و هوان"
                    HPOS="255"
                    VPOS="711"
                    WIDTH="744"
                    HEIGHT="110"
                    WC="0.9328419184073423"></String>
          </TextLine>

          
          
          <TextLine ID="eSc_line_eb42ae1c"
                    TAGREFS="LT4834"
                    BASELINE="250 876 1155 883" 
                    HPOS="248"
                    VPOS="814"
                    WIDTH="907"
                    HEIGHT="99">
            <Shape><Polygon POINTS="250 876 248 890 270 900 271 900 273 900 275 900 298 890 312 904 312 906 313 906 315 906 317 906 319 906 359 890 371 900 373 900 375 900 376 900 378 900 413 890 455 890 457 890 473 902 475 902 476 902 478 902 480 902 513 893 548 907 550 907 552 907 673 892 699 909 701 909 703 909 704 909 706 909 736 897 753 909 755 909 757 909 759 911 869 911 869 909 871 909 873 909 895 895 927 911 929 911 931 913 960 913 960 911 962 911 964 911 964 909 980 895 1080 895 1102 909 1104 909 1106 909 1108 909 1109 909 1153 893 1155 883 1155 846 1113 816 1111 816 1109 816 974 816 973 816 971 816 920 844 874 837 853 816 853 814 852 814 850 814 792 814 790 814 789 814 787 814 787 816 753 846 753 848 706 848 706 846 675 818 675 816 673 816 671 816 669 816 668 816 666 816 631 844 555 834 554 834 492 844 489 844 462 820 462 818 461 818 459 818 457 818 455 818 454 818 422 842 405 830 403 830 401 830 399 830 398 830 378 841 362 828 361 828 359 828 357 828 355 828 354 828 336 842 315 825 313 825 312 825 310 825 308 825 250 841 250 876"/></Shape>
	    <String CONTENT="خود جنگ كتى داو را بكشى فرد نفس مرد و داست آورارد"
                    HPOS="248"
                    VPOS="814"
                    WIDTH="907"
                    HEIGHT="99"
                    WC="0.9068290305137634"></String>
          </TextLine>

          
          
          <TextLine ID="eSc_line_532d2e4f"
                    TAGREFS="LT4834"
                    BASELINE="248 974 1009 977 1148 967" 
                    HPOS="247"
                    VPOS="907"
                    WIDTH="901"
                    HEIGHT="104">
            <Shape><Polygon POINTS="248 974 247 984 301 1002 303 1002 305 1002 306 1002 329 993 354 1005 355 1005 357 1005 359 1005 387 990 405 1007 405 1009 406 1009 408 1009 410 1011 454 1011 454 1009 455 1009 457 1009 457 1007 478 988 550 988 571 1007 571 1009 573 1009 575 1009 576 1009 578 1009 661 988 694 1009 696 1009 697 1009 699 1009 701 1009 727 998 738 1009 739 1009 741 1009 743 1011 790 1011 790 1009 792 1009 824 991 839 1007 839 1009 841 1009 843 1009 845 1009 932 995 946 1007 946 1009 948 1009 950 1009 952 1011 1015 1011 1015 1009 1016 1009 1018 1009 1018 1007 1039 988 1146 988 1148 967 1141 909 1094 927 1039 909 1038 909 1036 909 1034 909 1032 909 988 937 955 911 953 911 952 911 950 911 948 911 876 939 832 939 787 914 785 914 783 914 782 914 780 914 753 934 724 909 722 909 720 909 678 909 676 909 675 909 673 909 673 911 643 939 589 939 573 925 573 923 571 923 569 923 568 923 566 923 533 937 499 916 497 916 496 916 494 916 492 916 490 916 466 939 438 939 401 914 399 914 398 914 396 914 394 914 392 914 392 916 368 939 352 939 320 911 320 909 319 909 317 909 248 907 248 974"/></Shape>
	    <String CONTENT="كنند پس مكان بر عالم سريد كنيد و از هر چه جز خدا"
                    HPOS="247"
                    VPOS="907"
                    WIDTH="901"
                    HEIGHT="104"
                    WC="0.9412643251319727"></String>
          </TextLine>

          
          
          <TextLine ID="eSc_line_c8f39875"
                    TAGREFS="LT4834"
                    BASELINE="254 1070 1159 1070" 
                    HPOS="254"
                    VPOS="1007"
                    WIDTH="905"
                    HEIGHT="91">
            <Shape><Polygon POINTS="254 1070 254 1081 285 1097 287 1097 289 1097 410 1084 440 1097 441 1097 443 1097 445 1097 485 1086 497 1097 499 1097 501 1097 503 1098 547 1098 547 1097 548 1097 550 1097 550 1095 566 1083 901 1097 903 1097 904 1097 906 1097 927 1083 966 1095 967 1095 969 1095 971 1095 1015 1083 1053 1093 1055 1093 1057 1093 1159 1081 1159 1070 1159 1035 1144 1023 1144 1021 1143 1021 1141 1021 1139 1021 1095 1030 1073 1018 1071 1018 1069 1018 1067 1018 1038 1035 1031 1037 908 1037 888 1030 850 1019 848 1019 846 1019 845 1019 843 1019 843 1021 832 1028 825 1037 810 1028 806 1026 804 1026 803 1026 790 1028 759 1033 750 1026 745 1023 743 1023 741 1023 739 1023 738 1023 736 1023 732 1026 718 1037 699 1025 675 1012 673 1012 671 1012 669 1012 668 1012 654 1025 636 1037 601 1023 562 1007 561 1007 445 1007 443 1007 441 1007 440 1007 440 1009 429 1018 410 1039 380 1039 352 1016 341 1007 340 1007 338 1007 336 1007 254 1012 254 1070"/></Shape>
	    <String CONTENT="باشد ببريد و جان و تن خود را در راه حق بذل کنيد بدين"
                    HPOS="254"
                    VPOS="1007"
                    WIDTH="905"
                    HEIGHT="91"
                    WC="0.900571482685896"></String>
          </TextLine>

          
          
          <TextLine ID="eSc_line_8a4990af"
                    TAGREFS="LT4834"
                    BASELINE="178 1153 278 1161 1157 1168" 
                    HPOS="177"
                    VPOS="1084"
                    WIDTH="980"
                    HEIGHT="118">
            <Shape><Polygon POINTS="231 1130 229 1109 226 1107 215 1100 213 1100 212 1100 210 1100 208 1100 178 1107 178 1153 177 1174 243 1175 261 1193 261 1195 263 1195 264 1195 266 1196 331 1196 331 1195 333 1195 334 1195 334 1193 350 1179 392 1196 394 1196 396 1196 529 1179 569 1198 571 1198 573 1200 603 1200 603 1198 604 1198 606 1198 606 1196 624 1182 647 1198 648 1198 650 1198 652 1200 739 1200 739 1198 741 1198 787 1182 831 1200 832 1200 834 1200 836 1200 838 1200 862 1184 908 1191 910 1191 911 1191 938 1182 960 1202 962 1202 964 1202 966 1202 1155 1182 1157 1168 1153 1098 1127 1111 1116 1098 1109 1093 1109 1091 1108 1091 1106 1091 1009 1091 1008 1091 1006 1091 1004 1091 1004 1093 997 1100 973 1123 704 1121 683 1105 682 1105 680 1105 678 1105 676 1105 675 1105 657 1119 634 1104 632 1102 631 1102 629 1102 627 1102 617 1104 589 1111 582 1104 566 1088 566 1086 564 1086 562 1086 561 1086 559 1086 531 1097 520 1086 519 1086 517 1086 515 1086 480 1088 478 1088 441 1102 394 1086 392 1086 391 1086 389 1086 361 1095 350 1086 350 1084 348 1084 347 1084 264 1084 263 1084 261 1084 259 1084 259 1086 236 1107 233 1109 231 1130"/></Shape>
	    <String CONTENT="كه والمجاهدون في سبيل الله بأموالهم وأنفسهم"
                    HPOS="177"
                    VPOS="1084"
                    WIDTH="980"
                    HEIGHT="118"
                    WC="0.9586127863989936"></String>
          </TextLine>

          
          
          <TextLine ID="eSc_line_d152f07d"
                    TAGREFS="LT4834"
                    BASELINE="247 1258 1011 1253" 
                    HPOS="245"
                    VPOS="1198"
                    WIDTH="766"
                    HEIGHT="97">
            <Shape><Polygon POINTS="247 1258 247 1270 368 1267 403 1272 468 1282 469 1282 471 1282 497 1272 511 1265 517 1272 531 1284 531 1286 533 1286 534 1286 536 1286 597 1282 608 1291 608 1293 610 1293 611 1293 613 1295 654 1295 654 1293 655 1293 657 1293 689 1270 694 1267 704 1270 748 1288 750 1288 752 1288 753 1288 755 1288 782 1270 789 1265 796 1270 825 1291 827 1291 829 1291 831 1293 915 1293 915 1291 917 1291 966 1268 981 1263 1008 1268 1011 1253 1008 1207 988 1203 987 1203 985 1203 983 1203 980 1207 962 1223 880 1223 860 1209 853 1202 852 1202 850 1202 848 1202 846 1202 845 1202 845 1203 838 1209 829 1217 817 1209 811 1205 810 1205 808 1205 806 1205 804 1205 794 1209 778 1216 766 1209 760 1207 759 1207 757 1207 755 1207 753 1207 752 1209 732 1224 655 1224 636 1210 634 1210 632 1210 631 1210 629 1210 627 1210 592 1223 561 1212 536 1203 534 1203 533 1203 531 1203 506 1212 490 1198 489 1198 487 1198 427 1198 426 1198 424 1198 422 1198 422 1200 406 1214 405 1214 403 1214 394 1207 392 1207 391 1207 389 1207 387 1207 385 1207 375 1214 362 1223 352 1214 327 1198 326 1198 324 1198 257 1198 255 1198 254 1198 252 1198 252 1200 250 1200 245 1205 247 1258"/></Shape>
	    <String CONTENT="هفتم خج است وحج آن باشد که دست از ايا"
                    HPOS="245"
                    VPOS="1198"
                    WIDTH="766"
                    HEIGHT="97"
                    WC="0.8507351608652818"></String>
          </TextLine>

          
          
          <TextLine ID="eSc_line_4f529fad"
                    TAGREFS="LT4834"
                    BASELINE="254 1359 1159 1359" 
                    HPOS="254"
                    VPOS="1291"
                    WIDTH="905"
                    HEIGHT="95">
            <Shape><Polygon POINTS="254 1359 254 1382 292 1384 294 1384 296 1384 298 1384 299 1382 322 1370 434 1370 452 1380 457 1384 459 1384 461 1384 462 1384 464 1384 476 1380 499 1370 511 1379 517 1384 519 1384 520 1384 522 1386 680 1386 680 1384 682 1384 683 1384 694 1377 701 1370 778 1370 794 1375 820 1384 822 1384 824 1384 825 1384 827 1384 827 1382 836 1373 841 1370 869 1370 878 1373 897 1384 899 1384 901 1384 978 1373 995 1384 997 1384 999 1384 1001 1384 1050 1373 1080 1384 1081 1384 1083 1384 1159 1368 1159 1359 1159 1316 1141 1316 1122 1296 1122 1295 1120 1295 1118 1295 1116 1295 1115 1295 1078 1314 1018 1300 1016 1300 1015 1300 1013 1300 994 1316 876 1316 857 1298 857 1296 855 1296 853 1296 852 1296 850 1296 848 1296 834 1307 824 1296 822 1296 820 1296 818 1296 817 1296 782 1316 741 1316 711 1300 710 1300 708 1300 706 1300 680 1314 650 1291 648 1291 647 1291 617 1291 615 1291 613 1291 568 1316 529 1316 490 1291 489 1291 487 1291 347 1291 345 1291 343 1291 341 1291 341 1293 322 1310 308 1300 306 1300 305 1300 303 1300 301 1300 254 1314 254 1359"/></Shape>
	    <String CONTENT="سرای فانی بداری و طلب سرای باقی کنی بدين معنی که وماهده"
                    HPOS="254"
                    VPOS="1291"
                    WIDTH="905"
                    HEIGHT="95"
                    WC="0.9140486489642751"></String>
          </TextLine>

          
          
          <TextLine ID="eSc_line_a17b0b4b"
                    TAGREFS="LT4834"
                    BASELINE="252 1454 1157 1451" 
                    HPOS="250"
                    VPOS="1373"
                    WIDTH="907"
                    HEIGHT="106">
            <Shape><Polygon POINTS="252 1454 252 1465 273 1477 275 1477 277 1479 308 1479 308 1477 310 1477 312 1477 312 1475 327 1463 394 1477 396 1477 398 1477 399 1477 415 1465 445 1473 447 1473 448 1473 587 1463 650 1477 652 1477 654 1477 694 1463 722 1475 724 1475 725 1475 727 1475 729 1475 729 1473 743 1461 745 1461 769 1461 783 1473 783 1475 785 1475 787 1475 789 1475 850 1466 1069 1475 1071 1475 1073 1475 1074 1475 1094 1461 1155 1459 1157 1451 1150 1387 1113 1400 1015 1400 997 1389 969 1375 967 1375 966 1375 964 1375 962 1375 945 1386 932 1375 932 1373 931 1373 929 1373 880 1373 878 1373 876 1373 829 1391 776 1373 775 1373 773 1373 771 1373 769 1373 748 1393 724 1377 722 1377 720 1377 718 1377 717 1377 715 1377 699 1391 685 1380 683 1380 682 1380 680 1380 678 1380 676 1380 676 1382 662 1394 638 1396 592 1400 585 1398 538 1377 536 1377 534 1377 533 1377 531 1377 511 1389 473 1375 471 1375 469 1375 468 1375 434 1384 412 1375 410 1375 408 1375 406 1375 405 1375 389 1387 299 1375 298 1375 296 1375 250 1400 252 1454"/></Shape>
	    <String CONTENT="الحباة الدنيا إلا لهو ولعب وأن الدار الآخرة لهي"
                    HPOS="250"
                    VPOS="1373"
                    WIDTH="907"
                    HEIGHT="106"
                    WC="0.9644397366046905"></String>
          </TextLine>

          
          
          <TextLine ID="eSc_line_e31f998e"
                    TAGREFS="LT4834"
                    BASELINE="254 1533 1160 1542" 
                    HPOS="252"
                    VPOS="1466"
                    WIDTH="908"
                    HEIGHT="107">
            <Shape><Polygon POINTS="254 1533 252 1549 278 1549 282 1550 301 1564 303 1564 305 1564 306 1564 308 1564 341 1550 347 1549 417 1549 422 1550 441 1561 443 1561 445 1561 503 1550 510 1550 513 1550 547 1566 548 1566 550 1566 634 1552 636 1552 638 1552 685 1568 687 1568 689 1570 743 1570 743 1568 745 1568 746 1568 746 1566 760 1552 762 1552 782 1552 783 1552 799 1568 799 1570 801 1570 803 1570 804 1571 880 1571 880 1570 881 1570 883 1570 901 1556 925 1570 927 1570 929 1570 931 1570 974 1559 992 1571 994 1571 995 1571 997 1573 1097 1573 1097 1571 1099 1571 1101 1571 1101 1570 1113 1557 1159 1554 1160 1542 1160 1496 1129 1473 1127 1473 1125 1473 1123 1473 1022 1480 985 1472 983 1472 929 1472 927 1472 925 1472 924 1472 924 1473 895 1496 797 1470 796 1470 794 1470 746 1473 745 1473 743 1473 713 1496 710 1496 624 1496 622 1494 601 1484 599 1484 597 1484 482 1493 475 1493 471 1493 443 1487 424 1468 424 1466 422 1466 420 1466 419 1466 417 1466 371 1491 338 1466 336 1466 334 1466 333 1466 331 1466 254 1489 254 1533"/></Shape>
	    <String CONTENT="الحيوان لو كانوا يعلمون واين است طريقه"
                    HPOS="252"
                    VPOS="1466"
                    WIDTH="908"
                    HEIGHT="107"
                    WC="0.9494335620026839"></String>
          </TextLine>

          
          
          <TextLine ID="eSc_line_f710b4be"
                    TAGREFS="LT4834"
                    BASELINE="913 1656 1146 1652" 
                    HPOS="911"
                    VPOS="1586"
                    WIDTH="235"
                    HEIGHT="96">
            <Shape><Polygon POINTS="913 1656 913 1666 936 1678 938 1678 939 1678 1002 1666 1032 1680 1034 1680 1036 1682 1108 1682 1108 1680 1109 1680 1146 1661 1146 1652 1139 1586 1071 1603 1057 1593 1048 1586 1046 1586 1045 1586 1043 1586 1041 1586 1039 1586 1027 1594 1018 1601 1008 1596 978 1586 976 1586 974 1586 973 1586 971 1586 971 1587 955 1601 952 1607 911 1607 913 1656"/></Shape>
	    <String CONTENT="بل ج باطن"
                    HPOS="911"
                    VPOS="1586"
                    WIDTH="235"
                    HEIGHT="96"
                    WC="0.8359222610791525"></String>
          </TextLine>

          
          
          <TextLine ID="eSc_line_38d3aa00"
                    TAGREFS="LT4834"
                    BASELINE="255 1748 1018 1745" 
                    HPOS="254"
                    VPOS="1689"
                    WIDTH="764"
                    HEIGHT="72">
            <Shape><Polygon POINTS="675 1745 657 1745 639 1745 622 1745 604 1745 587 1745 569 1743 552 1743 534 1743 517 1743 499 1747 482 1747 464 1747 447 1745 429 1745 412 1745 394 1745 376 1745 359 1745 341 1743 324 1743 306 1743 289 1743 271 1743 254 1743 255 1748 255 1752 462 1761 464 1761 1018 1750 1018 1745 1016 1712 983 1689 981 1689 980 1689 834 1689 832 1689 831 1689 829 1689 813 1701 750 1689 748 1689 703 1694 701 1694 699 1694 699 1696 676 1715 675 1745"/></Shape>
	    <String CONTENT="و باد كه تا ديل بفت ار"
                    HPOS="254"
                    VPOS="1689"
                    WIDTH="764"
                    HEIGHT="72"
                    WC="0.8935393826528029"></String>
          </TextLine>

          
        </TextBlock>
        
        <TextBlock HPOS="624"
                   VPOS="140"
                   WIDTH="129"
                   HEIGHT="75"
                   ID="eSc_textblock_bcc43af4"
                   TAGREFS="BT16059">
          <Shape><Polygon POINTS="671 140 739 154 753 208 631 215 624 154 671 140"/></Shape>
          
          
          <TextLine ID="eSc_line_d2800e1d"
                    TAGREFS="LT4834"
                    BASELINE="648 192 729 189" 
                    HPOS="645"
                    VPOS="148"
                    WIDTH="84"
                    HEIGHT="65">
            <Shape><Polygon POINTS="717 148 645 152 648 192 648 213 729 213 729 189 724 148 717 148"/></Shape>
	    <String CONTENT=""
                    HPOS="645"
                    VPOS="148"
                    WIDTH="84"
                    HEIGHT="65"></String>
          </TextLine>

          
        </TextBlock>
        
        <TextBlock HPOS="217"
                   VPOS="1766"
                   WIDTH="992"
                   HEIGHT="117"
                   ID="eSc_textblock_87ad12c4"
                   TAGREFS="BT16058">
          <Shape><Polygon POINTS="238 1766 1195 1773 1209 1820 1181 1850 1195 1869 1104 1883 252 1876 217 1813 238 1766"/></Shape>
          
          
          <TextLine ID="eSc_line_6aa1a81a"
                    TAGREFS="LT4834"
                    BASELINE="334 1801 1143 1806" 
                    HPOS="333"
                    VPOS="1770"
                    WIDTH="810"
                    HEIGHT="57">
            <Shape><Polygon POINTS="334 1801 333 1815 382 1824 383 1824 385 1824 417 1817 431 1813 589 1813 596 1817 613 1826 615 1826 617 1826 662 1817 673 1815 708 1817 850 1826 852 1826 853 1826 855 1826 855 1824 862 1819 878 1827 880 1827 881 1827 883 1827 1141 1817 1143 1806 1141 1778 334 1770 334 1801"/></Shape>
	    <String CONTENT="هأهع ازسورة السين لامسوره النساء ولا ما لا"
                    HPOS="333"
                    VPOS="1770"
                    WIDTH="810"
                    HEIGHT="57"
                    WC="0.8197682492954786"></String>
          </TextLine>

          
          
          <TextLine ID="eSc_line_acf4362c"
                    TAGREFS="LT4834"
                    BASELINE="631 1850 1146 1854" 
                    HPOS="629"
                    VPOS="1806"
                    WIDTH="517"
                    HEIGHT="79">
            <Shape><Polygon POINTS="631 1850 629 1866 789 1878 790 1878 792 1878 808 1871 810 1871 811 1871 827 1882 829 1882 831 1882 832 1882 834 1882 862 1873 864 1873 866 1873 887 1883 888 1883 890 1885 962 1885 962 1883 964 1883 966 1883 976 1876 983 1873 1143 1880 1146 1854 1144 1808 1092 1808 1090 1808 1088 1808 1059 1824 910 1824 871 1808 867 1806 866 1806 864 1806 862 1806 860 1806 860 1808 841 1820 824 1808 822 1808 820 1808 818 1808 817 1808 815 1808 796 1820 783 1812 782 1812 780 1812 778 1812 776 1812 759 1819 734 1808 732 1808 731 1808 729 1808 727 1808 713 1819 631 1808 631 1850"/></Shape>
	    <String CONTENT="از سوره والعنكبوت ادادها "
                    HPOS="629"
                    VPOS="1806"
                    WIDTH="517"
                    HEIGHT="79"
                    WC="0.8078988838195801"></String>
          </TextLine>

          
        </TextBlock>
        
        <TextBlock HPOS="631"
                   VPOS="1885"
                   WIDTH="115"
                   HEIGHT="83"
                   ID="eSc_textblock_8d80da45"
                   TAGREFS="BT16061">
          <Shape><Polygon POINTS="664 1885 718 1892 746 1940 711 1968 638 1947 631 1913 664 1885"/></Shape>
          
          
          <TextLine ID="eSc_line_9b836d0c"
                    TAGREFS="LT4834"
                    BASELINE="682 1927 697 1925" 
                    HPOS="676"
                    VPOS="1887"
                    WIDTH="25"
                    HEIGHT="75">
            <Shape><Polygon POINTS="676 1887 682 1927 685 1962 701 1962 697 1925 690 1887 676 1887"/></Shape>
	    <String CONTENT=""
                    HPOS="676"
                    VPOS="1887"
                    WIDTH="25"
                    HEIGHT="75"></String>
          </TextLine>

          
        </TextBlock>
        
        <TextBlock HPOS="189"
                   VPOS="1114"
                   WIDTH="26"
                   HEIGHT="61"
                   ID="eSc_textblock_b31298e3"
                   TAGREFS="BT16062">
          <Shape><Polygon POINTS="196 1114 215 1121 201 1175 189 1168 196 1114"/></Shape>
          
        </TextBlock>
        

        
      </PrintSpace>
    </Page>
  </Layout>
</alto>
