<?xml version="1.0" encoding="UTF-8"?>
<alto xmlns:xsi="http://www.w3.org/2001/XMLSchema-instance"
      xmlns="http://www.loc.gov/standards/alto/ns-v4#"
      xsi:schemaLocation="http://www.loc.gov/standards/alto/ns-v4# http://www.loc.gov/standards/alto/v4/alto-4-2.xsd">
  <Description>
    <MeasurementUnit>pixel</MeasurementUnit>
    <sourceImageInformation>
      <fileName>TwoIsmailiTreatises009.jpg</fileName>
      
    </sourceImageInformation>
  </Description>
  
  <Tags>
    <OtherTag ID="BT16074" LABEL="MarginTextZone:commentary" DESCRIPTION="block type MarginTextZone:commentary"/><OtherTag ID="BT16073" LABEL="MarginTextZone:note#1" DESCRIPTION="block type MarginTextZone:note#1"/><OtherTag ID="BT16072" LABEL="MainZone:column#2" DESCRIPTION="block type MainZone:column#2"/><OtherTag ID="BT16071" LABEL="MainZone:column#3" DESCRIPTION="block type MainZone:column#3"/><OtherTag ID="BT16070" LABEL="GraphicZone:illustration" DESCRIPTION="block type GraphicZone:illustration"/><OtherTag ID="BT16069" LABEL="MainZone:column#1" DESCRIPTION="block type MainZone:column#1"/><OtherTag ID="BT16068" LABEL="MarginTextZone:note#2" DESCRIPTION="block type MarginTextZone:note#2"/><OtherTag ID="BT16067" LABEL="CustomZone:publication" DESCRIPTION="block type CustomZone:publication"/><OtherTag ID="BT16066" LABEL="RunningTitleZone" DESCRIPTION="block type RunningTitleZone"/><OtherTag ID="BT16065" LABEL="NumberingZone" DESCRIPTION="block type NumberingZone"/><OtherTag ID="BT16064" LABEL="default" DESCRIPTION="block type default"/><OtherTag ID="BT16063" LABEL="TitlePageZone" DESCRIPTION="block type TitlePageZone"/><OtherTag ID="BT16062" LABEL="NumberingZone:other" DESCRIPTION="block type NumberingZone:other"/><OtherTag ID="BT16061" LABEL="QuireMarksZone:catchwords" DESCRIPTION="block type QuireMarksZone:catchwords"/><OtherTag ID="BT16060" LABEL="MainZone" DESCRIPTION="block type MainZone"/><OtherTag ID="BT16059" LABEL="NumberingZone:page" DESCRIPTION="block type NumberingZone:page"/><OtherTag ID="BT16058" LABEL="MarginTextZone:note" DESCRIPTION="block type MarginTextZone:note"/><OtherTag ID="BT16057" LABEL="DigitizationArtefactZone" DESCRIPTION="block type DigitizationArtefactZone"/><OtherTag ID="BT4" LABEL="Illustration" DESCRIPTION="block type Illustration"/><OtherTag ID="BT3" LABEL="Commentary" DESCRIPTION="block type Commentary"/><OtherTag ID="BT2" LABEL="Main" DESCRIPTION="block type Main"/><OtherTag ID="BT1" LABEL="Title" DESCRIPTION="block type Title"/>
    <OtherTag ID="LT4834" LABEL="DefaultLine" DESCRIPTION="line type DefaultLine"/><OtherTag ID="LT4835" LABEL="HeadingLine:title" DESCRIPTION="line type HeadingLine:title"/>
  </Tags>
  
  <Layout>
    <Page WIDTH="1526"
          HEIGHT="2187"
          PHYSICAL_IMG_NR="5"
          ID="eSc_dummypage_">
      <PrintSpace HPOS="0"
                  VPOS="0"
                  WIDTH="1526"
                  HEIGHT="2187">
        
        <TextBlock HPOS="65"
                   VPOS="240"
                   WIDTH="1067"
                   HEIGHT="1609"
                   ID="eSc_textblock_937fc044"
                   TAGREFS="BT16060">
          <Shape><Polygon POINTS="160 240 1103 255 1132 1215 1095 1835 145 1849 65 1827 87 1696 80 342 102 247 160 240"/></Shape>
          
          
          <TextLine ID="eSc_line_33576927"
                    TAGREFS="LT4834"
                    BASELINE="94 329 1064 317" 
                    HPOS="92"
                    VPOS="258"
                    WIDTH="972"
                    HEIGHT="106">
            <Shape><Polygon POINTS="94 329 94 348 164 362 165 364 216 364 216 362 218 362 220 362 220 360 235 349 328 360 329 360 331 360 391 344 399 342 401 344 417 359 419 359 421 359 422 360 455 360 455 359 457 359 459 359 481 342 483 342 506 342 508 342 528 357 530 357 532 357 534 357 536 357 561 346 627 357 628 357 738 338 742 338 743 338 776 355 778 355 780 355 782 355 783 355 783 353 800 337 802 337 805 337 873 353 875 353 876 353 878 353 900 337 900 335 949 335 951 335 966 346 968 346 969 346 971 346 973 346 975 346 988 337 1008 349 1010 349 1011 349 1013 349 1015 349 1064 333 1064 317 1059 280 1024 280 1022 280 1002 266 1000 266 999 266 997 266 995 266 993 266 979 277 955 258 953 258 951 258 924 258 922 258 920 258 891 267 853 260 851 260 849 260 847 260 818 282 782 282 767 269 767 267 765 267 763 267 762 267 760 267 758 267 758 269 742 286 740 286 738 286 687 271 685 271 683 271 681 271 645 286 618 264 616 264 614 264 612 264 557 275 510 264 508 264 506 264 505 264 453 277 435 267 433 267 432 267 430 267 368 291 366 291 344 291 191 291 153 271 151 271 149 271 147 271 92 293 94 329"/></Shape>
	    <String CONTENT="در جواب می گويد که ای قلانی اين که تو می کويی خربزه دانه ياهندانه"
                    HPOS="92"
                    VPOS="258"
                    WIDTH="972"
                    HEIGHT="106"
                    WC="0.8790021951381977"></String>
          </TextLine>

          
          
          <TextLine ID="eSc_line_5e3608a7"
                    TAGREFS="LT4834"
                    BASELINE="96 431 1061 413" 
                    HPOS="94"
                    VPOS="360"
                    WIDTH="967"
                    HEIGHT="104">
            <Shape><Polygon POINTS="96 431 96 453 107 462 109 462 111 462 113 464 182 464 182 462 184 462 185 462 206 450 277 461 278 461 280 461 282 461 300 444 304 442 331 442 337 444 381 459 382 459 384 459 444 457 446 457 477 441 481 439 484 441 499 450 501 450 503 450 505 450 506 450 508 450 519 441 519 439 523 441 546 450 548 450 550 450 552 450 579 441 636 450 638 450 639 450 669 437 674 435 680 437 707 446 709 446 711 446 712 446 749 435 751 435 765 448 765 450 767 450 769 450 771 451 809 451 809 450 811 450 813 450 835 435 880 444 882 444 884 444 886 444 904 431 909 431 958 439 960 439 1059 428 1061 413 1055 373 993 377 988 375 962 360 960 360 958 360 957 360 955 360 935 377 917 390 864 390 851 379 838 369 836 369 835 369 833 369 831 369 807 380 793 388 787 380 780 375 780 373 778 373 776 373 774 373 773 373 756 382 731 366 729 366 727 366 725 366 723 366 667 384 643 393 636 386 625 377 625 375 623 375 621 375 619 375 561 388 559 388 486 369 484 369 483 369 481 369 435 391 426 397 415 393 399 388 397 388 395 388 393 388 391 388 384 393 377 400 300 400 297 397 275 377 275 375 273 375 271 375 198 375 196 375 195 375 193 375 193 377 169 400 167 402 164 400 136 393 134 393 133 393 131 393 94 402 96 431"/></Shape>
	    <String CONTENT="نيباشد نه خداى باشد خداوند را از فضل بايد ديد و هردو کرده دير"
                    HPOS="94"
                    VPOS="360"
                    WIDTH="967"
                    HEIGHT="104"
                    WC="0.8976502770283183"></String>
          </TextLine>

          
          
          <TextLine ID="eSc_line_b31273c0"
                    TAGREFS="LT4834"
                    BASELINE="103 543 1066 521" 
                    HPOS="102"
                    VPOS="464"
                    WIDTH="964"
                    HEIGHT="111">
            <Shape><Polygon POINTS="103 543 103 575 180 574 182 574 184 574 184 572 185 572 204 550 226 548 282 555 284 555 286 555 288 555 288 554 289 554 295 546 417 552 419 552 421 552 446 543 495 552 497 552 499 552 501 552 517 541 552 555 581 566 583 566 585 566 587 566 623 552 652 539 669 548 690 563 692 563 694 563 696 564 745 564 745 563 855 559 856 559 858 559 858 557 876 539 878 537 906 532 917 535 933 543 935 543 937 543 938 543 940 543 949 533 953 532 955 533 971 544 973 544 975 544 977 544 979 544 980 544 988 537 1006 552 1008 552 1010 552 1011 552 1013 552 1066 528 1066 521 1059 477 1026 486 1015 477 999 464 997 464 995 464 993 464 915 466 913 466 911 466 911 468 897 482 891 488 869 490 862 482 856 479 856 477 855 477 853 477 851 477 849 477 847 477 840 484 835 488 829 484 805 472 804 472 802 472 800 472 798 472 798 473 785 486 778 492 754 486 721 481 720 481 718 481 701 488 690 493 674 490 607 473 605 473 603 473 601 473 601 475 583 493 577 497 557 493 525 488 523 488 521 488 506 495 497 501 413 501 406 499 353 479 351 479 350 479 348 479 346 479 315 503 313 503 306 503 275 499 258 484 258 482 257 482 255 482 253 482 251 482 211 493 189 482 187 482 185 482 184 482 102 506 103 543"/></Shape>
	    <String CONTENT="مفراند که عقل و دشم خيال و فکر و انديشه و پنداشت خود حلق"
                    HPOS="102"
                    VPOS="464"
                    WIDTH="964"
                    HEIGHT="111"
                    WC="0.8661924632532256"></String>
          </TextLine>

          
          
          <TextLine ID="eSc_line_1b24a462"
                    TAGREFS="LT4834"
                    BASELINE="107 630 1159 616" 
                    HPOS="105"
                    VPOS="566"
                    WIDTH="1054"
                    HEIGHT="99">
            <Shape><Polygon POINTS="1108 603 1104 570 1086 583 1062 568 1061 566 1059 566 1057 566 1055 566 1019 568 1017 568 1015 568 1015 570 1013 570 1002 581 955 572 931 568 929 568 927 568 918 574 895 586 873 574 867 570 866 570 864 570 862 570 860 570 847 575 838 579 836 575 831 572 831 570 829 570 827 570 767 570 765 570 763 570 762 570 752 577 743 585 734 579 723 574 721 574 720 574 718 574 692 579 674 585 663 581 638 572 636 572 634 572 632 572 630 572 616 583 603 590 554 585 477 575 475 575 474 575 448 588 439 592 417 588 390 585 388 585 386 585 375 590 368 594 350 590 315 585 313 585 218 594 173 579 171 579 169 579 167 579 105 597 107 630 107 646 136 661 138 661 140 661 142 661 176 650 204 665 206 665 207 665 278 652 304 663 306 663 308 663 370 652 381 661 382 661 384 661 386 663 501 663 501 661 503 661 526 648 605 646 619 656 621 656 623 656 625 656 627 656 678 641 723 657 725 657 727 657 729 657 769 639 791 656 793 656 794 656 796 656 869 646 891 656 893 656 895 656 897 656 918 646 962 654 964 654 966 654 968 654 991 636 1159 632 1159 616 1155 566 1117 566 1115 566 1113 566 1112 566 1108 568 1108 603"/></Shape>
	    <String CONTENT="از خلق زايد خدای را شواند شناخت و بخدای نرسند و می داند"
                    HPOS="105"
                    VPOS="566"
                    WIDTH="1054"
                    HEIGHT="99"
                    WC="0.9107163228771903"></String>
          </TextLine>

          
          
          <TextLine ID="eSc_line_1ff13ea8"
                    TAGREFS="LT4834"
                    BASELINE="94 727 1075 719" 
                    HPOS="92"
                    VPOS="663"
                    WIDTH="983"
                    HEIGHT="96">
            <Shape><Polygon POINTS="94 727 94 741 142 758 144 758 145 758 147 758 191 741 193 741 244 759 246 759 247 759 249 759 251 759 275 743 335 752 337 752 339 752 359 741 377 750 379 750 381 750 448 739 450 739 477 758 479 758 481 758 483 759 552 759 552 758 554 758 556 758 583 738 585 738 590 738 656 750 658 750 659 750 687 738 709 749 711 749 712 749 714 749 752 738 778 756 780 756 782 756 783 758 827 758 827 756 829 756 873 741 904 754 906 754 907 756 971 756 971 754 973 754 975 754 975 752 993 738 1000 745 1002 745 1004 745 1006 745 1073 734 1075 719 1066 663 1055 674 1028 663 1026 663 1024 663 1022 663 1020 663 1019 663 999 677 935 674 933 674 931 674 929 674 917 685 880 668 869 663 867 663 866 663 822 670 721 687 681 674 659 667 658 667 656 667 654 667 623 676 577 690 474 690 457 681 430 667 428 667 426 667 424 667 422 667 422 668 408 681 402 688 377 690 348 690 342 685 326 670 326 668 324 668 322 668 320 668 319 668 317 668 291 685 227 668 226 668 224 668 222 668 220 668 195 688 175 670 175 668 173 668 171 668 169 668 167 668 92 688 94 727"/></Shape>
	    <String CONTENT="که ميچ پشوای ديگر نيست الاو هم و پنداشت خود حلق که در قرآن"
                    HPOS="92"
                    VPOS="663"
                    WIDTH="983"
                    HEIGHT="96"
                    WC="0.9118718504905701"></String>
          </TextLine>

          
          
          <TextLine ID="eSc_line_dae4bd0d"
                    TAGREFS="LT4834"
                    BASELINE="96 831 1081 816" 
                    HPOS="94"
                    VPOS="750"
                    WIDTH="987"
                    HEIGHT="106">
            <Shape><Polygon POINTS="96 831 96 854 123 856 125 856 127 856 129 856 131 854 145 843 202 852 220 854 222 856 297 856 297 854 299 854 300 854 300 852 304 849 313 841 359 849 381 851 382 851 384 851 393 847 415 840 444 840 452 845 457 851 457 852 459 852 461 852 463 852 464 852 483 845 501 838 523 843 548 851 550 851 552 851 599 841 632 836 674 836 678 840 687 847 687 849 689 849 690 849 692 849 835 847 836 847 866 834 873 832 882 834 931 845 933 845 935 845 968 832 973 831 982 832 1046 843 1048 843 1050 843 1081 829 1081 816 1077 776 1020 776 995 752 993 752 991 752 989 752 988 752 986 752 951 778 880 778 838 750 836 750 835 750 833 750 718 752 716 752 680 769 641 754 639 754 638 754 636 754 607 765 550 756 548 756 546 756 545 756 545 758 532 769 519 758 519 756 517 756 515 756 464 756 463 756 461 756 459 756 412 785 357 785 344 772 344 770 342 770 340 770 339 770 337 770 335 770 317 783 304 772 304 770 302 770 300 770 299 770 297 770 295 770 280 781 264 769 264 767 262 767 260 767 218 759 216 759 215 759 213 759 173 787 94 789 96 831"/></Shape>
	    <String CONTENT="فرموده که قوله تعالی يقولون الظالمون علوا کبیرا و ه قول خويشتن"
                    HPOS="94"
                    VPOS="750"
                    WIDTH="987"
                    HEIGHT="106"
                    WC="0.8994831538969471"></String>
          </TextLine>

          
          
          <TextLine ID="eSc_line_84ca208b"
                    TAGREFS="LT4834"
                    BASELINE="94 922 1079 914" 
                    HPOS="92"
                    VPOS="860"
                    WIDTH="987"
                    HEIGHT="93">
            <Shape><Polygon POINTS="94 922 94 934 191 949 193 949 195 949 224 934 240 949 240 951 242 951 244 951 246 953 288 953 288 951 289 951 291 951 319 934 368 949 370 949 371 951 453 951 453 949 455 949 457 949 457 947 468 938 556 949 557 949 559 949 607 931 610 931 612 931 659 947 661 947 663 947 665 947 667 947 680 936 712 947 714 947 716 947 718 947 774 933 791 945 791 947 793 947 794 947 796 949 831 949 831 947 833 947 869 929 871 929 875 929 904 938 906 938 907 938 1077 927 1079 914 1077 882 1026 860 1024 860 1022 860 982 869 973 862 973 860 971 860 969 860 900 860 898 860 897 860 835 885 829 887 825 885 814 876 813 876 811 876 809 876 807 876 805 876 791 885 785 889 732 889 729 885 700 862 698 862 696 862 618 862 616 862 614 862 543 889 539 891 475 891 475 889 441 872 439 872 437 872 435 872 393 887 351 867 350 867 348 867 346 867 344 867 344 869 319 891 319 893 280 893 255 893 158 865 156 865 154 865 153 865 92 891 94 922"/></Shape>
	    <String CONTENT="خدا نا شناس باشد و به نزد بک همه ادميان ردشن است که خد"
                    HPOS="92"
                    VPOS="860"
                    WIDTH="987"
                    HEIGHT="93"
                    WC="0.8758929300087469"></String>
          </TextLine>

          
          
          <TextLine ID="eSc_line_0cd9154e"
                    TAGREFS="LT4834"
                    BASELINE="118 1027 1077 1011" 
                    HPOS="116"
                    VPOS="951"
                    WIDTH="961"
                    HEIGHT="113">
            <Shape><Polygon POINTS="118 1027 118 1046 142 1062 144 1062 145 1062 147 1064 224 1064 224 1062 226 1062 271 1046 297 1058 299 1058 300 1058 302 1058 304 1058 329 1038 339 1033 422 1033 426 1037 446 1053 446 1055 448 1055 450 1055 452 1055 453 1055 484 1038 537 1042 539 1042 541 1042 543 1042 552 1033 585 1055 587 1055 588 1055 590 1055 592 1055 594 1055 623 1037 647 1046 649 1046 650 1046 652 1046 690 1037 705 1047 707 1047 709 1047 711 1047 712 1047 751 1029 758 1026 822 1026 825 1027 856 1051 858 1051 860 1051 862 1051 864 1051 866 1051 884 1035 924 1049 926 1049 927 1049 929 1049 931 1049 969 1024 971 1022 980 1024 1024 1031 1026 1031 1077 1020 1077 1011 1072 975 1039 975 1037 975 1002 951 1000 951 999 951 997 951 995 951 993 951 964 971 935 953 933 953 931 953 869 953 867 953 866 953 825 975 791 962 789 962 787 962 785 962 752 980 751 980 749 980 709 964 707 964 705 964 703 964 685 973 661 956 659 956 658 956 656 956 654 956 652 956 619 982 618 984 530 984 505 984 450 982 437 969 435 969 433 969 432 969 430 969 404 980 328 962 326 962 324 962 322 962 299 982 277 964 275 964 273 964 222 964 220 964 218 964 216 964 191 984 178 976 176 976 175 976 116 989 118 1027"/></Shape>
	    <String CONTENT="باشناس کافراست و جای کافر دردوزخ است س بحکم اين"
                    HPOS="116"
                    VPOS="951"
                    WIDTH="961"
                    HEIGHT="113"
                    WC="0.879182423682923"></String>
          </TextLine>

          
          
          <TextLine ID="eSc_line_058b75c0"
                    TAGREFS="LT4834"
                    BASELINE="131 1122 1075 1108" 
                    HPOS="129"
                    VPOS="1055"
                    WIDTH="946"
                    HEIGHT="94">
            <Shape><Polygon POINTS="131 1122 131 1133 184 1149 185 1149 187 1149 284 1131 288 1131 289 1131 340 1148 342 1148 344 1148 346 1148 348 1148 370 1129 393 1146 395 1146 397 1146 399 1148 446 1148 446 1146 448 1146 450 1146 450 1144 466 1129 466 1128 492 1128 494 1128 514 1142 515 1142 517 1142 519 1142 521 1142 554 1131 567 1142 567 1144 568 1144 570 1144 572 1146 601 1146 601 1144 603 1144 605 1144 628 1126 654 1142 656 1142 658 1142 659 1144 720 1144 720 1142 721 1142 767 1124 769 1124 807 1135 809 1135 811 1135 813 1135 858 1122 862 1122 864 1122 897 1137 898 1137 900 1137 902 1137 933 1122 960 1131 962 1131 964 1131 966 1131 968 1131 982 1120 1004 1129 1006 1129 1008 1129 1073 1119 1075 1108 1072 1069 960 1058 958 1058 957 1058 955 1058 955 1060 948 1067 935 1057 935 1055 933 1055 931 1055 887 1055 886 1055 884 1055 827 1073 813 1060 811 1060 809 1060 747 1057 745 1057 743 1057 742 1057 714 1073 616 1062 614 1062 612 1062 590 1073 550 1062 548 1062 546 1062 545 1062 503 1077 481 1062 479 1062 477 1062 390 1062 388 1062 386 1062 384 1062 362 1078 339 1069 337 1069 335 1069 333 1069 331 1069 319 1082 235 1082 209 1066 207 1066 206 1066 204 1066 202 1066 200 1066 182 1080 164 1066 162 1066 160 1066 158 1066 156 1066 154 1066 129 1080 131 1122"/></Shape>
	    <String CONTENT="مقدمات از گذشت ازين جماعت محقه سارين کافراند و دورخی"
                    HPOS="129"
                    VPOS="1055"
                    WIDTH="946"
                    HEIGHT="94"
                    WC="0.8923368522754083"></String>
          </TextLine>

          
          
          <TextLine ID="eSc_line_9721d676"
                    TAGREFS="LT4834"
                    BASELINE="100 1315 1072 1312" 
                    HPOS="98"
                    VPOS="1235"
                    WIDTH="974"
                    HEIGHT="108">
            <Shape><Polygon POINTS="100 1315 100 1328 182 1328 196 1341 196 1343 198 1343 200 1343 202 1343 278 1334 366 1343 368 1343 370 1343 412 1328 453 1343 455 1343 457 1343 459 1343 461 1343 461 1341 470 1334 548 1343 550 1343 552 1343 592 1326 639 1326 658 1341 659 1341 661 1341 663 1341 665 1341 667 1341 685 1328 712 1341 714 1341 716 1341 718 1341 758 1326 920 1341 922 1341 924 1341 949 1326 964 1339 964 1341 966 1341 968 1341 969 1343 1019 1343 1019 1341 1020 1341 1072 1323 1072 1312 1068 1237 958 1235 957 1235 955 1235 953 1235 953 1237 948 1241 918 1266 891 1244 882 1235 880 1235 878 1235 876 1235 875 1235 873 1235 860 1244 827 1268 802 1248 789 1237 787 1237 785 1237 754 1235 752 1235 751 1235 718 1250 681 1268 625 1257 623 1257 621 1257 588 1266 565 1257 521 1239 519 1239 517 1239 515 1239 514 1239 490 1261 477 1270 463 1261 450 1252 448 1252 446 1252 444 1252 443 1252 441 1252 426 1262 408 1275 253 1275 246 1270 202 1250 200 1250 198 1250 196 1250 195 1250 195 1252 173 1273 145 1261 144 1261 142 1261 140 1261 98 1273 100 1315"/></Shape>
	    <String CONTENT="زديکی مخصی بود که در سلک جماعت قايمه ی درآمده بود و درباب بشت"
                    HPOS="98"
                    VPOS="1235"
                    WIDTH="974"
                    HEIGHT="108"
                    WC="0.8603351510340168"></String>
          </TextLine>

          
          
          <TextLine ID="eSc_line_c7b1f0df"
                    TAGREFS="LT4834"
                    BASELINE="105 1421 1077 1403" 
                    HPOS="102"
                    VPOS="1339"
                    WIDTH="975"
                    HEIGHT="108">
            <Shape><Polygon POINTS="105 1421 105 1447 238 1430 297 1437 299 1437 348 1428 384 1439 397 1443 399 1443 401 1443 402 1443 421 1437 439 1434 448 1437 463 1443 464 1443 466 1443 515 1436 588 1423 621 1432 650 1439 652 1439 654 1439 656 1439 658 1439 674 1430 689 1421 727 1428 783 1437 785 1437 847 1436 849 1436 851 1436 851 1434 862 1423 866 1419 889 1423 929 1427 931 1427 933 1427 962 1419 971 1417 973 1419 989 1430 991 1430 993 1430 1046 1432 1048 1432 1050 1432 1051 1432 1077 1416 1077 1403 1075 1365 1035 1348 1033 1348 1031 1348 1030 1348 1010 1357 988 1339 986 1339 984 1339 982 1339 980 1339 922 1359 907 1346 907 1345 906 1345 904 1345 876 1345 875 1345 873 1345 871 1345 847 1363 840 1368 782 1368 751 1361 707 1350 705 1350 703 1350 701 1350 669 1361 654 1365 650 1359 636 1348 636 1346 634 1346 632 1346 630 1346 628 1346 627 1346 607 1359 587 1372 550 1359 548 1359 546 1359 545 1359 543 1359 543 1361 530 1372 499 1361 497 1361 495 1361 494 1361 492 1361 475 1375 333 1375 309 1357 302 1350 300 1350 299 1350 297 1350 295 1350 293 1350 284 1355 247 1377 200 1355 195 1354 193 1354 191 1354 102 1354 105 1421"/></Shape>
	    <String CONTENT="و جان خدادند سخن می رفت من نخست بان مرد درست صحبت داشم"
                    HPOS="102"
                    VPOS="1339"
                    WIDTH="975"
                    HEIGHT="108"
                    WC="0.9193328861837033"></String>
          </TextLine>

          
          
          <TextLine ID="eSc_line_8ea79c48"
                    TAGREFS="LT4834"
                    BASELINE="109 1510 1079 1505" 
                    HPOS="107"
                    VPOS="1441"
                    WIDTH="972"
                    HEIGHT="108">
            <Shape><Polygon POINTS="109 1510 109 1523 165 1527 184 1545 184 1547 185 1547 187 1547 189 1549 355 1549 355 1547 357 1547 395 1527 457 1525 486 1545 488 1545 490 1545 492 1547 523 1547 523 1545 525 1545 526 1545 526 1543 550 1523 583 1523 621 1543 623 1543 625 1545 689 1545 689 1543 690 1543 763 1521 776 1530 778 1530 780 1530 782 1530 783 1530 811 1521 825 1534 827 1534 829 1534 831 1534 833 1534 856 1521 931 1521 1033 1543 1035 1543 1037 1543 1039 1543 1079 1519 1079 1505 1070 1443 1042 1467 1011 1465 991 1447 989 1447 988 1447 986 1447 984 1447 982 1447 955 1468 869 1468 809 1450 773 1441 771 1441 769 1441 767 1441 765 1441 765 1443 756 1450 681 1443 680 1443 678 1443 676 1443 676 1445 663 1456 658 1463 650 1456 639 1447 639 1445 638 1445 636 1445 590 1443 588 1443 587 1443 585 1443 565 1459 552 1470 526 1470 515 1461 495 1443 494 1443 492 1443 490 1443 488 1443 443 1463 426 1472 390 1472 375 1465 326 1445 324 1445 322 1445 320 1445 319 1445 286 1468 284 1470 229 1470 227 1470 151 1445 149 1445 147 1445 145 1445 144 1445 107 1468 109 1510"/></Shape>
	    <String CONTENT="که اين بهشت و جان که تو می کويی و هسم توست و وهم ميح نباشد"
                    HPOS="107"
                    VPOS="1441"
                    WIDTH="972"
                    HEIGHT="108"
                    WC="0.8863290579154574"></String>
          </TextLine>

          
          
          <TextLine ID="eSc_line_bee2cabf"
                    TAGREFS="LT4834"
                    BASELINE="114 1609 1075 1600" 
                    HPOS="113"
                    VPOS="1538"
                    WIDTH="962"
                    HEIGHT="98">
            <Shape><Polygon POINTS="114 1609 114 1616 131 1625 133 1625 134 1625 215 1616 233 1632 233 1634 235 1634 237 1634 238 1636 304 1636 304 1634 306 1634 308 1634 308 1632 328 1614 401 1627 402 1627 404 1627 444 1614 464 1632 466 1632 468 1632 470 1634 497 1634 497 1632 499 1632 501 1632 501 1631 514 1618 526 1623 528 1623 530 1623 532 1623 534 1623 548 1612 599 1625 601 1625 603 1625 605 1625 607 1625 619 1616 652 1631 654 1631 656 1631 658 1631 659 1631 685 1614 754 1612 780 1629 782 1629 783 1629 785 1629 856 1620 904 1627 906 1627 907 1627 909 1627 931 1609 1035 1627 1037 1627 1039 1627 1075 1607 1075 1600 1070 1560 1019 1563 1013 1560 988 1538 986 1538 984 1538 931 1538 929 1538 927 1538 884 1561 878 1565 876 1561 853 1541 853 1540 851 1540 849 1540 847 1540 845 1540 844 1540 813 1561 794 1563 769 1565 763 1563 743 1554 742 1554 740 1554 694 1565 690 1565 685 1565 630 1550 628 1550 627 1550 561 1563 525 1543 523 1543 521 1543 519 1543 517 1543 508 1550 501 1545 501 1543 499 1543 497 1543 364 1543 362 1543 360 1543 359 1543 324 1569 297 1556 295 1556 293 1556 291 1556 289 1556 289 1558 275 1570 275 1572 255 1572 255 1570 237 1556 235 1556 233 1556 231 1556 229 1556 187 1572 113 1572 114 1609"/></Shape>
	    <String CONTENT="مرد روشن دلی بود رود دريافت خواب گفت چيشين است"
                    HPOS="113"
                    VPOS="1538"
                    WIDTH="962"
                    HEIGHT="98"
                    WC="0.8749215084573497"></String>
          </TextLine>

          
          
          <TextLine ID="eSc_line_2b210f10"
                    TAGREFS="LT4834"
                    BASELINE="116 1709 1079 1696" 
                    HPOS="114"
                    VPOS="1631"
                    WIDTH="965"
                    HEIGHT="107">
            <Shape><Polygon POINTS="116 1709 116 1729 164 1738 165 1738 167 1738 185 1729 187 1727 189 1729 200 1738 202 1738 204 1738 206 1738 207 1738 209 1738 222 1729 240 1716 282 1716 337 1727 366 1733 368 1733 370 1733 371 1733 379 1727 393 1716 435 1714 455 1725 466 1735 468 1735 470 1735 472 1735 474 1735 475 1735 488 1725 506 1714 567 1714 581 1725 583 1725 585 1725 587 1725 598 1724 672 1711 734 1724 778 1731 780 1731 880 1729 882 1729 884 1729 893 1722 911 1709 933 1709 946 1720 949 1722 949 1724 951 1724 953 1724 955 1724 957 1724 968 1720 1004 1707 1020 1720 1028 1725 1030 1725 1031 1725 1033 1725 1079 1718 1079 1696 1077 1662 1019 1631 1017 1631 940 1631 938 1631 911 1632 909 1632 907 1632 907 1634 878 1663 855 1663 807 1632 805 1632 804 1632 802 1632 800 1632 798 1632 752 1663 709 1642 707 1642 705 1642 703 1642 701 1642 661 1665 608 1645 607 1645 605 1645 603 1645 601 1645 585 1656 548 1649 546 1649 545 1649 543 1649 523 1667 455 1667 402 1643 401 1643 399 1643 397 1643 395 1643 353 1669 324 1658 322 1658 320 1658 255 1669 218 1667 171 1642 169 1642 167 1642 165 1642 164 1642 114 1669 116 1709"/></Shape>
	    <String CONTENT="و بعد من گفتم جانيكه در پيشت نيست نزد خدا نيست آن مرچو"
                    HPOS="114"
                    VPOS="1631"
                    WIDTH="965"
                    HEIGHT="107"
                    WC="0.9071514118801464"></String>
          </TextLine>

          
          
          <TextLine ID="eSc_line_720e0ab8"
                    TAGREFS="LT4834"
                    BASELINE="111 1820 1072 1804" 
                    HPOS="109"
                    VPOS="1736"
                    WIDTH="963"
                    HEIGHT="110">
            <Shape><Polygon POINTS="111 1820 111 1846 171 1846 173 1846 175 1846 175 1844 184 1837 200 1846 202 1846 204 1846 206 1846 207 1846 209 1846 209 1844 222 1829 237 1837 238 1837 240 1837 242 1837 244 1837 258 1827 280 1840 282 1840 284 1840 286 1840 324 1826 371 1826 393 1840 395 1840 397 1840 399 1840 401 1840 439 1824 523 1840 525 1840 526 1840 565 1822 587 1837 588 1837 590 1837 592 1837 594 1837 650 1820 829 1835 831 1835 906 1826 955 1833 957 1833 958 1833 960 1833 984 1817 1006 1831 1008 1831 1010 1831 1011 1833 1070 1833 1072 1804 1064 1749 1030 1758 1019 1749 1006 1738 1004 1738 1002 1738 1000 1738 999 1738 997 1738 977 1751 962 1760 951 1751 935 1738 933 1738 931 1738 929 1738 927 1738 926 1738 907 1753 895 1764 876 1764 864 1755 838 1736 836 1736 835 1736 789 1736 787 1736 785 1736 783 1736 751 1758 738 1766 714 1758 685 1749 683 1749 681 1749 680 1749 678 1749 665 1760 663 1762 659 1760 649 1755 647 1755 645 1755 643 1755 625 1760 607 1767 601 1762 577 1742 576 1742 574 1742 572 1742 570 1742 568 1742 539 1764 528 1771 486 1771 477 1766 446 1745 444 1745 443 1745 441 1745 439 1745 437 1745 437 1747 422 1762 404 1745 404 1744 402 1744 401 1744 320 1744 319 1744 317 1744 269 1769 226 1745 224 1745 222 1745 220 1745 218 1745 218 1747 196 1767 109 1775 111 1820"/></Shape>
	    <String CONTENT="ين سخن بشنود يک ساعت به تعجب در من نگاه گردد س"
                    HPOS="109"
                    VPOS="1736"
                    WIDTH="963"
                    HEIGHT="110"
                    WC="0.9300945336404054"></String>
          </TextLine>

          
        </TextBlock>
        
        <TextBlock HPOS="552"
                   VPOS="167"
                   WIDTH="100"
                   HEIGHT="64"
                   ID="eSc_textblock_3c20b534"
                   TAGREFS="BT16059">
          <Shape><Polygon POINTS="559 167 623 167 652 195 616 231 552 231 559 167"/></Shape>
          
          
          <TextLine ID="eSc_line_8ee86d5f"
                    TAGREFS="LT4834"
                    BASELINE="568 205 603 202" 
                    HPOS="563"
                    VPOS="167"
                    WIDTH="42"
                    HEIGHT="58">
            <Shape><Polygon POINTS="581 167 563 167 568 205 570 225 605 222 603 202 596 167 581 167"/></Shape>
	    <String CONTENT=""
                    HPOS="563"
                    VPOS="167"
                    WIDTH="42"
                    HEIGHT="58"></String>
          </TextLine>

          
        </TextBlock>
        
        <TextBlock HPOS="94"
                   VPOS="1858"
                   WIDTH="1023"
                   HEIGHT="79"
                   ID="eSc_textblock_9b0ab0f4"
                   TAGREFS="BT16058">
          <Shape><Polygon POINTS="175 1858 1073 1858 1103 1866 1073 1893 1117 1915 537 1937 479 1908 94 1908 109 1866 175 1858"/></Shape>
          
          
          <TextLine ID="eSc_line_9ab139b0"
                    TAGREFS="LT4834"
                    BASELINE="539 1906 1053 1893" 
                    HPOS="537"
                    VPOS="1858"
                    WIDTH="516"
                    HEIGHT="79">
            <Shape><Polygon POINTS="1048 1858 1030 1858 1011 1858 993 1858 975 1858 957 1858 938 1858 920 1858 902 1858 884 1858 866 1858 847 1858 829 1858 820 1858 537 1866 539 1906 539 1937 585 1937 585 1935 587 1935 588 1935 590 1933 603 1924 641 1930 663 1933 665 1933 667 1933 669 1933 669 1931 672 1930 680 1922 698 1928 714 1931 716 1931 718 1931 720 1931 736 1926 760 1917 783 1922 809 1930 811 1930 813 1930 871 1919 880 1917 886 1917 926 1926 927 1926 929 1926 958 1913 960 1913 962 1913 988 1920 989 1920 991 1920 1053 1908 1053 1893 1048 1858 1048 1858"/></Shape>
	    <String CONTENT="هاي ازسوره  الأسرى لا الالا"
                    HPOS="537"
                    VPOS="1858"
                    WIDTH="516"
                    HEIGHT="79"
                    WC="0.7712828570178577"></String>
          </TextLine>

          
        </TextBlock>
        
        <TextBlock HPOS="559"
                   VPOS="1953"
                   WIDTH="108"
                   HEIGHT="93"
                   ID="eSc_textblock_ba913ea3"
                   TAGREFS="BT16061">
          <Shape><Polygon POINTS="581 1953 652 1968 667 2017 588 2046 559 2017 581 1953"/></Shape>
          
          
          <TextLine ID="eSc_line_10947d0c"
                    TAGREFS="LT4834"
                    BASELINE="581 2006 623 2001" 
                    HPOS="576"
                    VPOS="1966"
                    WIDTH="49"
                    HEIGHT="56">
            <Shape><Polygon POINTS="581 2006 583 2022 625 2019 623 2001 612 1966 576 1977 581 2006"/></Shape>
	    <String CONTENT=""
                    HPOS="576"
                    VPOS="1966"
                    WIDTH="49"
                    HEIGHT="56"></String>
          </TextLine>

          
        </TextBlock>
        
        <TextBlock HPOS="1126"
                   VPOS="539"
                   WIDTH="64"
                   HEIGHT="100"
                   ID="eSc_textblock_7c4bacf2"
                   TAGREFS="BT16062">
          <Shape><Polygon POINTS="1141 539 1190 568 1175 639 1126 632 1141 539"/></Shape>
          
        </TextBlock>
        

        
      </PrintSpace>
    </Page>
  </Layout>
</alto>
