<?xml version="1.0" encoding="UTF-8"?>
<alto xmlns:xsi="http://www.w3.org/2001/XMLSchema-instance"
      xmlns="http://www.loc.gov/standards/alto/ns-v4#"
      xsi:schemaLocation="http://www.loc.gov/standards/alto/ns-v4# http://www.loc.gov/standards/alto/v4/alto-4-2.xsd">
  <Description>
    <MeasurementUnit>pixel</MeasurementUnit>
    <sourceImageInformation>
      <fileName>TwoIsmailiTreatises040.jpg</fileName>
      
    </sourceImageInformation>
  </Description>
  
  <Tags>
    <OtherTag ID="BT16074" LABEL="MarginTextZone:commentary" DESCRIPTION="block type MarginTextZone:commentary"/><OtherTag ID="BT16073" LABEL="MarginTextZone:note#1" DESCRIPTION="block type MarginTextZone:note#1"/><OtherTag ID="BT16072" LABEL="MainZone:column#2" DESCRIPTION="block type MainZone:column#2"/><OtherTag ID="BT16071" LABEL="MainZone:column#3" DESCRIPTION="block type MainZone:column#3"/><OtherTag ID="BT16070" LABEL="GraphicZone:illustration" DESCRIPTION="block type GraphicZone:illustration"/><OtherTag ID="BT16069" LABEL="MainZone:column#1" DESCRIPTION="block type MainZone:column#1"/><OtherTag ID="BT16068" LABEL="MarginTextZone:note#2" DESCRIPTION="block type MarginTextZone:note#2"/><OtherTag ID="BT16067" LABEL="CustomZone:publication" DESCRIPTION="block type CustomZone:publication"/><OtherTag ID="BT16066" LABEL="RunningTitleZone" DESCRIPTION="block type RunningTitleZone"/><OtherTag ID="BT16065" LABEL="NumberingZone" DESCRIPTION="block type NumberingZone"/><OtherTag ID="BT16064" LABEL="default" DESCRIPTION="block type default"/><OtherTag ID="BT16063" LABEL="TitlePageZone" DESCRIPTION="block type TitlePageZone"/><OtherTag ID="BT16062" LABEL="NumberingZone:other" DESCRIPTION="block type NumberingZone:other"/><OtherTag ID="BT16061" LABEL="QuireMarksZone:catchwords" DESCRIPTION="block type QuireMarksZone:catchwords"/><OtherTag ID="BT16060" LABEL="MainZone" DESCRIPTION="block type MainZone"/><OtherTag ID="BT16059" LABEL="NumberingZone:page" DESCRIPTION="block type NumberingZone:page"/><OtherTag ID="BT16058" LABEL="MarginTextZone:note" DESCRIPTION="block type MarginTextZone:note"/><OtherTag ID="BT16057" LABEL="DigitizationArtefactZone" DESCRIPTION="block type DigitizationArtefactZone"/><OtherTag ID="BT4" LABEL="Illustration" DESCRIPTION="block type Illustration"/><OtherTag ID="BT3" LABEL="Commentary" DESCRIPTION="block type Commentary"/><OtherTag ID="BT2" LABEL="Main" DESCRIPTION="block type Main"/><OtherTag ID="BT1" LABEL="Title" DESCRIPTION="block type Title"/>
    <OtherTag ID="LT4834" LABEL="DefaultLine" DESCRIPTION="line type DefaultLine"/><OtherTag ID="LT4835" LABEL="HeadingLine:title" DESCRIPTION="line type HeadingLine:title"/>
  </Tags>
  
  <Layout>
    <Page WIDTH="1572"
          HEIGHT="2276"
          PHYSICAL_IMG_NR="36"
          ID="eSc_dummypage_">
      <PrintSpace HPOS="0"
                  VPOS="0"
                  WIDTH="1572"
                  HEIGHT="2276">
        
        <TextBlock HPOS="394"
                   VPOS="303"
                   WIDTH="1115"
                   HEIGHT="1751"
                   ID="eSc_textblock_1a493075"
                   TAGREFS="BT16060">
          <Shape><Polygon POINTS="478 303 1486 318 1509 538 1494 2038 1040 2054 410 2023 394 371 410 318 478 303"/></Shape>
          
          
          <TextLine ID="eSc_line_acbb0fa5"
                    TAGREFS="LT4834"
                    BASELINE="404 394 1450 375" 
                    HPOS="402"
                    VPOS="318"
                    WIDTH="1048"
                    HEIGHT="110">
            <Shape><Polygon POINTS="404 394 404 413 451 415 463 426 463 428 465 428 467 428 468 428 556 426 558 426 560 426 560 424 577 411 582 403 617 403 639 409 696 424 698 424 700 424 702 424 704 424 725 407 732 402 765 402 770 407 780 413 780 415 782 415 784 415 786 415 787 415 810 405 823 400 831 405 850 421 852 421 854 421 856 422 903 422 903 421 905 421 937 403 943 400 956 402 1029 419 1030 419 1032 419 1034 419 1053 407 1076 417 1078 417 1080 417 1082 417 1084 417 1104 400 1108 396 1122 400 1154 407 1156 407 1158 407 1218 398 1251 392 1266 396 1304 407 1306 407 1308 407 1310 407 1340 394 1351 390 1355 394 1368 405 1368 407 1370 407 1372 407 1406 411 1408 411 1410 411 1450 392 1450 375 1444 339 1260 339 1203 318 1201 318 1199 318 1197 318 1196 318 1161 339 1120 324 1118 324 1116 324 1114 324 1112 324 1085 345 1029 345 898 328 896 328 894 328 816 348 803 337 803 335 801 335 799 335 715 326 713 326 617 328 615 328 613 328 613 330 594 348 565 352 508 330 506 330 505 330 448 331 446 331 402 354 404 394"/></Shape>
	    <String CONTENT="عزو علادارای اين هردو عالم است به قول و ققل بندگان"
                    HPOS="402"
                    VPOS="318"
                    WIDTH="1048"
                    HEIGHT="110"
                    WC="0.912864179611206"></String>
          </TextLine>

          
          
          <TextLine ID="eSc_line_245849bc"
                    TAGREFS="LT4834"
                    BASELINE="406 495 1452 491" 
                    HPOS="404"
                    VPOS="424"
                    WIDTH="1048"
                    HEIGHT="103">
            <Shape><Polygon POINTS="406 495 406 510 425 510 429 512 442 523 442 525 444 525 446 525 448 527 598 527 598 525 599 525 655 510 660 510 662 510 675 521 677 521 679 521 681 521 683 521 713 513 772 525 774 525 776 525 778 525 803 510 804 508 806 510 823 525 825 525 827 525 829 527 873 527 873 525 875 525 877 525 898 510 899 508 899 510 920 525 922 525 924 525 926 525 928 525 958 508 966 506 1030 506 1032 508 1048 521 1048 523 1049 523 1051 523 1053 523 1120 508 1129 506 1139 508 1190 515 1192 515 1194 515 1215 506 1234 519 1235 519 1237 519 1239 521 1311 521 1311 519 1313 519 1315 519 1315 517 1328 506 1387 519 1389 519 1450 504 1452 491 1448 453 1349 438 1347 438 1346 438 1344 438 1344 440 1330 451 1328 451 1315 451 1161 441 1160 441 1114 449 1099 451 1095 449 1053 426 1051 426 1049 426 1048 426 1046 426 1017 449 1011 453 979 453 975 447 949 426 949 424 947 424 945 424 943 424 884 434 858 426 856 426 854 426 852 426 806 447 801 449 793 445 749 426 748 426 746 426 744 426 702 440 691 430 691 428 689 428 687 428 599 426 598 426 596 426 594 426 571 443 560 453 525 443 516 441 514 441 512 441 510 441 505 443 486 453 468 443 453 434 451 434 449 434 448 434 404 441 406 495"/></Shape>
	    <String CONTENT="چه حاجت دارد بان سب گفته شد که تا ذگر او باتى بماند"
                    HPOS="404"
                    VPOS="424"
                    WIDTH="1048"
                    HEIGHT="103"
                    WC="0.9218736542206184"></String>
          </TextLine>

          
          
          <TextLine ID="eSc_line_e02146d5"
                    TAGREFS="LT4834"
                    BASELINE="419 612 835 601 1458 597" 
                    HPOS="417"
                    VPOS="531"
                    WIDTH="1041"
                    HEIGHT="108">
            <Shape><Polygon POINTS="419 612 419 637 444 639 446 639 448 639 449 639 451 637 476 620 522 635 535 639 537 639 539 639 541 639 542 639 548 635 558 627 575 633 586 637 588 637 590 637 592 637 601 633 637 618 687 631 713 637 715 637 717 637 719 637 721 637 730 629 748 616 803 627 844 635 846 635 848 635 850 635 850 633 860 625 865 622 890 625 953 633 954 633 956 633 958 633 972 622 981 614 1015 612 1029 622 1040 631 1042 631 1044 631 1046 631 1048 631 1072 620 1084 614 1089 620 1101 629 1101 631 1103 631 1104 631 1106 631 1108 631 1110 631 1127 618 1137 610 1169 610 1177 618 1190 627 1190 629 1192 629 1194 629 1196 631 1268 631 1268 629 1270 629 1272 629 1272 627 1287 614 1292 608 1319 608 1328 612 1344 624 1346 624 1347 624 1349 624 1458 608 1458 597 1456 561 1395 531 1393 531 1365 531 1363 531 1361 531 1359 531 1359 532 1330 559 1235 551 1234 551 1163 565 1032 565 1015 551 1013 551 1011 551 1010 551 1008 551 960 565 930 544 928 544 926 544 924 544 882 551 871 542 871 540 869 540 867 540 780 538 778 538 776 538 774 538 763 548 719 538 717 538 715 538 713 538 713 540 683 567 668 553 666 553 664 553 662 553 660 553 641 561 554 542 459 542 457 542 455 542 453 542 417 569 419 612"/></Shape>
	    <String CONTENT="چنانکه شعرای خوب حضرت محمد مصطفی را جان خويشتن"
                    HPOS="417"
                    VPOS="531"
                    WIDTH="1041"
                    HEIGHT="108"
                    WC="0.9380194920560588"></String>
          </TextLine>

          
          
          <TextLine ID="eSc_line_b95745d4"
                    TAGREFS="LT4834"
                    BASELINE="415 713 1461 707" 
                    HPOS="413"
                    VPOS="652"
                    WIDTH="1048"
                    HEIGHT="100">
            <Shape><Polygon POINTS="415 713 415 737 453 752 455 752 457 752 459 752 495 737 501 734 506 737 539 752 541 752 542 752 544 752 546 752 569 735 579 730 696 730 713 734 778 751 780 751 782 752 894 752 894 751 896 751 898 751 922 730 951 751 953 751 954 751 956 751 958 751 992 734 1021 749 1023 749 1025 749 1027 749 1103 730 1226 749 1228 749 1230 749 1232 749 1262 726 1264 726 1272 726 1365 730 1378 743 1380 743 1382 743 1384 743 1385 743 1461 722 1461 707 1452 652 1414 675 1363 665 1361 665 1298 675 1258 661 1256 661 1254 661 1253 661 1230 675 1203 660 1192 652 1190 652 1188 652 1186 652 1184 652 1182 652 1182 654 1175 660 1160 677 1131 677 1118 661 1116 661 1116 660 1114 660 1112 660 1110 660 1108 660 1101 661 1061 679 1002 679 985 665 983 663 981 663 979 663 977 663 975 663 968 665 935 677 920 667 909 660 907 660 905 660 903 660 860 669 846 658 846 656 844 656 842 656 841 656 814 658 812 658 810 658 793 669 780 658 780 656 778 656 776 656 774 656 772 656 770 656 746 673 736 679 729 673 706 656 704 656 702 656 636 656 634 656 632 656 603 669 552 656 550 656 548 656 512 660 510 660 508 660 487 679 455 669 453 669 451 669 449 669 413 680 415 713"/></Shape>
	    <String CONTENT="گفته اند تا نام ايشان بر روی عالم بانی بمساند که حال او نه چو"
                    HPOS="413"
                    VPOS="652"
                    WIDTH="1048"
                    HEIGHT="100"
                    WC="0.852640656662769"></String>
          </TextLine>

          
          
          <TextLine ID="eSc_line_625c776c"
                    TAGREFS="LT4834"
                    BASELINE="417 819 1458 811" 
                    HPOS="415"
                    VPOS="756"
                    WIDTH="1043"
                    HEIGHT="101">
            <Shape><Polygon POINTS="417 819 417 836 537 836 539 836 558 853 558 855 560 855 561 855 563 857 675 857 675 855 677 855 748 834 749 834 751 834 780 849 782 849 784 849 848 840 934 853 935 853 937 853 1013 832 1019 832 1084 832 1085 832 1133 847 1135 847 1137 847 1139 847 1141 847 1154 836 1216 836 1232 847 1232 849 1234 849 1235 849 1237 851 1308 851 1308 849 1310 849 1311 849 1311 847 1328 834 1344 847 1344 849 1346 849 1347 849 1349 851 1387 851 1387 849 1389 849 1391 849 1391 847 1410 830 1456 828 1458 811 1456 777 1408 756 1406 756 1404 756 1403 756 1401 756 1372 775 1325 756 1323 756 1321 756 1319 756 1270 775 1220 756 1218 756 1216 756 1160 758 1158 758 1156 758 1156 760 1137 777 935 758 934 758 932 758 894 773 846 768 844 768 778 779 738 762 736 762 734 762 732 762 730 762 730 764 717 775 685 766 683 766 681 766 679 766 630 781 615 768 613 768 611 768 609 768 563 777 544 766 542 766 541 766 539 766 537 766 535 766 514 783 415 783 417 819"/></Shape>
	    <String CONTENT="حال خلق باشد که ذات اوجل جلاله ابد الا بدين بانیاست و"
                    HPOS="415"
                    VPOS="756"
                    WIDTH="1043"
                    HEIGHT="101"
                    WC="0.8666466260856053"></String>
          </TextLine>

          
          
          <TextLine ID="eSc_line_d8295c42"
                    TAGREFS="LT4834"
                    BASELINE="413 923 1463 914" 
                    HPOS="411"
                    VPOS="862"
                    WIDTH="1052"
                    HEIGHT="88">
            <Shape><Polygon POINTS="413 923 413 944 486 935 546 942 601 950 603 950 605 950 607 950 607 948 615 942 624 933 662 933 711 940 768 948 770 948 823 938 850 933 869 936 909 946 911 946 960 935 981 931 1057 931 1061 933 1072 942 1072 944 1074 944 1076 944 1078 944 1080 944 1082 944 1097 933 1103 929 1106 933 1122 942 1123 942 1125 942 1127 942 1184 931 1194 929 1196 931 1209 942 1209 944 1211 944 1213 944 1215 946 1251 946 1251 944 1253 944 1311 929 1321 927 1334 929 1391 936 1393 936 1461 925 1463 914 1456 866 1416 881 1380 868 1378 868 1376 868 1374 868 1372 868 1363 878 1351 868 1347 866 1347 864 1346 864 1344 864 1342 864 1340 864 1323 868 1291 878 1275 870 1260 862 1258 862 1256 862 1254 862 1253 862 1253 864 1245 870 1235 881 1218 872 1215 868 1213 868 1211 868 1209 868 1207 868 1192 872 1169 878 1152 874 1131 866 1129 866 1127 866 1125 866 1123 866 1116 874 1103 885 1040 885 1023 876 1000 866 998 866 996 866 994 866 992 866 992 868 983 878 973 887 886 887 869 880 831 866 829 866 827 866 825 866 776 881 757 889 673 889 670 883 655 870 655 868 653 868 651 868 618 868 617 868 615 868 613 868 586 887 579 891 561 891 558 887 542 872 542 870 541 870 539 870 472 870 470 870 468 870 411 887 413 923"/></Shape>
	    <String CONTENT="او رانه اولاست و نه اجرونه ظاهر و نه باطن و او هو"
                    HPOS="411"
                    VPOS="862"
                    WIDTH="1052"
                    HEIGHT="88"
                    WC="0.9509441998540139"></String>
          </TextLine>

          
          
          <TextLine ID="eSc_line_80acc1af"
                    TAGREFS="LT4834"
                    BASELINE="427 1026 1456 1027" 
                    HPOS="425"
                    VPOS="948"
                    WIDTH="1031"
                    HEIGHT="112">
            <Shape><Polygon POINTS="427 1026 425 1039 474 1058 476 1058 478 1058 480 1058 506 1045 588 1058 590 1058 592 1058 594 1058 618 1041 673 1041 681 1041 711 1058 713 1058 715 1058 717 1060 850 1060 850 1058 928 1043 937 1041 941 1043 975 1058 977 1058 979 1058 1042 1056 1044 1056 1066 1043 1072 1041 1099 1045 1203 1058 1205 1058 1207 1058 1232 1045 1241 1041 1258 1045 1291 1054 1292 1054 1294 1054 1332 1046 1357 1041 1363 1046 1374 1056 1374 1058 1376 1058 1378 1058 1380 1058 1454 1046 1456 1027 1452 948 1395 954 1393 954 1391 954 1391 955 1363 982 1283 952 1268 948 1266 948 1264 948 1262 948 1241 954 1207 965 1194 955 1184 948 1182 948 1180 948 1150 948 1148 948 1146 948 1144 948 1144 950 1135 957 1118 974 1101 959 1091 950 1091 948 1089 948 1087 948 1085 948 1084 948 1049 961 1023 971 1011 961 994 948 992 948 991 948 989 948 987 948 985 948 966 963 941 984 776 984 742 971 681 950 679 950 677 950 675 950 609 974 596 980 592 976 560 948 558 948 556 948 516 948 514 948 512 948 510 948 470 980 467 982 427 982 427 1026"/></Shape>
	    <String CONTENT="به گل شيء قدير و عليم است چه جای آنكه نام و ذکر او"
                    HPOS="425"
                    VPOS="948"
                    WIDTH="1031"
                    HEIGHT="112"
                    WC="0.9143754991830564"></String>
          </TextLine>

          
          
          <TextLine ID="eSc_line_2f7ac0a4"
                    TAGREFS="LT4834"
                    BASELINE="415 1134 1450 1122" 
                    HPOS="413"
                    VPOS="1056"
                    WIDTH="1037"
                    HEIGHT="100">
            <Shape><Polygon POINTS="415 1134 415 1151 506 1156 508 1156 510 1156 512 1156 512 1155 518 1149 527 1139 609 1139 617 1147 624 1153 624 1155 626 1155 628 1155 630 1156 713 1156 713 1155 715 1155 717 1155 717 1153 727 1145 732 1138 765 1138 774 1143 782 1151 784 1151 786 1151 787 1151 829 1143 854 1138 875 1141 930 1153 932 1153 934 1153 975 1139 989 1136 1036 1138 1241 1149 1243 1149 1245 1149 1275 1132 1277 1132 1285 1132 1410 1147 1412 1147 1414 1147 1450 1128 1450 1122 1444 1079 1414 1079 1412 1079 1403 1069 1403 1067 1401 1067 1399 1067 1397 1067 1395 1067 1374 1075 1346 1056 1344 1056 1342 1056 1319 1056 1317 1056 1315 1056 1313 1056 1287 1079 1249 1058 1247 1058 1245 1058 1112 1081 1065 1060 1063 1060 996 1060 994 1060 992 1060 930 1082 926 1086 804 1086 803 1084 770 1073 768 1073 767 1073 765 1073 729 1086 727 1086 710 1073 708 1073 706 1073 704 1073 702 1073 660 1086 658 1086 598 1064 596 1064 594 1064 501 1065 499 1065 497 1065 474 1086 413 1088 415 1134"/></Shape>
	    <String CONTENT="زبان خلق كه نيست به حقيقت اند بساند با بى يا نماند پس"
                    HPOS="413"
                    VPOS="1056"
                    WIDTH="1037"
                    HEIGHT="100"
                    WC="0.9166008706362743"></String>
          </TextLine>

          
          
          <TextLine ID="eSc_line_b6ebf8bf"
                    TAGREFS="LT4834"
                    BASELINE="410 1219 1461 1225" 
                    HPOS="408"
                    VPOS="1160"
                    WIDTH="1053"
                    HEIGHT="99">
            <Shape><Polygon POINTS="410 1219 408 1232 520 1234 571 1253 573 1253 575 1255 624 1255 624 1253 626 1253 628 1253 628 1251 645 1238 719 1253 721 1253 723 1253 725 1253 738 1242 755 1255 757 1255 759 1255 761 1255 763 1255 782 1246 879 1255 880 1255 954 1238 996 1238 1021 1255 1023 1255 1025 1255 1027 1255 1029 1255 1072 1242 1123 1257 1125 1257 1127 1259 1201 1259 1201 1257 1203 1257 1205 1257 1222 1244 1239 1257 1241 1257 1243 1257 1245 1257 1247 1257 1283 1240 1319 1253 1321 1253 1323 1253 1325 1253 1327 1253 1346 1240 1393 1240 1410 1253 1412 1253 1414 1253 1416 1253 1418 1253 1459 1238 1461 1225 1461 1191 1442 1174 1442 1172 1441 1172 1439 1172 1437 1172 1435 1172 1387 1189 1368 1175 1366 1175 1365 1175 1363 1175 1361 1175 1359 1175 1351 1183 1289 1166 1287 1166 1285 1166 1283 1166 1281 1166 1264 1179 1234 1164 1232 1164 1230 1164 1228 1164 1175 1189 1173 1189 1156 1189 1013 1179 1011 1179 970 1187 964 1187 945 1174 943 1174 941 1174 939 1174 937 1174 899 1185 898 1187 896 1185 879 1168 879 1166 877 1166 875 1166 873 1166 871 1166 806 1183 761 1160 759 1160 692 1160 691 1160 689 1160 687 1160 687 1162 666 1183 656 1183 624 1185 615 1183 558 1164 556 1164 554 1164 552 1164 550 1164 533 1177 522 1168 522 1166 520 1166 518 1166 516 1166 514 1166 482 1175 430 1160 429 1160 427 1160 425 1160 423 1160 423 1162 410 1174 410 1219"/></Shape>
	    <String CONTENT="عزو علا از همه چيز منزه است و نيزاو به يجيس حاجت ندار"
                    HPOS="408"
                    VPOS="1160"
                    WIDTH="1053"
                    HEIGHT="99"
                    WC="0.8888909946072776"></String>
          </TextLine>

          
          
          <TextLine ID="eSc_line_2a73bc57"
                    TAGREFS="LT4834"
                    BASELINE="421 1331 1459 1327" 
                    HPOS="419"
                    VPOS="1259"
                    WIDTH="1040"
                    HEIGHT="95">
            <Shape><Polygon POINTS="421 1331 421 1339 446 1352 448 1352 544 1354 546 1354 548 1354 573 1340 586 1352 588 1352 590 1352 592 1352 719 1339 793 1354 795 1354 797 1354 799 1354 822 1339 896 1352 898 1352 899 1352 945 1337 949 1337 953 1337 1008 1348 1010 1348 1051 1339 1063 1348 1063 1350 1065 1350 1066 1350 1068 1350 1131 1337 1133 1337 1135 1337 1173 1352 1175 1352 1177 1352 1179 1352 1201 1342 1277 1352 1279 1352 1281 1352 1283 1352 1304 1337 1334 1337 1346 1337 1368 1352 1370 1352 1372 1352 1374 1354 1408 1354 1408 1352 1410 1352 1459 1335 1459 1327 1458 1287 1420 1259 1418 1259 1416 1259 1336 1259 1334 1259 1332 1259 1330 1259 1330 1261 1300 1291 1298 1293 1247 1293 1247 1291 1218 1265 1218 1263 1216 1263 1215 1263 1213 1263 1211 1263 1137 1291 1104 1268 1103 1268 1101 1268 1099 1268 1097 1268 1053 1291 968 1282 966 1282 964 1282 935 1291 901 1261 899 1261 898 1261 873 1261 871 1261 869 1261 867 1261 867 1263 839 1287 784 1282 782 1282 702 1293 655 1261 653 1261 651 1261 541 1261 539 1261 537 1261 535 1261 503 1289 480 1282 478 1282 476 1282 419 1295 421 1331"/></Shape>
	    <String CONTENT="و همه کس را باو حاجت است که فرموده عما یقولون"
                    HPOS="419"
                    VPOS="1259"
                    WIDTH="1040"
                    HEIGHT="95"
                    WC="0.9181544409857856"></String>
          </TextLine>

          
          
          <TextLine ID="eSc_line_72f0d6b7"
                    TAGREFS="LT4834"
                    BASELINE="410 1433 1467 1422" 
                    HPOS="408"
                    VPOS="1346"
                    WIDTH="1059"
                    HEIGHT="122">
            <Shape><Polygon POINTS="410 1433 410 1447 436 1464 438 1464 440 1464 442 1464 444 1464 474 1447 524 1447 544 1464 544 1466 546 1466 548 1466 550 1468 582 1468 582 1466 584 1466 586 1466 617 1445 641 1445 658 1462 658 1464 660 1464 662 1464 664 1464 666 1464 692 1450 711 1464 713 1464 715 1464 717 1466 761 1466 761 1464 763 1464 841 1443 884 1462 886 1462 888 1464 928 1464 928 1462 930 1462 972 1441 1017 1441 1063 1460 1065 1460 1066 1460 1068 1460 1125 1439 1154 1454 1156 1454 1158 1454 1230 1443 1266 1458 1268 1458 1270 1458 1467 1433 1467 1422 1465 1378 1385 1346 1384 1346 1382 1346 1380 1346 1378 1346 1353 1365 1327 1356 1325 1356 1323 1356 1321 1356 1319 1356 1319 1358 1304 1371 1279 1356 1277 1356 1275 1356 1273 1356 1272 1356 1270 1356 1254 1367 1226 1348 1224 1348 1222 1348 1123 1348 1122 1348 1120 1348 1118 1348 1118 1350 1085 1382 1085 1384 962 1384 953 1384 894 1352 892 1352 861 1352 860 1352 858 1352 856 1352 856 1354 820 1384 820 1386 740 1386 738 1386 691 1354 689 1354 687 1354 630 1354 628 1354 626 1354 624 1354 594 1378 489 1356 487 1356 486 1356 484 1356 430 1388 429 1390 408 1390 410 1433"/></Shape>
	    <String CONTENT="الظللمون علوا کبیرا واين نظم و نتر که کمترين بندگان"
                    HPOS="408"
                    VPOS="1346"
                    WIDTH="1059"
                    HEIGHT="122"
                    WC="0.89838847693275"></String>
          </TextLine>

          
          
          <TextLine ID="eSc_line_90e48e7c"
                    TAGREFS="LT4834"
                    BASELINE="423 1528 1465 1524" 
                    HPOS="421"
                    VPOS="1460"
                    WIDTH="1044"
                    HEIGHT="95">
            <Shape><Polygon POINTS="423 1528 423 1541 440 1553 442 1553 444 1553 446 1555 489 1555 489 1553 491 1553 493 1553 514 1538 516 1538 626 1549 628 1549 681 1538 698 1553 700 1553 702 1553 704 1553 757 1541 797 1553 799 1553 801 1553 803 1553 804 1553 804 1551 820 1538 873 1538 888 1551 888 1553 890 1553 892 1553 894 1555 941 1555 941 1553 943 1553 1006 1536 1010 1536 1011 1536 1053 1545 1055 1545 1135 1536 1137 1536 1150 1547 1152 1547 1154 1547 1156 1547 1158 1547 1190 1536 1220 1547 1222 1547 1224 1547 1310 1538 1323 1549 1323 1551 1325 1551 1327 1551 1328 1553 1404 1553 1404 1551 1406 1551 1465 1534 1465 1524 1463 1485 1452 1475 1450 1475 1448 1475 1446 1475 1444 1475 1427 1485 1397 1460 1395 1460 1393 1460 1391 1460 1389 1460 1323 1485 1287 1460 1285 1460 1283 1460 1169 1460 1167 1460 1165 1460 1163 1460 1163 1462 1150 1475 1133 1468 1131 1468 1129 1468 1127 1468 1091 1485 998 1475 996 1475 937 1486 898 1468 896 1468 894 1468 892 1468 890 1468 856 1488 814 1488 789 1464 789 1462 787 1462 786 1462 765 1462 763 1462 761 1462 759 1462 759 1464 744 1475 727 1464 725 1464 723 1464 721 1464 719 1464 717 1464 717 1466 702 1481 655 1486 630 1464 630 1462 628 1462 626 1462 590 1462 588 1462 586 1462 529 1479 514 1466 514 1464 512 1464 510 1464 508 1464 506 1464 505 1464 474 1486 438 1479 436 1479 434 1479 432 1479 421 1485 423 1528"/></Shape>
	    <String CONTENT="او جل شانه گفته است نه بان سبب گفته است که تا انجا"
                    HPOS="421"
                    VPOS="1460"
                    WIDTH="1044"
                    HEIGHT="95"
                    WC="0.8651736289262771"></String>
          </TextLine>

          
          
          <TextLine ID="eSc_line_a4af416f"
                    TAGREFS="LT4834"
                    BASELINE="417 1627 1452 1633" 
                    HPOS="415"
                    VPOS="1564"
                    WIDTH="1037"
                    HEIGHT="93">
            <Shape><Polygon POINTS="417 1627 415 1638 425 1646 427 1646 429 1646 430 1646 432 1646 463 1636 480 1651 480 1653 482 1653 484 1653 486 1653 575 1642 588 1653 590 1653 592 1653 594 1655 672 1655 672 1653 673 1653 719 1640 723 1638 727 1640 759 1655 761 1655 763 1655 835 1642 842 1642 856 1644 954 1655 956 1655 958 1655 960 1655 972 1646 983 1638 1104 1638 1194 1648 1196 1648 1285 1640 1300 1653 1300 1655 1302 1655 1304 1655 1306 1655 1308 1655 1310 1655 1328 1642 1340 1651 1340 1653 1342 1653 1344 1653 1448 1657 1452 1633 1448 1579 1408 1589 1393 1579 1384 1572 1382 1572 1380 1572 1378 1572 1376 1572 1353 1579 1325 1589 1298 1579 1283 1574 1281 1574 1279 1574 1277 1574 1262 1579 1241 1591 1118 1591 1104 1581 1089 1570 1087 1570 1085 1570 968 1566 966 1566 964 1566 928 1581 915 1587 903 1581 873 1570 871 1570 869 1570 867 1570 865 1570 848 1583 842 1587 825 1583 768 1566 767 1566 765 1566 763 1566 723 1583 717 1585 668 1585 668 1583 651 1570 651 1568 649 1568 647 1568 645 1568 643 1568 641 1568 622 1583 618 1587 582 1587 579 1583 550 1564 548 1564 546 1564 457 1564 455 1564 453 1564 417 1581 417 1627"/></Shape>
	    <String CONTENT="چيزی بدانند و بنده ضل و رحمت بی متهای او قدرياض"
                    HPOS="415"
                    VPOS="1564"
                    WIDTH="1037"
                    HEIGHT="93"
                    WC="0.9223497782615905"></String>
          </TextLine>

          
          
          <TextLine ID="eSc_line_0a77f413"
                    TAGREFS="LT4834"
                    BASELINE="423 1722 1458 1718" 
                    HPOS="421"
                    VPOS="1651"
                    WIDTH="1037"
                    HEIGHT="101">
            <Shape><Polygon POINTS="423 1722 423 1731 440 1731 442 1731 465 1750 467 1750 468 1750 470 1750 472 1750 505 1733 522 1748 522 1750 524 1750 525 1750 527 1752 563 1752 563 1750 565 1750 567 1750 590 1731 592 1731 598 1731 748 1750 749 1750 751 1750 753 1750 778 1731 782 1731 852 1733 871 1748 873 1748 875 1748 877 1748 953 1729 958 1729 987 1729 1038 1731 1061 1748 1063 1748 1065 1748 1066 1748 1068 1748 1110 1735 1317 1748 1319 1748 1321 1748 1359 1729 1380 1748 1382 1748 1384 1748 1385 1750 1412 1750 1412 1748 1414 1748 1458 1727 1458 1718 1452 1657 1412 1659 1410 1659 1408 1659 1408 1661 1395 1674 1368 1659 1355 1651 1353 1651 1351 1651 1349 1651 1347 1651 1336 1659 1302 1682 1123 1670 1122 1670 1120 1670 1118 1670 1101 1684 1053 1684 1027 1669 1000 1651 998 1651 996 1651 937 1651 935 1651 901 1653 899 1653 898 1653 898 1655 879 1672 869 1682 854 1672 829 1657 827 1657 825 1657 823 1657 822 1657 820 1657 793 1674 778 1686 681 1686 675 1678 655 1659 655 1657 653 1657 651 1657 649 1657 647 1657 645 1657 620 1676 598 1655 598 1653 596 1653 594 1653 520 1653 518 1653 516 1653 514 1653 480 1674 442 1661 440 1661 438 1661 436 1661 434 1661 434 1663 432 1663 421 1674 423 1722"/></Shape>
	    <String CONTENT="خويشتن اين قدر میداند که گر ندانشتی نتوانشتی گفت و"
                    HPOS="421"
                    VPOS="1651"
                    WIDTH="1037"
                    HEIGHT="101"
                    WC="0.9005543506145477"></String>
          </TextLine>

          
          
          <TextLine ID="eSc_line_c322f1ea"
                    TAGREFS="LT4834"
                    BASELINE="432 1828 1065 1818 1452 1826" 
                    HPOS="430"
                    VPOS="1748"
                    WIDTH="1022"
                    HEIGHT="108">
            <Shape><Polygon POINTS="432 1828 432 1839 505 1856 506 1856 579 1847 651 1854 653 1854 655 1854 694 1841 713 1835 721 1841 736 1854 738 1854 740 1854 742 1854 793 1853 795 1853 797 1853 808 1843 810 1841 812 1843 823 1853 823 1854 825 1854 827 1854 829 1856 877 1856 877 1854 879 1854 880 1854 880 1853 892 1843 903 1832 1076 1832 1091 1843 1091 1845 1093 1845 1095 1845 1097 1845 1099 1845 1104 1843 1158 1830 1177 1845 1182 1849 1184 1849 1186 1849 1188 1849 1190 1849 1192 1849 1197 1845 1216 1830 1291 1845 1304 1847 1306 1847 1308 1847 1313 1845 1355 1832 1372 1845 1382 1853 1384 1853 1385 1853 1387 1853 1450 1845 1452 1826 1450 1779 1378 1779 1378 1777 1365 1765 1365 1763 1363 1763 1361 1763 1359 1763 1357 1763 1325 1773 1306 1756 1304 1756 1302 1756 1300 1756 1298 1756 1296 1756 1270 1773 1243 1762 1241 1762 1239 1762 1237 1762 1235 1762 1235 1763 1222 1775 1192 1748 1190 1748 1188 1748 1112 1748 1110 1748 1108 1748 1059 1775 1053 1779 1048 1775 1015 1750 1013 1750 1011 1750 1010 1750 1008 1750 958 1763 898 1754 896 1754 894 1754 892 1754 892 1756 873 1773 867 1779 820 1773 784 1769 782 1769 753 1773 696 1780 687 1771 668 1754 668 1752 666 1752 664 1752 662 1752 584 1771 544 1782 525 1782 514 1771 497 1754 497 1752 495 1752 493 1752 451 1752 449 1752 448 1752 446 1752 430 1763 432 1828"/></Shape>
	    <String CONTENT="يز بدان سبب گفته است كه تا اسم بنده باقى ماند هر گر اغم ردزگا"
                    HPOS="430"
                    VPOS="1748"
                    WIDTH="1022"
                    HEIGHT="108"
                    WC="0.89893104111562"></String>
          </TextLine>

          
          
          <TextLine ID="eSc_line_465b2592"
                    TAGREFS="LT4834"
                    BASELINE="425 1928 1458 1919" 
                    HPOS="423"
                    VPOS="1854"
                    WIDTH="1035"
                    HEIGHT="95">
            <Shape><Polygon POINTS="425 1928 425 1940 689 1947 691 1947 692 1947 715 1940 730 1936 740 1940 749 1947 751 1947 753 1947 755 1949 837 1949 837 1947 869 1940 899 1934 941 1940 973 1945 975 1945 977 1945 989 1940 1004 1934 1057 1940 1085 1944 1087 1944 1089 1944 1091 1944 1095 1940 1110 1930 1249 1930 1287 1940 1292 1942 1294 1942 1296 1942 1298 1942 1302 1940 1328 1932 1357 1940 1361 1942 1363 1942 1365 1942 1366 1942 1368 1942 1368 1940 1387 1930 1456 1940 1458 1919 1452 1877 1328 1881 1319 1877 1260 1854 1258 1854 1256 1854 1254 1854 1203 1879 1199 1881 1192 1879 1161 1873 1160 1873 1158 1873 1156 1873 1146 1881 1144 1881 1142 1881 1118 1858 1116 1858 1114 1858 1074 1854 1072 1854 1070 1854 1010 1883 1002 1887 943 1887 939 1883 911 1858 911 1856 909 1856 907 1856 860 1856 858 1856 765 1858 763 1858 704 1887 700 1889 670 1889 668 1887 636 1864 634 1864 632 1864 630 1864 599 1868 598 1868 596 1868 596 1870 577 1887 561 1873 560 1873 558 1873 556 1873 554 1873 524 1885 482 1866 480 1866 478 1866 476 1866 474 1866 448 1889 448 1890 423 1890 425 1928"/></Shape>
	    <String CONTENT="باشد از خداو خدانی بيفتد وگويند كه حضرت سلمان بخد"
                    HPOS="423"
                    VPOS="1854"
                    WIDTH="1035"
                    HEIGHT="95"
                    WC="0.9038808808034781"></String>
          </TextLine>

          
          
          <TextLine ID="eSc_line_c71bf9dd"
                    TAGREFS="LT4834"
                    BASELINE="429 2018 1456 2008" 
                    HPOS="427"
                    VPOS="1944"
                    WIDTH="1029"
                    HEIGHT="108">
            <Shape><Polygon POINTS="429 2018 429 2033 455 2044 457 2044 459 2044 461 2044 489 2033 510 2050 512 2050 514 2050 516 2052 632 2052 632 2050 634 2050 673 2033 784 2048 786 2048 787 2048 789 2048 814 2033 841 2046 842 2046 844 2046 846 2046 848 2046 863 2033 909 2046 911 2046 913 2046 985 2029 987 2029 989 2029 1112 2037 1114 2037 1201 2027 1218 2042 1218 2044 1220 2044 1222 2044 1224 2046 1249 2046 1249 2044 1251 2044 1294 2025 1311 2040 1311 2042 1313 2042 1315 2042 1317 2042 1319 2042 1365 2025 1454 2023 1456 2008 1448 1959 1403 1974 1319 1974 1300 1957 1285 1944 1283 1944 1281 1944 1249 1944 1247 1944 1245 1944 1243 1944 1222 1957 1216 1961 1197 1957 1194 1957 1192 1957 1190 1957 1188 1957 1188 1959 1173 1972 1148 1957 1144 1953 1142 1953 1141 1953 1139 1953 1137 1953 1125 1957 1074 1974 1030 1959 1029 1959 1027 1959 1025 1959 991 1976 956 1955 954 1955 953 1955 951 1955 949 1955 947 1955 922 1972 850 1976 820 1955 814 1949 812 1949 810 1949 808 1949 806 1949 804 1949 799 1955 768 1978 732 1968 730 1968 729 1968 662 1978 617 1953 613 1951 611 1951 537 1951 535 1951 533 1951 531 1951 531 1953 512 1970 493 1953 493 1951 491 1951 489 1951 487 1951 427 1951 429 2018"/></Shape>
	    <String CONTENT="رسيد و هر که بخدا برسد سلمان روزگار باشد فی الجمله با سلمان"
                    HPOS="427"
                    VPOS="1944"
                    WIDTH="1029"
                    HEIGHT="108"
                    WC="0.8663317652071937"></String>
          </TextLine>

          
        </TextBlock>
        
        <TextBlock HPOS="827"
                   VPOS="182"
                   WIDTH="158"
                   HEIGHT="111"
                   ID="eSc_textblock_f432dede"
                   TAGREFS="BT16059">
          <Shape><Polygon POINTS="873 182 962 197 985 263 924 293 842 278 827 227 873 182"/></Shape>
          
          
          <TextLine ID="eSc_line_adfe399d"
                    TAGREFS="LT4834"
                    BASELINE="863 246 947 242" 
                    HPOS="860"
                    VPOS="202"
                    WIDTH="87"
                    HEIGHT="74">
            <Shape><Polygon POINTS="863 246 863 276 947 269 947 242 943 212 901 202 899 202 898 202 860 214 863 246"/></Shape>
	    <String CONTENT="ماس"
                    HPOS="860"
                    VPOS="202"
                    WIDTH="87"
                    HEIGHT="74"
                    WC="0.8058349887530009"></String>
          </TextLine>

          
        </TextBlock>
        
        <TextBlock HPOS="296"
                   VPOS="1153"
                   WIDTH="74"
                   HEIGHT="89"
                   ID="eSc_textblock_84fbc299"
                   TAGREFS="BT16062">
          <Shape><Polygon POINTS="303 1153 370 1175 362 1242 296 1227 303 1153"/></Shape>
          
          
          <TextLine ID="eSc_line_11a1fcee"
                    TAGREFS="LT4834"
                    BASELINE="294 1217 351 1217" 
                    HPOS="294"
                    VPOS="1189"
                    WIDTH="57"
                    HEIGHT="60">
            <Shape><Polygon POINTS="294 1206 294 1217 294 1249 351 1248 351 1217 349 1189 298 1193 294 1206"/></Shape>
	    <String CONTENT=""
                    HPOS="294"
                    VPOS="1189"
                    WIDTH="57"
                    HEIGHT="60"></String>
          </TextLine>

          
        </TextBlock>
        
        <TextBlock HPOS="850"
                   VPOS="2071"
                   WIDTH="666"
                   HEIGHT="74"
                   ID="eSc_textblock_3baf6590"
                   TAGREFS="BT16058">
          <Shape><Polygon POINTS="972 2071 1494 2078 1516 2129 972 2145 850 2114 1010 2099 972 2071"/></Shape>
          
          
          <TextLine ID="eSc_line_6ee72736"
                    TAGREFS="LT4834"
                    BASELINE="1046 2114 1482 2110" 
                    HPOS="1044"
                    VPOS="2071"
                    WIDTH="438"
                    HEIGHT="70">
            <Shape><Polygon POINTS="1385 2076 1366 2076 1347 2074 1328 2074 1310 2074 1291 2074 1272 2074 1253 2074 1237 2074 1230 2076 1222 2073 1215 2073 1197 2073 1186 2082 1175 2073 1158 2073 1139 2073 1120 2073 1101 2073 1082 2071 1063 2071 1061 2071 1044 2080 1046 2114 1046 2129 1068 2141 1070 2141 1072 2141 1074 2141 1108 2129 1182 2141 1184 2141 1251 2129 1264 2128 1291 2129 1404 2139 1406 2139 1482 2129 1482 2110 1478 2082 1401 2076 1385 2076"/></Shape>
	    <String CONTENT="ايده على أزسورة الأسراي لالا"
                    HPOS="1044"
                    VPOS="2071"
                    WIDTH="438"
                    HEIGHT="70"
                    WC="0.8523341059684754"></String>
          </TextLine>

          
          
          <TextLine ID="eSc_line_055bec87"
                    TAGREFS="LT4834"
                    BASELINE="888 2118 981 2114" 
                    HPOS="886"
                    VPOS="2101"
                    WIDTH="95"
                    HEIGHT="36">
            <Shape><Polygon POINTS="962 2103 943 2105 924 2107 905 2109 886 2114 888 2118 888 2137 979 2135 981 2114 977 2101 962 2103"/></Shape>
	    <String CONTENT=""
                    HPOS="886"
                    VPOS="2101"
                    WIDTH="95"
                    HEIGHT="36"></String>
          </TextLine>

          
        </TextBlock>
        
        <TextBlock HPOS="858"
                   VPOS="2063"
                   WIDTH="134"
                   HEIGHT="104"
                   ID="eSc_textblock_0fbe3745"
                   TAGREFS="BT16061">
          <Shape><Polygon POINTS="918 2063 992 2086 992 2167 865 2145 896 2109 858 2086 918 2063"/></Shape>
          
        </TextBlock>
        

        
      </PrintSpace>
    </Page>
  </Layout>
</alto>
