<?xml version="1.0" encoding="UTF-8"?>
<alto xmlns:xsi="http://www.w3.org/2001/XMLSchema-instance"
      xmlns="http://www.loc.gov/standards/alto/ns-v4#"
      xsi:schemaLocation="http://www.loc.gov/standards/alto/ns-v4# http://www.loc.gov/standards/alto/v4/alto-4-2.xsd">
  <Description>
    <MeasurementUnit>pixel</MeasurementUnit>
    <sourceImageInformation>
      <fileName>TwoIsmailiTreatises023.jpg</fileName>
      
    </sourceImageInformation>
  </Description>
  
  <Tags>
    <OtherTag ID="BT16074" LABEL="MarginTextZone:commentary" DESCRIPTION="block type MarginTextZone:commentary"/><OtherTag ID="BT16073" LABEL="MarginTextZone:note#1" DESCRIPTION="block type MarginTextZone:note#1"/><OtherTag ID="BT16072" LABEL="MainZone:column#2" DESCRIPTION="block type MainZone:column#2"/><OtherTag ID="BT16071" LABEL="MainZone:column#3" DESCRIPTION="block type MainZone:column#3"/><OtherTag ID="BT16070" LABEL="GraphicZone:illustration" DESCRIPTION="block type GraphicZone:illustration"/><OtherTag ID="BT16069" LABEL="MainZone:column#1" DESCRIPTION="block type MainZone:column#1"/><OtherTag ID="BT16068" LABEL="MarginTextZone:note#2" DESCRIPTION="block type MarginTextZone:note#2"/><OtherTag ID="BT16067" LABEL="CustomZone:publication" DESCRIPTION="block type CustomZone:publication"/><OtherTag ID="BT16066" LABEL="RunningTitleZone" DESCRIPTION="block type RunningTitleZone"/><OtherTag ID="BT16065" LABEL="NumberingZone" DESCRIPTION="block type NumberingZone"/><OtherTag ID="BT16064" LABEL="default" DESCRIPTION="block type default"/><OtherTag ID="BT16063" LABEL="TitlePageZone" DESCRIPTION="block type TitlePageZone"/><OtherTag ID="BT16062" LABEL="NumberingZone:other" DESCRIPTION="block type NumberingZone:other"/><OtherTag ID="BT16061" LABEL="QuireMarksZone:catchwords" DESCRIPTION="block type QuireMarksZone:catchwords"/><OtherTag ID="BT16060" LABEL="MainZone" DESCRIPTION="block type MainZone"/><OtherTag ID="BT16059" LABEL="NumberingZone:page" DESCRIPTION="block type NumberingZone:page"/><OtherTag ID="BT16058" LABEL="MarginTextZone:note" DESCRIPTION="block type MarginTextZone:note"/><OtherTag ID="BT16057" LABEL="DigitizationArtefactZone" DESCRIPTION="block type DigitizationArtefactZone"/><OtherTag ID="BT4" LABEL="Illustration" DESCRIPTION="block type Illustration"/><OtherTag ID="BT3" LABEL="Commentary" DESCRIPTION="block type Commentary"/><OtherTag ID="BT2" LABEL="Main" DESCRIPTION="block type Main"/><OtherTag ID="BT1" LABEL="Title" DESCRIPTION="block type Title"/>
    <OtherTag ID="LT4834" LABEL="DefaultLine" DESCRIPTION="line type DefaultLine"/><OtherTag ID="LT4835" LABEL="HeadingLine:title" DESCRIPTION="line type HeadingLine:title"/>
  </Tags>
  
  <Layout>
    <Page WIDTH="1497"
          HEIGHT="2154"
          PHYSICAL_IMG_NR="19"
          ID="eSc_dummypage_">
      <PrintSpace HPOS="0"
                  VPOS="0"
                  WIDTH="1497"
                  HEIGHT="2154">
        
        <TextBlock HPOS="57"
                   VPOS="280"
                   WIDTH="1051"
                   HEIGHT="1685"
                   ID="eSc_textblock_4371b963"
                   TAGREFS="BT16060">
          <Shape><Polygon POINTS="100 280 1080 287 1108 1017 1065 1943 587 1965 100 1958 57 1929 64 387 100 280"/></Shape>
          
          
          <TextLine ID="eSc_line_18df9371"
                    TAGREFS="LT4834"
                    BASELINE="89 357 1042 353" 
                    HPOS="88"
                    VPOS="288"
                    WIDTH="954"
                    HEIGHT="105">
            <Shape><Polygon POINTS="88 310 89 357 89 373 115 393 116 393 118 393 120 393 122 393 204 371 274 382 276 382 332 371 467 382 469 382 470 382 492 371 546 391 548 391 549 391 636 373 654 389 654 391 655 391 657 391 659 393 790 393 790 391 792 391 833 369 902 387 903 387 905 387 907 387 947 371 965 389 965 391 966 391 968 391 970 393 990 393 990 391 992 391 1042 366 1042 353 1038 290 938 288 936 288 934 288 932 288 930 290 891 319 797 319 767 292 763 288 761 288 760 288 731 288 729 288 727 288 726 288 720 294 706 305 657 299 655 299 654 299 652 299 652 301 632 319 560 321 503 321 490 308 490 306 488 306 487 306 485 306 483 306 434 319 420 306 420 305 418 305 416 305 415 305 413 305 386 315 372 303 372 301 370 301 368 301 366 301 364 301 363 301 341 315 319 297 312 290 310 290 309 290 307 290 190 292 188 292 172 299 149 310 134 299 129 296 127 296 125 296 124 296 93 299 88 310"/></Shape>
	    <String CONTENT="قبول نكد چون بحکم ظاهر نور از خورشيد فلک که چسم از"
                    HPOS="88"
                    VPOS="288"
                    WIDTH="954"
                    HEIGHT="105"
                    WC="0.906606639623642"></String>
          </TextLine>

          
          
          <TextLine ID="eSc_line_e056348c"
                    TAGREFS="LT4834"
                    BASELINE="97 450 1058 455" 
                    HPOS="95"
                    VPOS="391"
                    WIDTH="963"
                    HEIGHT="100">
            <Shape><Polygon POINTS="97 450 95 461 131 463 150 482 150 484 152 484 154 484 156 484 158 484 192 475 219 486 221 486 222 486 224 486 226 486 249 468 314 466 334 484 334 486 336 486 337 486 339 488 402 488 402 486 404 486 406 486 406 484 427 466 447 466 463 481 463 482 465 482 467 482 469 482 528 473 542 486 542 488 544 488 546 488 548 490 589 490 589 488 591 488 628 466 630 466 632 466 657 477 659 477 661 477 663 477 684 468 688 466 690 468 735 488 736 488 738 488 824 468 828 468 833 468 923 490 925 491 979 491 979 490 981 490 983 490 1006 470 1009 468 1054 470 1058 455 1056 418 1022 411 1020 411 1018 411 1017 411 1017 412 1009 418 1002 425 983 418 920 394 918 394 855 394 853 394 851 394 850 394 815 418 805 425 686 423 681 420 652 398 650 398 648 398 646 398 645 398 621 411 598 405 596 405 594 405 593 405 591 405 571 420 567 423 564 420 533 394 531 394 530 394 528 394 526 394 510 402 503 394 503 393 501 393 499 393 397 391 395 391 393 391 391 391 363 412 339 403 337 403 336 403 334 403 271 421 265 421 249 421 156 412 154 412 152 412 132 420 120 411 118 411 116 411 115 411 113 411 97 418 97 450"/></Shape>
	    <String CONTENT="اجسام است گسسته و خدا محال باشد و حجکم قيامت نور خورشد"
                    HPOS="95"
                    VPOS="391"
                    WIDTH="963"
                    HEIGHT="100"
                    WC="0.9193114737669627"></String>
          </TextLine>

          
          
          <TextLine ID="eSc_line_63b37dc7"
                    TAGREFS="LT4834"
                    BASELINE="98 556 1056 560" 
                    HPOS="97"
                    VPOS="491"
                    WIDTH="959"
                    HEIGHT="92">
            <Shape><Polygon POINTS="98 556 97 570 111 581 113 581 115 581 116 581 366 569 379 579 379 581 380 581 382 581 384 581 474 570 496 581 497 581 499 581 776 570 808 583 810 583 812 583 909 570 1031 583 1033 583 1035 583 1036 583 1054 569 1056 560 1051 500 1015 520 1002 511 1000 511 999 511 997 511 995 511 970 525 920 525 898 504 889 495 889 493 887 493 885 493 830 493 828 493 826 493 797 506 763 522 738 507 717 493 715 493 713 493 659 493 657 493 655 493 654 493 654 495 637 509 621 525 578 525 519 524 506 513 492 499 490 499 488 499 487 499 485 499 483 499 470 509 442 500 440 500 438 500 436 500 434 500 413 515 400 522 391 515 364 491 363 491 361 491 296 491 294 491 292 491 264 506 248 499 246 499 244 499 242 499 240 499 228 509 203 493 201 493 199 493 197 493 195 493 194 493 159 520 154 522 98 522 98 556"/></Shape>
	    <String CONTENT="که دعوت مبارک اوست کسته و جدا محال باشد بلکه از جمله"
                    HPOS="97"
                    VPOS="491"
                    WIDTH="959"
                    HEIGHT="92"
                    WC="0.8887899454969627"></String>
          </TextLine>

          
          
          <TextLine ID="eSc_line_9e9f363a"
                    TAGREFS="LT4834"
                    BASELINE="104 656 1051 651" 
                    HPOS="102"
                    VPOS="594"
                    WIDTH="949"
                    HEIGHT="91">
            <Shape><Polygon POINTS="104 656 104 669 138 685 140 685 141 685 143 685 172 674 269 685 271 685 273 685 274 685 274 683 287 671 321 685 323 685 325 685 327 685 354 671 391 671 436 669 438 671 454 683 456 683 458 683 460 683 557 671 571 669 573 671 591 683 593 683 594 683 596 683 648 674 668 683 670 683 672 683 673 683 699 671 704 669 709 671 744 682 745 682 747 682 796 671 815 667 837 667 842 671 851 680 851 682 853 682 855 682 857 682 859 682 878 671 887 667 909 671 950 680 952 680 954 680 984 671 1002 667 1049 671 1051 651 1045 612 1009 619 997 612 988 604 986 604 984 604 983 604 981 604 979 604 970 612 959 619 903 612 876 610 875 610 873 610 862 613 841 619 833 613 826 606 826 604 824 604 823 604 751 594 749 594 747 594 745 594 718 613 708 621 655 615 535 601 533 601 531 601 492 617 481 621 474 617 467 612 465 612 463 612 461 612 460 612 438 617 425 621 420 617 400 599 400 597 398 597 397 597 395 597 393 597 350 608 195 597 194 597 192 597 190 597 156 619 152 622 149 619 134 610 132 610 131 610 129 610 127 610 102 619 104 656"/></Shape>
	    <String CONTENT="است و اين محال جزوی مجازی باشد و آن محال کلی ی"
                    HPOS="102"
                    VPOS="594"
                    WIDTH="949"
                    HEIGHT="91"
                    WC="0.9435545941616627"></String>
          </TextLine>

          
          
          <TextLine ID="eSc_line_8195ff48"
                    TAGREFS="LT4834"
                    BASELINE="84 752 911 752" 
                    HPOS="84"
                    VPOS="682"
                    WIDTH="827"
                    HEIGHT="107">
            <Shape><Polygon POINTS="84 752 84 762 140 779 141 779 143 779 192 770 213 784 215 784 217 784 219 784 221 784 264 766 271 764 285 766 332 775 334 777 334 775 373 768 395 764 404 768 438 788 440 788 442 789 487 789 487 788 488 788 528 771 544 764 575 771 641 788 643 789 745 789 745 788 747 788 778 775 787 771 797 775 826 788 828 788 830 788 832 788 833 788 833 786 844 777 855 766 876 766 907 777 911 752 911 682 851 682 850 682 848 682 846 682 846 683 844 683 832 694 774 687 738 682 736 682 735 682 733 682 733 683 727 689 713 703 690 689 688 689 686 689 684 689 682 689 679 691 636 712 546 696 470 682 469 682 467 682 465 682 443 700 425 714 192 714 186 710 138 682 136 682 134 682 132 682 131 682 129 682 84 710 84 752"/></Shape>
	    <String CONTENT="و ديگر آنکه حکم شريعت مشترک است ميان خدا و حلق"
                    HPOS="84"
                    VPOS="682"
                    WIDTH="827"
                    HEIGHT="107"
                    WC="0.8912484595116149"></String>
          </TextLine>

          
          
          <TextLine ID="eSc_line_da0515cb"
                    TAGREFS="LT4834"
                    BASELINE="93 849 1056 843" 
                    HPOS="91"
                    VPOS="780"
                    WIDTH="965"
                    HEIGHT="103">
            <Shape><Polygon POINTS="93 849 93 861 115 877 116 877 118 877 120 877 122 877 163 858 165 858 172 858 260 874 262 874 264 874 265 874 282 859 283 859 285 859 296 868 296 870 298 870 300 870 301 870 303 870 305 870 305 868 316 861 318 858 328 861 359 870 361 870 363 870 364 870 391 861 411 856 418 863 438 879 438 881 440 881 442 881 443 881 445 881 447 881 467 863 476 856 497 863 540 879 542 879 616 881 618 881 620 881 668 866 702 856 715 866 727 879 729 879 731 879 733 879 735 879 736 879 752 868 769 858 792 863 794 863 796 863 797 863 799 863 814 854 846 868 850 870 851 870 853 870 855 870 859 870 875 863 882 870 893 879 893 881 894 881 896 881 898 883 993 883 993 881 995 881 997 881 997 879 1006 872 1017 859 1051 872 1056 843 1053 784 932 780 930 780 929 780 927 780 918 788 884 811 846 811 823 791 815 784 814 784 812 784 810 784 765 793 745 796 742 793 727 782 726 782 724 782 722 782 720 782 718 782 718 784 706 795 690 813 621 813 605 798 591 786 589 786 587 786 585 786 584 786 582 786 562 800 544 811 515 811 504 802 494 793 492 793 490 793 488 793 487 793 463 804 447 811 442 804 427 791 427 789 425 789 424 789 422 789 420 789 418 789 418 791 402 805 395 814 336 814 330 807 307 788 307 786 305 786 303 786 256 786 255 786 253 786 251 786 233 798 221 788 221 786 219 786 217 786 215 786 165 793 150 784 149 784 147 784 145 784 143 784 141 784 91 811 93 849"/></Shape>
	    <String CONTENT="و حکم قيامت بخدای عنز و جل خاص است و خلق را به خدانی"
                    HPOS="91"
                    VPOS="780"
                    WIDTH="965"
                    HEIGHT="103"
                    WC="0.9210974849187411"></String>
          </TextLine>

          
          
          <TextLine ID="eSc_line_48d66e41"
                    TAGREFS="LT4834"
                    BASELINE="91 940 1056 947" 
                    HPOS="89"
                    VPOS="877"
                    WIDTH="967"
                    HEIGHT="95">
            <Shape><Polygon POINTS="91 940 89 953 192 967 194 967 312 956 328 969 330 969 332 969 334 969 699 960 722 971 724 971 726 972 799 972 799 971 801 971 803 971 815 960 1013 972 1015 972 1017 972 1054 960 1056 947 1054 881 1022 881 1020 881 1018 881 1017 881 1017 883 999 901 966 906 918 897 916 897 914 897 912 897 893 910 868 899 866 899 864 899 862 899 860 899 848 908 823 886 817 881 817 879 815 879 814 879 774 879 772 879 770 879 769 879 769 881 761 886 740 908 713 899 711 899 709 899 708 899 681 908 661 890 652 881 652 879 650 879 648 879 618 879 616 879 614 879 612 879 612 881 600 892 582 908 531 908 510 893 488 877 487 877 485 877 391 877 389 877 388 877 386 877 386 879 364 897 357 904 343 897 328 892 327 892 325 892 323 892 321 892 312 899 307 901 303 899 289 884 289 883 287 883 285 883 283 883 282 883 264 892 240 886 239 886 237 886 235 886 233 886 215 901 210 904 185 901 140 895 138 895 91 902 91 940"/></Shape>
	    <String CONTENT="از کون قيامت شريکی ترسد بلکه خود را از آن کون تشات و وجود"
                    HPOS="89"
                    VPOS="877"
                    WIDTH="967"
                    HEIGHT="95"
                    WC="0.8590710019243175"></String>
          </TextLine>

          
          
          <TextLine ID="eSc_line_a0a10bd4"
                    TAGREFS="LT4834"
                    BASELINE="88 1032 1049 1035" 
                    HPOS="86"
                    VPOS="978"
                    WIDTH="963"
                    HEIGHT="91">
            <Shape><Polygon POINTS="88 1032 86 1048 124 1050 147 1066 149 1066 150 1066 152 1066 242 1051 253 1060 253 1062 255 1062 256 1062 258 1062 260 1062 296 1051 332 1066 334 1066 336 1066 337 1066 373 1055 442 1066 443 1066 661 1055 711 1053 715 1055 727 1066 727 1068 729 1068 731 1068 733 1069 853 1069 853 1068 855 1068 857 1068 857 1066 866 1057 869 1053 880 1057 905 1068 907 1068 909 1068 911 1068 929 1059 938 1053 1045 1059 1049 1035 1045 987 1013 1003 961 1003 938 989 925 980 923 980 921 980 920 980 918 980 893 989 857 1001 805 990 788 987 787 987 785 987 776 990 749 1001 736 990 724 980 722 980 720 980 668 980 666 980 664 980 641 992 621 1003 569 1003 546 992 504 978 503 978 501 978 499 978 469 994 460 999 393 999 384 996 352 978 350 978 348 978 346 978 345 978 325 996 319 1001 262 1001 256 996 231 978 230 978 228 978 158 978 156 978 154 978 88 998 88 1032"/></Shape>
	    <String CONTENT="يست پس محال باشد که در وور شريعت در شتر اوقاتو"
                    HPOS="86"
                    VPOS="978"
                    WIDTH="963"
                    HEIGHT="91"
                    WC="0.9015277235404305"></String>
          </TextLine>

          
          
          <TextLine ID="eSc_line_37a7d800"
                    TAGREFS="LT4834"
                    BASELINE="174 1134 1051 1134" 
                    HPOS="174"
                    VPOS="1071"
                    WIDTH="877"
                    HEIGHT="97">
            <Shape><Polygon POINTS="174 1134 174 1147 221 1166 222 1166 224 1166 271 1163 273 1163 274 1163 291 1148 294 1148 348 1166 350 1166 352 1166 354 1166 409 1152 422 1148 436 1152 497 1166 499 1168 564 1168 564 1166 566 1166 600 1154 614 1150 655 1155 672 1157 673 1157 675 1157 677 1157 677 1155 686 1148 799 1148 810 1159 817 1164 817 1166 819 1166 821 1166 823 1168 868 1168 868 1166 869 1166 884 1159 909 1148 1020 1148 1045 1163 1051 1134 1045 1087 1029 1100 862 1100 837 1091 823 1085 821 1085 819 1085 765 1089 747 1073 747 1071 745 1071 744 1071 557 1071 555 1071 553 1071 551 1071 515 1094 513 1096 512 1094 499 1084 499 1082 497 1082 496 1082 494 1082 492 1082 463 1091 443 1073 443 1071 442 1071 440 1071 397 1071 395 1071 393 1071 391 1071 355 1096 352 1100 287 1100 283 1098 262 1084 260 1084 258 1084 256 1084 255 1084 221 1098 221 1100 174 1100 174 1134"/></Shape>
	    <String CONTENT="باشد و در دور قيامت آشکاراو حاکم ميان اولين واخرين"
                    HPOS="174"
                    VPOS="1071"
                    WIDTH="877"
                    HEIGHT="97"
                    WC="0.875339150428772"></String>
          </TextLine>

          
          
          <TextLine ID="eSc_line_3b9ae90a"
                    TAGREFS="LT4834"
                    BASELINE="89 1231 911 1234" 
                    HPOS="88"
                    VPOS="1164"
                    WIDTH="823"
                    HEIGHT="114">
            <Shape><Polygon POINTS="89 1231 88 1243 201 1274 203 1274 204 1276 287 1276 287 1274 289 1274 291 1274 330 1247 332 1247 389 1247 424 1247 460 1274 461 1274 463 1274 499 1276 501 1276 503 1276 573 1249 575 1249 611 1249 614 1249 657 1276 659 1276 661 1276 663 1278 699 1278 699 1276 700 1276 702 1276 702 1274 717 1261 761 1270 763 1270 765 1270 823 1252 826 1251 830 1252 871 1269 873 1269 875 1269 876 1269 909 1252 911 1234 909 1166 808 1166 806 1166 805 1166 801 1168 745 1199 693 1199 664 1181 663 1181 661 1181 659 1181 657 1181 655 1181 634 1197 600 1182 598 1182 596 1182 594 1182 593 1182 593 1184 578 1197 533 1188 531 1188 530 1188 501 1197 467 1181 465 1181 463 1181 398 1195 341 1175 332 1173 330 1173 328 1173 327 1173 321 1177 289 1195 240 1195 221 1179 204 1164 203 1164 201 1164 115 1164 113 1164 111 1164 109 1164 89 1177 89 1231"/></Shape>
	    <String CONTENT="ديگر آنچه پيمبر عليه السلام فرموده الفزوين باب"
                    HPOS="88"
                    VPOS="1164"
                    WIDTH="823"
                    HEIGHT="114"
                    WC="0.8714797851887155"></String>
          </TextLine>

          
          
          <TextLine ID="eSc_line_01372947"
                    TAGREFS="LT4834"
                    BASELINE="89 1330 1047 1326" 
                    HPOS="88"
                    VPOS="1274"
                    WIDTH="959"
                    HEIGHT="90">
            <Shape><Polygon POINTS="89 1330 89 1344 125 1362 127 1362 129 1362 131 1362 176 1348 265 1362 267 1362 269 1362 271 1362 287 1348 359 1346 380 1362 382 1362 384 1362 386 1364 447 1364 447 1362 449 1362 451 1362 478 1346 585 1355 587 1355 589 1355 616 1344 637 1360 639 1360 641 1360 643 1360 717 1348 742 1360 744 1360 745 1362 891 1362 891 1360 893 1360 894 1360 894 1358 911 1344 1020 1360 1022 1360 1024 1360 1026 1360 1047 1342 1047 1326 1044 1274 1000 1274 999 1274 997 1274 995 1274 995 1276 979 1290 950 1276 947 1274 945 1274 894 1274 893 1274 891 1274 889 1274 889 1276 887 1278 871 1290 779 1281 778 1281 713 1290 679 1281 648 1274 646 1274 645 1274 643 1274 625 1283 611 1290 602 1283 591 1274 589 1274 587 1274 585 1274 584 1274 582 1274 571 1285 562 1292 544 1285 521 1276 519 1276 517 1276 515 1276 513 1276 503 1287 494 1294 465 1294 458 1287 447 1278 447 1276 445 1276 443 1276 442 1276 440 1276 413 1288 411 1288 407 1288 373 1279 372 1279 370 1279 368 1279 366 1279 355 1288 350 1294 321 1294 318 1290 298 1276 296 1276 294 1276 221 1276 219 1276 217 1276 190 1288 124 1276 122 1276 120 1276 88 1292 89 1330"/></Shape>
	    <String CONTENT="الجنة يعنى قزوين درى باشد از درهاى بهشت چون فرويت"
                    HPOS="88"
                    VPOS="1274"
                    WIDTH="959"
                    HEIGHT="90"
                    WC="0.9209471040842484"></String>
          </TextLine>

          
          
          <TextLine ID="eSc_line_7080fc94"
                    TAGREFS="LT4834"
                    BASELINE="97 1418 1058 1432" 
                    HPOS="95"
                    VPOS="1358"
                    WIDTH="963"
                    HEIGHT="103">
            <Shape><Polygon POINTS="97 1418 95 1432 192 1432 194 1432 215 1446 217 1446 219 1446 221 1446 222 1446 271 1434 283 1444 283 1446 285 1446 287 1446 336 1452 337 1452 339 1452 388 1436 422 1444 424 1444 425 1444 427 1444 451 1437 465 1448 467 1448 469 1448 470 1448 526 1437 548 1453 549 1453 551 1453 553 1453 639 1446 697 1457 699 1459 722 1459 722 1457 724 1457 726 1457 726 1455 742 1441 787 1441 814 1441 815 1441 841 1459 842 1459 844 1459 846 1459 911 1446 939 1461 941 1461 943 1461 1056 1443 1058 1432 1056 1371 1017 1371 1015 1371 1013 1371 966 1394 945 1371 945 1369 943 1369 941 1369 907 1369 905 1369 903 1369 902 1369 871 1389 792 1369 779 1367 778 1367 776 1367 774 1367 772 1369 747 1389 726 1373 724 1373 722 1373 720 1373 718 1373 717 1373 691 1389 643 1380 641 1380 548 1387 517 1369 510 1364 508 1364 506 1364 463 1362 461 1362 460 1362 458 1362 449 1369 424 1385 398 1369 391 1364 389 1364 388 1364 386 1364 384 1364 370 1369 332 1383 316 1369 309 1362 307 1362 305 1362 303 1362 301 1362 300 1362 300 1364 292 1369 276 1383 195 1383 174 1369 159 1358 158 1358 156 1358 154 1358 97 1367 97 1418"/></Shape>
	    <String CONTENT="درگاه ديلمان باشد پس واجب است که ديلمان بهشت باشد"
                    HPOS="95"
                    VPOS="1358"
                    WIDTH="963"
                    HEIGHT="103"
                    WC="0.9499454875381625"></String>
          </TextLine>

          
          
          <TextLine ID="eSc_line_14d6d14d"
                    TAGREFS="LT4834"
                    BASELINE="93 1529 691 1525 1040 1513" 
                    HPOS="91"
                    VPOS="1459"
                    WIDTH="949"
                    HEIGHT="102">
            <Shape><Polygon POINTS="93 1529 93 1540 120 1554 122 1554 124 1554 125 1554 147 1543 170 1559 172 1559 174 1559 221 1561 222 1561 224 1561 276 1538 436 1547 438 1547 440 1547 465 1538 504 1550 506 1550 508 1550 580 1534 603 1554 605 1554 607 1554 609 1556 722 1556 722 1554 724 1554 726 1554 726 1552 740 1541 756 1552 758 1552 760 1552 761 1554 808 1554 808 1552 810 1552 812 1552 812 1550 824 1540 833 1547 835 1547 837 1547 839 1547 921 1529 943 1549 943 1550 945 1550 947 1550 948 1552 981 1552 981 1550 983 1550 984 1550 984 1549 1006 1527 1040 1525 1040 1513 1038 1468 1009 1459 1008 1459 1006 1459 1004 1459 1002 1459 1002 1461 993 1468 981 1482 956 1482 943 1470 938 1466 938 1464 936 1464 934 1464 932 1464 930 1464 929 1464 921 1470 909 1482 848 1482 826 1473 801 1462 799 1462 797 1462 796 1462 770 1475 756 1482 747 1475 731 1462 729 1462 727 1462 726 1462 724 1462 684 1477 672 1482 666 1477 657 1470 657 1468 655 1468 654 1468 652 1468 650 1468 627 1477 596 1464 594 1464 593 1464 591 1464 562 1480 549 1488 494 1488 488 1482 470 1466 470 1464 469 1464 467 1464 434 1464 433 1464 431 1464 429 1464 406 1484 402 1488 380 1488 377 1484 363 1471 363 1470 361 1470 359 1470 357 1470 355 1470 328 1477 222 1466 221 1466 163 1468 161 1468 91 1489 93 1529"/></Shape>
	    <String CONTENT="مطلب همشه خلق عالم بر اين مفراند که خدادند تعالی نيکان"
                    HPOS="91"
                    VPOS="1459"
                    WIDTH="949"
                    HEIGHT="102"
                    WC="0.8748993663876145"></String>
          </TextLine>

          
          
          <TextLine ID="eSc_line_be153e5c"
                    TAGREFS="LT4834"
                    BASELINE="93 1617 1058 1617" 
                    HPOS="93"
                    VPOS="1558"
                    WIDTH="965"
                    HEIGHT="91">
            <Shape><Polygon POINTS="93 1617 93 1629 132 1647 134 1647 136 1647 138 1647 140 1647 167 1631 240 1633 256 1647 258 1647 260 1647 262 1649 451 1649 451 1647 452 1647 454 1647 454 1646 469 1633 470 1631 479 1633 521 1640 522 1640 571 1633 580 1633 582 1633 609 1647 611 1647 612 1647 614 1647 655 1635 664 1631 673 1635 708 1647 709 1647 711 1647 713 1647 715 1647 731 1635 736 1631 760 1635 830 1647 832 1647 885 1637 912 1631 1056 1637 1058 1617 1058 1558 993 1558 992 1558 990 1558 984 1559 909 1583 841 1583 821 1563 815 1559 815 1558 814 1558 812 1558 810 1558 808 1558 806 1558 797 1563 770 1581 749 1565 742 1559 740 1559 738 1559 736 1559 735 1559 733 1559 726 1565 702 1581 591 1570 589 1570 587 1570 564 1581 549 1570 535 1559 533 1559 531 1559 530 1559 528 1559 526 1559 526 1561 515 1570 458 1558 456 1558 454 1558 452 1558 452 1559 438 1572 429 1581 384 1574 328 1567 327 1567 325 1567 323 1567 309 1576 301 1581 298 1577 278 1559 276 1559 274 1559 219 1558 217 1558 215 1558 213 1558 213 1559 201 1572 174 1559 172 1559 170 1559 168 1559 167 1559 167 1561 145 1581 143 1583 93 1583 93 1617"/></Shape>
	    <String CONTENT="در ست برد و بدان را بدوزخ اندازد پس محال باشد كه حضرت"
                    HPOS="93"
                    VPOS="1558"
                    WIDTH="965"
                    HEIGHT="91"
                    WC="0.9345804880250175"></String>
          </TextLine>

          
          
          <TextLine ID="eSc_line_3bc3e304"
                    TAGREFS="LT4834"
                    BASELINE="102 1714 1053 1717" 
                    HPOS="100"
                    VPOS="1651"
                    WIDTH="953"
                    HEIGHT="91">
            <Shape><Polygon POINTS="102 1714 100 1726 122 1737 124 1737 125 1737 127 1737 145 1728 188 1737 190 1737 233 1728 246 1739 248 1739 249 1739 251 1739 400 1728 434 1739 436 1739 438 1739 487 1728 501 1739 503 1739 504 1739 576 1741 578 1742 702 1742 702 1741 704 1741 745 1730 850 1730 864 1741 866 1741 868 1741 869 1742 957 1742 957 1741 959 1741 961 1741 979 1730 1008 1741 1009 1741 1011 1741 1013 1741 1051 1728 1053 1717 1049 1674 1031 1674 1029 1674 1000 1651 999 1651 997 1651 934 1651 932 1651 930 1651 889 1669 864 1651 862 1651 860 1651 663 1651 661 1651 659 1651 657 1651 657 1653 632 1676 627 1681 602 1676 522 1660 521 1660 519 1660 517 1660 497 1676 494 1680 490 1676 465 1662 463 1662 461 1662 460 1662 458 1662 425 1678 420 1681 289 1681 283 1678 260 1669 258 1669 256 1669 255 1669 231 1678 226 1680 212 1678 138 1669 136 1669 134 1669 102 1678 102 1714"/></Shape>
	    <String CONTENT="مولانانيکان را در بهشت بگذارد و ميان بدان در دوز رود و در"
                    HPOS="100"
                    VPOS="1651"
                    WIDTH="953"
                    HEIGHT="91"
                    WC="0.9234334795098555"></String>
          </TextLine>

          
          
          <TextLine ID="eSc_line_c44b64c4"
                    TAGREFS="LT4834"
                    BASELINE="97 1814 1054 1818" 
                    HPOS="95"
                    VPOS="1748"
                    WIDTH="959"
                    HEIGHT="100">
            <Shape><Polygon POINTS="97 1814 95 1823 149 1836 150 1836 186 1830 206 1845 208 1845 210 1845 212 1845 213 1845 215 1845 230 1834 242 1843 242 1845 244 1845 246 1845 248 1845 249 1845 287 1832 508 1845 510 1845 512 1845 513 1845 530 1830 573 1847 575 1847 576 1848 668 1848 668 1847 670 1847 672 1847 681 1839 688 1845 690 1845 691 1845 693 1845 695 1845 726 1829 727 1829 823 1829 824 1829 851 1847 853 1847 855 1847 857 1847 859 1847 860 1847 882 1829 884 1829 1013 1829 1015 1830 1027 1841 1029 1841 1031 1841 1033 1841 1035 1841 1053 1830 1054 1818 1053 1750 986 1750 984 1750 983 1750 981 1750 981 1751 948 1777 911 1777 887 1757 885 1757 884 1757 882 1757 880 1757 878 1757 846 1777 772 1777 752 1757 745 1751 745 1750 744 1750 742 1750 740 1750 607 1751 605 1751 603 1751 603 1753 594 1760 585 1768 575 1760 555 1748 553 1748 551 1748 549 1748 548 1748 546 1748 524 1762 504 1775 440 1775 425 1764 422 1762 420 1762 418 1762 416 1762 415 1762 404 1766 382 1773 370 1766 346 1751 345 1751 343 1751 341 1751 339 1751 337 1751 337 1753 321 1768 316 1775 292 1775 278 1769 215 1748 213 1748 131 1748 129 1748 127 1748 125 1748 97 1768 97 1814"/></Shape>
	    <String CONTENT="گوشه بهان شود  اللهم عافنا من بلاء الدنیا و عذاب"
                    HPOS="95"
                    VPOS="1748"
                    WIDTH="959"
                    HEIGHT="100"
                    WC="0.9037236825873455"></String>
          </TextLine>

          
          
          <TextLine ID="eSc_line_b5c147b9"
                    TAGREFS="LT4834"
                    BASELINE="95 1909 1051 1920" 
                    HPOS="93"
                    VPOS="1843"
                    WIDTH="958"
                    HEIGHT="115">
            <Shape><Polygon POINTS="95 1909 93 1929 129 1947 131 1947 132 1947 134 1947 188 1933 228 1945 230 1945 231 1945 294 1938 309 1949 309 1951 310 1951 312 1951 314 1952 375 1952 375 1951 377 1951 379 1951 395 1936 400 1936 467 1952 469 1952 533 1942 571 1935 603 1943 643 1954 645 1954 646 1954 686 1945 731 1936 868 1940 880 1952 887 1958 889 1958 891 1958 893 1958 1049 1956 1051 1920 1051 1848 974 1848 972 1848 970 1848 968 1848 934 1873 921 1863 921 1861 920 1861 918 1861 916 1861 896 1865 884 1850 880 1848 880 1847 878 1847 876 1847 875 1847 873 1847 857 1852 832 1859 823 1852 817 1847 815 1847 814 1847 812 1847 727 1848 726 1848 724 1848 724 1850 718 1854 702 1870 690 1863 688 1863 686 1863 684 1863 682 1863 681 1863 668 1872 645 1856 630 1845 628 1845 627 1845 625 1845 623 1845 621 1845 607 1857 584 1873 524 1863 521 1859 508 1848 508 1847 506 1847 504 1847 503 1847 501 1847 467 1859 434 1872 355 1861 343 1861 341 1861 330 1863 289 1870 274 1863 231 1843 230 1843 228 1843 226 1843 224 1843 199 1865 197 1866 195 1865 172 1854 170 1854 168 1854 167 1854 141 1866 138 1868 95 1868 95 1909"/></Shape>
	    <String CONTENT="الاخره بلکه خود گفته اند که خدای را بشتيان در بهشت بيند"
                    HPOS="93"
                    VPOS="1843"
                    WIDTH="958"
                    HEIGHT="115"
                    WC="0.8692307683554563"></String>
          </TextLine>

          
        </TextBlock>
        
        <TextBlock HPOS="530"
                   VPOS="193"
                   WIDTH="84"
                   HEIGHT="78"
                   ID="eSc_textblock_f13dbcca"
                   TAGREFS="BT16059">
          <Shape><Polygon POINTS="530 193 614 201 614 249 530 271 530 193"/></Shape>
          
          
          <TextLine ID="eSc_line_099c4e56"
                    TAGREFS="LT4834"
                    BASELINE="539 236 587 233" 
                    HPOS="535"
                    VPOS="197"
                    WIDTH="52"
                    HEIGHT="61">
            <Shape><Polygon POINTS="539 236 539 258 587 253 587 233 582 197 535 202 539 236"/></Shape>
	    <String CONTENT=""
                    HPOS="535"
                    VPOS="197"
                    WIDTH="52"
                    HEIGHT="61"></String>
          </TextLine>

          
        </TextBlock>
        
        <TextBlock HPOS="1103"
                   VPOS="1342"
                   WIDTH="84"
                   HEIGHT="113"
                   ID="eSc_textblock_0bb50fb3"
                   TAGREFS="BT16062">
          <Shape><Polygon POINTS="1132 1342 1173 1342 1187 1371 1173 1455 1103 1448 1132 1342"/></Shape>
          
          
          <TextLine ID="eSc_line_2ade2f34"
                    TAGREFS="LT4834"
                    BASELINE="1110 1430 1148 1425" 
                    HPOS="1108"
                    VPOS="1401"
                    WIDTH="47"
                    HEIGHT="87">
            <Shape><Polygon POINTS="1108 1421 1110 1430 1117 1488 1155 1484 1148 1425 1141 1401 1112 1405 1108 1421"/></Shape>
	    <String CONTENT=""
                    HPOS="1108"
                    VPOS="1401"
                    WIDTH="47"
                    HEIGHT="87"></String>
          </TextLine>

          
        </TextBlock>
        
        <TextBlock HPOS="573"
                   VPOS="1996"
                   WIDTH="12"
                   HEIGHT="12"
                   ID="eSc_textblock_36755d9b"
                   TAGREFS="BT16061">
          <Shape><Polygon POINTS="573 1996 578 1996 585 2008 573 2008 573 1996"/></Shape>
          
        </TextBlock>
        

        
      </PrintSpace>
    </Page>
  </Layout>
</alto>
