<?xml version="1.0" encoding="UTF-8"?>
<alto xmlns:xsi="http://www.w3.org/2001/XMLSchema-instance"
      xmlns="http://www.loc.gov/standards/alto/ns-v4#"
      xsi:schemaLocation="http://www.loc.gov/standards/alto/ns-v4# http://www.loc.gov/standards/alto/v4/alto-4-2.xsd">
  <Description>
    <MeasurementUnit>pixel</MeasurementUnit>
    <sourceImageInformation>
      <fileName>TwoIsmailiTreatises022.jpg</fileName>
      
    </sourceImageInformation>
  </Description>
  
  <Tags>
    <OtherTag ID="BT16074" LABEL="MarginTextZone:commentary" DESCRIPTION="block type MarginTextZone:commentary"/><OtherTag ID="BT16073" LABEL="MarginTextZone:note#1" DESCRIPTION="block type MarginTextZone:note#1"/><OtherTag ID="BT16072" LABEL="MainZone:column#2" DESCRIPTION="block type MainZone:column#2"/><OtherTag ID="BT16071" LABEL="MainZone:column#3" DESCRIPTION="block type MainZone:column#3"/><OtherTag ID="BT16070" LABEL="GraphicZone:illustration" DESCRIPTION="block type GraphicZone:illustration"/><OtherTag ID="BT16069" LABEL="MainZone:column#1" DESCRIPTION="block type MainZone:column#1"/><OtherTag ID="BT16068" LABEL="MarginTextZone:note#2" DESCRIPTION="block type MarginTextZone:note#2"/><OtherTag ID="BT16067" LABEL="CustomZone:publication" DESCRIPTION="block type CustomZone:publication"/><OtherTag ID="BT16066" LABEL="RunningTitleZone" DESCRIPTION="block type RunningTitleZone"/><OtherTag ID="BT16065" LABEL="NumberingZone" DESCRIPTION="block type NumberingZone"/><OtherTag ID="BT16064" LABEL="default" DESCRIPTION="block type default"/><OtherTag ID="BT16063" LABEL="TitlePageZone" DESCRIPTION="block type TitlePageZone"/><OtherTag ID="BT16062" LABEL="NumberingZone:other" DESCRIPTION="block type NumberingZone:other"/><OtherTag ID="BT16061" LABEL="QuireMarksZone:catchwords" DESCRIPTION="block type QuireMarksZone:catchwords"/><OtherTag ID="BT16060" LABEL="MainZone" DESCRIPTION="block type MainZone"/><OtherTag ID="BT16059" LABEL="NumberingZone:page" DESCRIPTION="block type NumberingZone:page"/><OtherTag ID="BT16058" LABEL="MarginTextZone:note" DESCRIPTION="block type MarginTextZone:note"/><OtherTag ID="BT16057" LABEL="DigitizationArtefactZone" DESCRIPTION="block type DigitizationArtefactZone"/><OtherTag ID="BT4" LABEL="Illustration" DESCRIPTION="block type Illustration"/><OtherTag ID="BT3" LABEL="Commentary" DESCRIPTION="block type Commentary"/><OtherTag ID="BT2" LABEL="Main" DESCRIPTION="block type Main"/><OtherTag ID="BT1" LABEL="Title" DESCRIPTION="block type Title"/>
    <OtherTag ID="LT4834" LABEL="DefaultLine" DESCRIPTION="line type DefaultLine"/><OtherTag ID="LT4835" LABEL="HeadingLine:title" DESCRIPTION="line type HeadingLine:title"/>
  </Tags>
  
  <Layout>
    <Page WIDTH="1438"
          HEIGHT="2165"
          PHYSICAL_IMG_NR="18"
          ID="eSc_dummypage_">
      <PrintSpace HPOS="0"
                  VPOS="0"
                  WIDTH="1438"
                  HEIGHT="2165">
        
        <TextBlock HPOS="339"
                   VPOS="259"
                   WIDTH="1048"
                   HEIGHT="1702"
                   ID="eSc_textblock_9f52cb1c"
                   TAGREFS="BT16060">
          <Shape><Polygon POINTS="418 259 1380 281 1387 1001 1365 1022 1387 1068 1387 1499 1373 1881 1344 1939 617 1961 368 1961 339 1939 339 382 360 274 418 259"/></Shape>
          
          
          <TextLine ID="eSc_line_3e5ef775"
                    TAGREFS="LT4834"
                    BASELINE="503 351 642 344 1327 344" 
                    HPOS="501"
                    VPOS="288"
                    WIDTH="826"
                    HEIGHT="92">
            <Shape><Polygon POINTS="503 351 503 380 588 378 589 378 591 378 591 377 613 357 669 357 689 375 691 377 691 378 692 378 694 378 696 378 718 375 759 366 768 373 775 378 777 378 779 378 781 378 783 378 799 371 828 360 853 360 866 369 875 378 876 378 878 378 880 380 912 380 912 378 914 378 916 378 916 377 927 368 934 360 947 368 963 375 965 375 967 375 968 375 1003 366 1021 360 1033 364 1071 378 1073 378 1075 378 1077 378 1122 362 1136 357 1246 357 1252 357 1291 369 1293 369 1295 369 1297 369 1327 355 1327 344 1324 310 1277 313 1270 310 1244 288 1243 288 1241 288 1196 288 1194 288 1145 292 1143 292 1142 292 1142 294 1124 312 1120 315 1053 315 1050 312 1026 290 1026 288 1024 288 1023 288 1021 288 970 297 918 288 916 288 914 288 912 288 912 290 887 313 885 313 824 301 822 301 820 301 784 313 774 303 772 303 770 303 768 303 766 303 737 315 642 315 608 288 606 288 604 288 553 288 552 288 550 288 501 313 503 351"/></Shape>
	    <String CONTENT="و در خطبه میفربايد که مثل ما يا امامان ا عشر اول"
                    HPOS="501"
                    VPOS="288"
                    WIDTH="826"
                    HEIGHT="92"
                    WC="0.8701080406705538"></String>
          </TextLine>

          
          
          <TextLine ID="eSc_line_5f13569b"
                    TAGREFS="LT4834"
                    BASELINE="355 442 1327 445" 
                    HPOS="353"
                    VPOS="384"
                    WIDTH="974"
                    HEIGHT="92">
            <Shape><Polygon POINTS="355 442 353 467 398 472 400 472 402 472 414 467 425 461 434 467 438 470 440 470 442 470 443 470 463 467 499 458 508 467 512 469 512 470 514 470 516 470 589 472 591 472 593 472 611 465 626 460 645 465 671 472 672 472 674 472 676 472 678 472 689 465 698 458 732 465 750 467 752 467 768 463 795 458 811 463 833 472 835 472 837 472 838 472 866 463 869 461 871 463 884 474 885 474 887 474 889 476 932 476 932 474 934 474 936 474 952 461 956 460 965 461 1010 474 1012 474 1013 474 1068 461 1080 472 1080 474 1082 474 1084 474 1086 474 1087 474 1089 474 1109 461 1109 460 1111 461 1120 469 1122 469 1124 469 1125 469 1127 469 1147 460 1151 460 1326 460 1327 445 1327 411 1286 400 1284 400 1282 400 1281 400 1279 400 1279 402 1272 409 1270 411 1152 411 1147 405 1127 387 1127 386 1125 386 1124 386 1093 386 1091 386 1089 386 1087 386 1087 387 1069 404 1062 409 1041 402 979 386 977 386 976 386 974 386 927 398 911 386 909 386 907 386 840 386 838 386 837 386 835 386 820 396 804 407 719 395 716 395 714 395 712 395 651 407 615 391 604 387 602 387 600 387 599 387 597 387 593 391 570 407 512 398 510 398 465 407 429 387 425 384 424 384 422 384 420 384 355 384 355 442"/></Shape>
	    <String CONTENT="بر او صبا چنانکه از مولانا علی تاتقی اجمد امامان را وصی خواند از"
                    HPOS="353"
                    VPOS="384"
                    WIDTH="974"
                    HEIGHT="92"
                    WC="0.8475651079788804"></String>
          </TextLine>

          
          
          <TextLine ID="eSc_line_93612aad"
                    TAGREFS="LT4834"
                    BASELINE="359 550 1320 539" 
                    HPOS="357"
                    VPOS="488"
                    WIDTH="963"
                    HEIGHT="100">
            <Shape><Polygon POINTS="359 550 359 571 375 580 377 580 378 580 434 573 451 584 452 584 454 584 456 584 458 584 492 568 499 562 566 562 570 566 579 573 579 575 580 575 582 575 584 575 586 575 602 568 626 586 627 586 629 586 631 588 678 588 678 586 680 586 736 564 736 562 790 561 795 562 835 584 837 584 838 584 840 584 842 584 862 570 867 573 867 575 869 575 871 575 873 575 875 575 876 575 894 561 900 559 934 559 940 561 979 582 981 582 983 582 1062 580 1064 580 1111 561 1140 573 1142 573 1143 573 1179 570 1181 570 1210 555 1212 555 1214 555 1252 579 1253 579 1255 579 1257 579 1259 579 1261 579 1261 577 1284 555 1318 555 1320 539 1315 494 1212 508 1174 497 1147 488 1145 488 1143 488 1142 488 1115 499 1093 506 1069 499 1035 490 1033 490 1032 490 1030 490 1028 490 1010 501 997 508 986 503 959 488 958 488 956 488 954 488 952 488 952 490 936 503 927 512 894 505 857 497 855 497 853 497 851 497 838 506 828 514 820 506 802 490 801 490 799 490 797 490 795 490 743 505 727 497 725 497 723 497 721 497 698 510 691 514 680 510 651 503 649 503 647 503 645 503 644 503 644 505 635 512 631 517 591 517 584 514 528 492 526 492 525 492 436 494 434 494 433 494 405 519 357 519 359 550"/></Shape>
	    <String CONTENT="سب مولانا امام محمد بافر عليه اسلام فرمود به حار جفی که از و"
                    HPOS="357"
                    VPOS="488"
                    WIDTH="963"
                    HEIGHT="100"
                    WC="0.899315552910169"></String>
          </TextLine>

          
          
          <TextLine ID="eSc_line_6780997c"
                    TAGREFS="LT4834"
                    BASELINE="366 642 1335 642" 
                    HPOS="366"
                    VPOS="586"
                    WIDTH="969"
                    HEIGHT="92">
            <Shape><Polygon POINTS="366 642 366 656 389 669 391 669 393 669 418 663 431 674 431 676 433 676 434 676 436 678 496 678 496 676 497 676 525 663 552 676 553 676 555 676 631 663 739 676 741 676 743 676 745 676 763 662 799 676 801 676 802 678 909 678 909 676 911 676 912 676 927 663 968 676 970 676 972 676 974 676 1032 658 1069 667 1071 667 1073 667 1075 667 1096 658 1244 658 1264 674 1266 674 1268 674 1270 674 1272 674 1335 656 1335 642 1335 598 1318 589 1317 589 1315 589 1313 589 1311 589 1309 589 1290 602 1279 609 1244 609 1230 602 1210 593 1208 593 1207 593 1205 593 1181 602 1165 608 1154 600 1136 589 1134 589 1133 589 1131 589 1129 589 1098 598 1066 586 1064 586 1062 586 1060 586 1030 597 1008 586 1006 586 1004 586 1003 586 1001 586 985 600 983 600 970 588 970 586 968 586 967 586 965 586 963 586 931 598 855 586 853 586 851 586 849 586 829 598 813 609 660 609 647 598 645 598 644 598 642 598 640 598 624 608 609 597 593 586 591 586 589 586 505 586 503 586 501 586 499 586 487 597 472 608 366 597 366 642"/></Shape>
	    <String CONTENT="وصی او صيااند عشرتانی دليل است بر امامان که شخص و حد"
                    HPOS="366"
                    VPOS="586"
                    WIDTH="969"
                    HEIGHT="92"
                    WC="0.8717449055268214"></String>
          </TextLine>

          
          
          <TextLine ID="eSc_line_e5904d06"
                    TAGREFS="LT4834"
                    BASELINE="353 743 1329 737" 
                    HPOS="351"
                    VPOS="681"
                    WIDTH="978"
                    HEIGHT="98">
            <Shape><Polygon POINTS="353 743 353 759 366 772 366 773 368 773 369 773 371 773 373 773 391 766 402 777 402 779 404 779 405 779 407 779 409 779 451 761 494 777 496 777 497 777 499 777 501 777 501 775 517 761 543 775 544 775 546 775 672 754 676 754 678 754 739 773 741 773 743 773 745 773 746 773 746 772 761 759 853 763 855 763 857 763 858 763 869 755 893 775 893 777 894 777 896 777 898 779 1001 779 1001 777 1003 777 1004 777 1041 754 1044 752 1071 754 1087 754 1111 775 1113 775 1115 775 1116 775 1199 768 1201 768 1203 768 1226 754 1230 752 1326 752 1329 737 1327 692 1308 683 1306 683 1304 683 1302 683 1300 683 1290 692 1275 705 1183 705 1163 694 1140 681 1138 681 1093 681 1091 681 1089 681 1059 694 1037 703 979 696 952 692 950 692 949 692 947 692 943 696 929 705 893 696 860 689 858 689 857 689 855 689 844 696 829 707 737 707 727 698 707 683 705 683 703 683 676 683 674 683 672 683 671 683 651 700 638 709 595 709 588 700 573 687 573 685 571 685 570 685 525 685 523 685 521 685 519 685 501 700 452 685 451 685 373 685 371 685 369 685 368 685 351 694 353 743"/></Shape>
	    <String CONTENT="را از باز دصم تا م امام خوانند از مولانا مهدی که يازد هم ايام"
                    HPOS="351"
                    VPOS="681"
                    WIDTH="978"
                    HEIGHT="98"
                    WC="0.8846017899083309"></String>
          </TextLine>

          
          
          <TextLine ID="eSc_line_9a200325"
                    TAGREFS="LT4834"
                    BASELINE="360 846 1333 837" 
                    HPOS="359"
                    VPOS="779"
                    WIDTH="974"
                    HEIGHT="103">
            <Shape><Polygon POINTS="360 846 360 858 386 876 387 876 389 876 391 876 449 864 499 882 501 882 503 882 505 882 506 882 535 864 582 880 584 880 586 880 588 880 589 880 589 878 617 855 678 855 716 880 718 880 719 880 721 880 853 878 855 878 902 855 938 878 940 878 941 878 943 878 945 878 986 855 1116 851 1131 860 1133 860 1134 860 1136 860 1138 860 1167 849 1203 858 1205 858 1207 858 1261 849 1281 864 1282 864 1284 864 1286 864 1288 864 1333 846 1333 837 1327 799 1219 801 1217 799 1205 790 1205 788 1203 788 1201 788 1199 788 1198 788 1156 801 1154 801 1125 779 1124 779 1122 779 1082 779 1080 779 1078 779 1077 779 1057 795 1006 802 1001 802 999 802 974 783 972 783 970 783 968 783 967 783 938 795 905 781 903 781 902 781 900 781 857 804 831 804 815 804 813 804 799 793 797 793 795 793 793 793 792 793 748 806 743 806 739 806 689 795 687 795 685 795 658 806 631 784 629 784 627 784 557 783 555 783 553 783 552 783 528 804 516 793 516 792 514 792 512 792 510 792 508 792 506 792 492 802 470 784 469 784 467 784 416 784 414 784 413 784 411 784 411 786 387 810 359 810 360 846"/></Shape>
	    <String CONTENT="بود تا مولانا زار كه نوزد هم يا يم امام بود و عشر آخرين ديل"
                    HPOS="359"
                    VPOS="779"
                    WIDTH="974"
                    HEIGHT="103"
                    WC="0.8824738750855128"></String>
          </TextLine>

          
          
          <TextLine ID="eSc_line_f88f391d"
                    TAGREFS="LT4834"
                    BASELINE="360 941 1326 938" 
                    HPOS="359"
                    VPOS="867"
                    WIDTH="967"
                    HEIGHT="107">
            <Shape><Polygon POINTS="360 941 360 974 400 972 402 972 404 972 404 970 422 954 449 963 451 963 452 963 571 956 608 972 609 972 611 972 613 974 644 974 644 972 645 972 647 972 647 970 665 954 811 965 813 965 875 952 891 968 893 968 893 970 894 970 896 970 898 972 965 972 965 970 967 970 968 970 972 967 990 952 1030 954 1041 965 1044 968 1044 970 1046 970 1048 970 1050 972 1080 972 1080 970 1082 970 1084 970 1091 965 1115 952 1163 952 1196 963 1216 970 1217 970 1219 970 1221 970 1223 970 1223 968 1230 963 1241 952 1272 963 1297 970 1299 970 1300 970 1302 970 1326 961 1326 938 1322 900 1210 887 1208 887 1207 887 1160 900 1158 900 1087 882 1086 882 1084 882 1082 882 1080 882 1053 900 995 867 994 867 958 867 956 867 954 867 952 867 952 869 920 900 831 889 829 889 828 889 826 889 826 891 811 902 748 902 710 876 709 876 707 876 705 876 703 876 674 885 638 869 636 869 519 869 517 869 516 869 514 869 514 871 488 893 463 871 463 869 461 869 460 869 402 869 400 869 398 869 396 869 359 900 360 941"/></Shape>
	    <String CONTENT="بر قانمان و از بيست ويکم تا خداوند مولانا علی ذکره اجود و ان"
                    HPOS="359"
                    VPOS="867"
                    WIDTH="967"
                    HEIGHT="107"
                    WC="0.8639951353271802"></String>
          </TextLine>

          
          
          <TextLine ID="eSc_line_3ecac087"
                    TAGREFS="LT4834"
                    BASELINE="663 1024 1329 1031" 
                    HPOS="662"
                    VPOS="977"
                    WIDTH="667"
                    HEIGHT="94">
            <Shape><Polygon POINTS="663 1024 662 1037 705 1050 707 1050 709 1050 754 1041 781 1062 783 1062 784 1062 829 1068 831 1068 833 1068 835 1068 849 1055 898 1068 900 1068 902 1068 903 1068 950 1048 968 1055 970 1055 972 1055 1042 1044 1077 1069 1078 1069 1080 1069 1082 1069 1127 1062 1189 1071 1190 1071 1192 1071 1194 1071 1194 1069 1214 1051 1250 1064 1252 1064 1253 1064 1255 1064 1257 1064 1279 1046 1281 1046 1326 1046 1329 1031 1329 994 1282 981 1281 981 1279 981 1277 981 1248 995 1237 1001 1228 995 1205 979 1203 979 1201 979 1127 977 1125 977 1124 977 1122 977 1122 979 1104 995 1096 1001 1077 995 1053 988 1051 988 1050 988 1048 988 1032 995 1021 999 1017 995 1001 981 1001 979 999 979 997 979 995 979 994 979 992 979 972 995 967 999 961 995 945 985 943 985 941 985 940 985 938 985 905 995 896 999 792 999 788 995 774 981 774 979 772 979 770 979 768 979 766 979 765 979 739 995 736 997 728 995 703 986 701 986 700 986 663 994 663 1024"/></Shape>
	    <String CONTENT="ناسی امام شخص و حدت راهم امام خواشد"
                    HPOS="662"
                    VPOS="977"
                    WIDTH="667"
                    HEIGHT="94"
                    WC="0.8927551797458104"></String>
          </TextLine>

          
          
          <TextLine ID="eSc_line_b3d3c64c"
                    TAGREFS="LT4834"
                    BASELINE="351 1129 1181 1120" 
                    HPOS="350"
                    VPOS="1059"
                    WIDTH="831"
                    HEIGHT="101">
            <Shape><Polygon POINTS="351 1129 351 1145 447 1145 514 1160 516 1160 597 1145 837 1156 838 1156 840 1156 842 1156 842 1154 858 1142 997 1154 999 1154 1001 1154 1003 1154 1003 1152 1015 1140 1017 1138 1100 1138 1102 1140 1115 1151 1115 1152 1116 1152 1118 1152 1120 1152 1181 1138 1181 1120 1178 1082 1109 1073 1107 1073 1046 1082 1013 1059 1012 1059 1010 1059 1008 1059 1006 1059 967 1080 940 1060 938 1060 936 1060 894 1060 893 1060 891 1060 889 1060 860 1084 813 1075 811 1075 810 1075 779 1086 777 1087 732 1087 716 1087 682 1064 680 1064 678 1064 631 1064 629 1064 627 1064 562 1086 521 1075 519 1075 517 1075 516 1075 463 1089 438 1066 436 1066 434 1066 389 1066 387 1066 386 1066 384 1066 350 1086 351 1129"/></Shape>
	    <String CONTENT="و عبارت خطبه مبارک باز بايد ديدن اکنون چون مولانا علی"
                    HPOS="350"
                    VPOS="1059"
                    WIDTH="831"
                    HEIGHT="101"
                    WC="0.9346304310942596"></String>
          </TextLine>

          
          
          <TextLine ID="eSc_line_f8419f99"
                    TAGREFS="LT4834"
                    BASELINE="353 1228 1326 1228" 
                    HPOS="353"
                    VPOS="1163"
                    WIDTH="973"
                    HEIGHT="98">
            <Shape><Polygon POINTS="353 1228 353 1246 436 1259 438 1259 440 1259 442 1259 456 1246 460 1243 506 1241 516 1246 535 1259 537 1259 539 1259 541 1261 586 1261 586 1259 588 1259 589 1259 589 1257 602 1246 608 1241 644 1241 662 1246 701 1259 703 1259 705 1259 707 1259 709 1259 725 1246 732 1241 761 1246 788 1250 790 1250 792 1250 793 1250 799 1246 808 1241 864 1243 867 1246 884 1259 885 1259 887 1259 889 1261 977 1261 977 1259 979 1259 981 1259 981 1257 994 1244 999 1241 1042 1241 1050 1244 1066 1259 1068 1259 1069 1259 1071 1261 1071 1259 1073 1259 1075 1259 1091 1244 1096 1241 1111 1244 1138 1253 1140 1253 1142 1253 1143 1253 1176 1244 1192 1241 1198 1244 1217 1259 1219 1259 1221 1259 1223 1259 1225 1259 1243 1250 1299 1259 1300 1259 1302 1259 1326 1244 1326 1228 1322 1176 1306 1185 1295 1176 1288 1170 1286 1170 1284 1170 1282 1170 1281 1170 1279 1170 1272 1176 1268 1178 1266 1176 1253 1165 1253 1163 1252 1163 1250 1163 1205 1163 1203 1163 1201 1163 1176 1178 1154 1190 1102 1190 1084 1179 1075 1172 1073 1172 1071 1172 1069 1172 1068 1172 1066 1172 1057 1179 1042 1188 932 1181 902 1179 900 1179 898 1179 889 1181 864 1188 855 1181 846 1174 846 1172 844 1172 842 1172 840 1172 838 1172 837 1172 837 1174 828 1183 820 1190 781 1190 775 1183 755 1165 755 1163 754 1163 752 1163 750 1163 689 1172 626 1163 624 1163 622 1163 620 1163 620 1165 611 1172 561 1163 559 1163 557 1163 555 1163 555 1165 534 1187 525 1187 454 1188 451 1187 434 1178 433 1178 431 1178 429 1178 427 1178 407 1187 391 1170 391 1169 389 1169 387 1169 386 1169 384 1169 382 1169 353 1185 353 1228"/></Shape>
	    <String CONTENT="میفرمايد که در مصر منر نهم بهادو دمشق را به گيرم بگرفت و بعد از"
                    HPOS="353"
                    VPOS="1163"
                    WIDTH="973"
                    HEIGHT="98"
                    WC="0.8571480261901069"></String>
          </TextLine>

          
          
          <TextLine ID="eSc_line_a6bef262"
                    TAGREFS="LT4834"
                    BASELINE="357 1324 1335 1327" 
                    HPOS="355"
                    VPOS="1264"
                    WIDTH="980"
                    HEIGHT="96">
            <Shape><Polygon POINTS="357 1324 355 1335 393 1356 395 1356 396 1356 398 1356 431 1344 451 1351 452 1351 454 1351 456 1351 458 1351 458 1349 470 1336 497 1349 499 1349 501 1349 663 1336 680 1336 682 1336 716 1356 718 1356 719 1358 815 1358 815 1356 817 1356 840 1345 851 1356 851 1358 853 1358 855 1358 857 1358 858 1358 918 1340 927 1338 934 1340 959 1347 961 1347 963 1347 999 1342 1015 1356 1015 1358 1017 1358 1019 1358 1021 1360 1115 1360 1115 1358 1179 1344 1203 1338 1226 1344 1257 1353 1259 1353 1261 1354 1261 1353 1262 1353 1291 1345 1315 1338 1329 1345 1335 1327 1329 1266 1264 1282 1205 1268 1201 1268 1199 1268 1198 1268 1196 1268 1127 1288 1046 1288 1021 1271 1013 1266 1012 1266 1010 1266 988 1266 986 1266 985 1266 983 1266 976 1273 958 1288 921 1273 900 1266 898 1266 896 1266 894 1266 893 1266 880 1275 855 1288 772 1286 763 1277 752 1268 752 1266 750 1266 748 1266 746 1266 745 1266 723 1277 709 1286 701 1279 689 1266 689 1264 687 1264 685 1264 555 1264 553 1264 552 1264 550 1264 550 1266 532 1282 528 1284 526 1282 506 1264 505 1264 503 1264 501 1264 499 1264 456 1282 449 1286 357 1286 357 1324"/></Shape>
	    <String CONTENT="آن بديلمان بردم برفت آما چشم بيبايد داشت كه خود را بسيند"
                    HPOS="355"
                    VPOS="1264"
                    WIDTH="980"
                    HEIGHT="96"
                    WC="0.9045366655135977"></String>
          </TextLine>

          
          
          <TextLine ID="eSc_line_9bd8118f"
                    TAGREFS="LT4834"
                    BASELINE="360 1421 1335 1421" 
                    HPOS="360"
                    VPOS="1362"
                    WIDTH="975"
                    HEIGHT="90">
            <Shape><Polygon POINTS="360 1421 360 1441 405 1436 413 1441 420 1448 420 1450 422 1450 424 1450 425 1452 526 1452 526 1450 528 1450 530 1450 530 1448 539 1441 544 1436 566 1436 597 1441 647 1450 649 1450 691 1441 710 1436 716 1441 719 1443 719 1445 721 1445 723 1445 725 1445 752 1441 774 1437 793 1441 855 1450 857 1450 858 1450 860 1450 860 1448 869 1439 875 1436 907 1439 983 1450 985 1450 986 1450 988 1450 988 1448 999 1439 1004 1436 1028 1436 1032 1439 1039 1445 1039 1446 1041 1446 1042 1446 1104 1450 1106 1450 1107 1450 1109 1450 1109 1448 1120 1439 1125 1436 1151 1439 1196 1445 1198 1445 1335 1437 1335 1421 1333 1380 1241 1380 1239 1380 1225 1367 1223 1367 1221 1367 1219 1367 1217 1367 1190 1380 1181 1383 1174 1380 1149 1362 1147 1362 1145 1362 1143 1362 1142 1362 1140 1362 1140 1363 1124 1380 1116 1385 1100 1380 1077 1371 1075 1371 1073 1371 1071 1371 1053 1380 1037 1365 1037 1363 1035 1363 1033 1363 1032 1363 1030 1363 997 1380 994 1381 988 1380 956 1362 954 1362 952 1362 950 1362 949 1362 929 1380 921 1385 842 1380 793 1376 792 1376 775 1380 750 1385 736 1380 718 1372 716 1372 714 1372 712 1372 692 1380 676 1385 671 1380 654 1365 653 1365 651 1365 649 1365 647 1365 645 1365 626 1380 622 1381 620 1380 591 1362 589 1362 588 1362 508 1362 506 1362 505 1362 503 1362 503 1363 490 1376 445 1380 438 1380 436 1380 393 1362 391 1362 389 1362 387 1362 386 1362 360 1376 360 1421"/></Shape>
	    <String CONTENT="و تا او را بتواند ديد و سخن عزد علا خلاف نيست ديگر چون صور"
                    HPOS="360"
                    VPOS="1362"
                    WIDTH="975"
                    HEIGHT="90"
                    WC="0.9044448974831351"></String>
          </TextLine>

          
          
          <TextLine ID="eSc_line_b7194994"
                    TAGREFS="LT4834"
                    BASELINE="359 1520 1333 1513" 
                    HPOS="357"
                    VPOS="1454"
                    WIDTH="976"
                    HEIGHT="95">
            <Shape><Polygon POINTS="359 1520 359 1535 443 1544 445 1544 490 1535 492 1535 506 1547 508 1547 510 1547 512 1549 570 1549 570 1547 571 1547 609 1533 613 1533 685 1533 687 1533 723 1546 725 1546 727 1546 781 1533 824 1546 826 1546 828 1546 829 1546 831 1546 849 1535 905 1544 907 1544 909 1544 940 1531 970 1531 1017 1531 1078 1544 1080 1544 1082 1544 1138 1529 1170 1542 1172 1542 1174 1542 1176 1542 1207 1529 1309 1542 1311 1542 1313 1542 1315 1542 1333 1528 1333 1513 1327 1468 1219 1481 1208 1470 1192 1455 1192 1454 1190 1454 1189 1454 1118 1454 1116 1454 1115 1454 1075 1474 1055 1483 1033 1474 1019 1468 1017 1468 1015 1468 1013 1468 1012 1468 1012 1470 1004 1475 995 1484 921 1484 911 1477 884 1457 882 1457 880 1457 878 1457 876 1457 837 1479 831 1481 828 1479 792 1461 790 1461 788 1461 786 1461 784 1461 763 1481 755 1486 714 1486 709 1481 685 1461 683 1461 682 1461 631 1457 629 1457 627 1457 626 1457 591 1484 588 1488 552 1488 548 1484 494 1459 492 1459 438 1459 436 1459 434 1459 357 1486 359 1520"/></Shape>
	    <String CONTENT="قيامت بدو گرت دمند از ديلمان دميدند و دعوت قيامت که خور"
                    HPOS="357"
                    VPOS="1454"
                    WIDTH="976"
                    HEIGHT="95"
                    WC="0.8884505651213906"></String>
          </TextLine>

          
          
          <TextLine ID="eSc_line_9edd077e"
                    TAGREFS="LT4834"
                    BASELINE="353 1611 1333 1607" 
                    HPOS="351"
                    VPOS="1542"
                    WIDTH="982"
                    HEIGHT="99">
            <Shape><Polygon POINTS="353 1611 353 1623 476 1639 478 1639 479 1639 503 1627 523 1638 525 1638 526 1638 528 1638 530 1638 552 1623 553 1623 591 1623 593 1623 613 1639 615 1639 617 1639 618 1641 653 1641 653 1639 654 1639 656 1639 656 1638 672 1623 701 1623 721 1632 723 1632 725 1632 727 1632 745 1625 766 1639 768 1639 770 1639 772 1639 774 1639 775 1639 775 1638 792 1623 896 1638 898 1638 900 1638 945 1621 947 1621 950 1621 992 1638 994 1638 995 1638 997 1638 1050 1621 1051 1621 1069 1638 1071 1638 1073 1638 1075 1639 1142 1639 1142 1638 1143 1638 1196 1621 1198 1621 1257 1630 1259 1630 1331 1620 1333 1607 1327 1564 1198 1569 1185 1564 1179 1558 1178 1558 1176 1558 1174 1558 1124 1560 1104 1544 1104 1542 1102 1542 1100 1542 1046 1542 1044 1542 1042 1542 1041 1542 1013 1564 1004 1569 983 1564 956 1555 954 1555 952 1555 950 1555 949 1555 949 1556 941 1564 934 1571 849 1571 842 1564 822 1546 822 1544 820 1544 819 1544 817 1544 779 1546 777 1546 775 1546 748 1564 743 1566 739 1564 728 1553 728 1551 727 1551 725 1551 723 1551 721 1551 719 1551 703 1560 687 1546 687 1544 685 1544 683 1544 622 1544 620 1544 618 1544 617 1544 591 1564 589 1564 579 1564 550 1560 532 1544 530 1544 528 1544 526 1544 351 1562 353 1611"/></Shape>
	    <String CONTENT="دوزه است هم از آنجا به درخشيدو چشمه ای خورشيد که جای ديگر چون تو"
                    HPOS="351"
                    VPOS="1542"
                    WIDTH="982"
                    HEIGHT="99"
                    WC="0.8873998614457937"></String>
          </TextLine>

          
          
          <TextLine ID="eSc_line_70e71481"
                    TAGREFS="LT4834"
                    BASELINE="373 1704 1329 1712" 
                    HPOS="371"
                    VPOS="1647"
                    WIDTH="958"
                    HEIGHT="94">
            <Shape><Polygon POINTS="373 1704 371 1712 424 1730 425 1730 427 1730 429 1730 479 1715 481 1715 512 1735 514 1735 516 1735 517 1735 519 1735 521 1735 535 1722 559 1735 561 1735 627 1737 629 1737 631 1737 633 1737 651 1721 662 1721 698 1717 725 1722 750 1726 752 1726 754 1726 761 1722 772 1717 781 1722 797 1735 799 1735 801 1735 802 1735 804 1735 829 1724 846 1717 853 1724 866 1737 866 1739 867 1739 869 1739 871 1739 947 1728 1008 1719 1165 1719 1179 1733 1187 1739 1187 1741 1189 1741 1190 1741 1192 1741 1327 1737 1329 1712 1324 1663 1299 1670 1273 1663 1266 1661 1264 1661 1262 1661 1261 1661 1259 1661 1257 1663 1248 1670 1239 1663 1223 1652 1221 1652 1219 1652 1217 1652 1216 1652 1214 1652 1201 1663 1192 1670 1174 1663 1161 1659 1160 1659 1158 1659 1156 1659 1138 1663 1089 1676 1026 1672 1021 1665 1006 1652 1006 1650 1004 1650 1003 1650 887 1650 885 1650 884 1650 855 1667 842 1674 802 1674 790 1667 755 1649 754 1649 752 1649 750 1649 701 1667 689 1672 685 1667 667 1650 667 1649 665 1649 663 1649 636 1649 635 1649 633 1649 631 1649 609 1668 606 1672 575 1672 571 1668 561 1658 561 1656 559 1656 557 1656 470 1647 469 1647 467 1647 465 1647 465 1649 443 1668 442 1670 373 1670 373 1704"/></Shape>
	    <String CONTENT="بود هم آنجا باشد و در شهر روشنانی پيهان نشدها"
                    HPOS="371"
                    VPOS="1647"
                    WIDTH="958"
                    HEIGHT="94"
                    WC="0.9437597264414248"></String>
          </TextLine>

          
          
          <TextLine ID="eSc_line_d00423bd"
                    TAGREFS="LT4834"
                    BASELINE="355 1809 1327 1814" 
                    HPOS="353"
                    VPOS="1742"
                    WIDTH="974"
                    HEIGHT="98">
            <Shape><Polygon POINTS="355 1809 353 1820 380 1831 382 1831 384 1831 425 1822 445 1836 447 1836 449 1836 451 1836 597 1824 626 1822 636 1825 676 1838 678 1838 680 1838 730 1827 743 1824 754 1827 783 1838 784 1838 786 1838 788 1838 813 1829 820 1825 822 1829 833 1836 833 1838 835 1838 837 1838 838 1840 921 1840 921 1838 923 1838 925 1838 936 1831 945 1825 959 1831 977 1838 979 1838 981 1838 983 1838 985 1838 985 1836 990 1833 999 1824 1134 1824 1145 1834 1149 1838 1149 1840 1151 1840 1152 1840 1154 1840 1326 1838 1327 1814 1326 1766 1237 1775 1216 1766 1199 1759 1198 1759 1196 1759 1194 1759 1179 1766 1169 1771 1156 1766 1106 1746 1104 1746 958 1744 956 1744 954 1744 952 1744 952 1746 934 1762 898 1750 896 1750 894 1750 893 1750 891 1750 867 1768 858 1775 842 1769 833 1766 831 1766 829 1766 828 1766 819 1769 808 1773 799 1769 777 1759 775 1759 774 1759 772 1759 770 1759 770 1760 759 1769 752 1777 716 1777 709 1769 678 1742 676 1742 674 1742 642 1742 640 1742 638 1742 636 1742 593 1771 588 1773 562 1771 451 1757 449 1757 447 1757 414 1771 411 1773 355 1773 355 1809"/></Shape>
	    <String CONTENT="اين چنان باشد که کسی گويد چشمه ی خورشيد فلک در زيين است"
                    HPOS="353"
                    VPOS="1742"
                    WIDTH="974"
                    HEIGHT="98"
                    WC="0.8664252590049397"></String>
          </TextLine>

          
          
          <TextLine ID="eSc_line_269f4b14"
                    TAGREFS="LT4834"
                    BASELINE="359 1905 1329 1910" 
                    HPOS="357"
                    VPOS="1836"
                    WIDTH="972"
                    HEIGHT="114">
            <Shape><Polygon POINTS="359 1905 357 1925 458 1930 490 1946 492 1946 494 1946 649 1928 671 1944 672 1944 674 1944 676 1944 678 1944 680 1944 691 1935 716 1948 718 1948 719 1950 833 1950 833 1948 898 1934 970 1943 972 1943 974 1943 1003 1934 1051 1950 1053 1950 1055 1950 1113 1937 1145 1948 1147 1948 1149 1948 1151 1948 1174 1935 1239 1950 1241 1950 1327 1930 1329 1910 1329 1867 1282 1840 1281 1840 1279 1840 1246 1840 1244 1840 1243 1840 1241 1840 1219 1858 1198 1840 1196 1840 1194 1840 1062 1840 1060 1840 1059 1840 1057 1840 1012 1867 938 1867 927 1856 927 1854 925 1854 923 1854 921 1854 920 1854 900 1863 875 1847 873 1847 871 1847 869 1847 867 1847 866 1847 837 1867 804 1854 802 1854 801 1854 694 1867 683 1867 676 1867 656 1861 631 1838 631 1836 629 1836 627 1836 595 1836 593 1836 591 1836 589 1836 566 1852 519 1854 496 1843 494 1843 492 1843 490 1843 488 1843 488 1845 479 1852 454 1849 452 1849 451 1849 449 1849 431 1865 429 1865 359 1865 359 1905"/></Shape>
	    <String CONTENT="داز گل خويش کسته اين سخن محال باشد و يچ خردمند"
                    HPOS="357"
                    VPOS="1836"
                    WIDTH="972"
                    HEIGHT="114"
                    WC="0.8857857727486155"></String>
          </TextLine>

          
        </TextBlock>
        
        <TextBlock HPOS="770"
                   VPOS="158"
                   WIDTH="135"
                   HEIGHT="85"
                   ID="eSc_textblock_c27f8d4c"
                   TAGREFS="BT16059">
          <Shape><Polygon POINTS="828 158 905 187 898 243 777 243 770 194 828 158"/></Shape>
          
          
          <TextLine ID="eSc_line_f0d77a91"
                    TAGREFS="LT4834"
                    BASELINE="801 223 855 220" 
                    HPOS="797"
                    VPOS="178"
                    WIDTH="58"
                    HEIGHT="76">
            <Shape><Polygon POINTS="801 223 801 250 855 254 855 220 851 184 828 178 826 178 824 178 822 178 797 191 801 223"/></Shape>
	    <String CONTENT=""
                    HPOS="797"
                    VPOS="178"
                    WIDTH="58"
                    HEIGHT="76"></String>
          </TextLine>

          
        </TextBlock>
        
        <TextBlock HPOS="763"
                   VPOS="1955"
                   WIDTH="142"
                   HEIGHT="99"
                   ID="eSc_textblock_59cca177"
                   TAGREFS="BT16061">
          <Shape><Polygon POINTS="835 1955 891 1962 905 2018 884 2054 806 2047 763 2011 835 1955"/></Shape>
          
          
          <TextLine ID="eSc_line_1b91d58a"
                    TAGREFS="LT4834"
                    BASELINE="792 2013 880 2008" 
                    HPOS="790"
                    VPOS="1955"
                    WIDTH="90"
                    HEIGHT="78">
            <Shape><Polygon POINTS="824 1961 806 1975 790 1988 792 2013 792 2033 880 2027 880 2008 875 1961 838 1955 824 1961"/></Shape>
	    <String CONTENT="بول"
                    HPOS="790"
                    VPOS="1955"
                    WIDTH="90"
                    HEIGHT="78"
                    WC="0.8335839112599691"></String>
          </TextLine>

          
        </TextBlock>
        
        <TextBlock HPOS="274"
                   VPOS="1551"
                   WIDTH="48"
                   HEIGHT="70"
                   ID="eSc_textblock_a02082e3"
                   TAGREFS="BT16062">
          <Shape><Polygon POINTS="288 1551 322 1573 322 1621 274 1593 288 1551"/></Shape>
          
        </TextBlock>
        

        
      </PrintSpace>
    </Page>
  </Layout>
</alto>
