<?xml version="1.0" encoding="UTF-8"?>
<alto xmlns:xsi="http://www.w3.org/2001/XMLSchema-instance"
      xmlns="http://www.loc.gov/standards/alto/ns-v4#"
      xsi:schemaLocation="http://www.loc.gov/standards/alto/ns-v4# http://www.loc.gov/standards/alto/v4/alto-4-2.xsd">
  <Description>
    <MeasurementUnit>pixel</MeasurementUnit>
    <sourceImageInformation>
      <fileName>TwoIsmailiTreatises054.jpg</fileName>
      
    </sourceImageInformation>
  </Description>
  
  <Tags>
    <OtherTag ID="BT16074" LABEL="MarginTextZone:commentary" DESCRIPTION="block type MarginTextZone:commentary"/><OtherTag ID="BT16073" LABEL="MarginTextZone:note#1" DESCRIPTION="block type MarginTextZone:note#1"/><OtherTag ID="BT16072" LABEL="MainZone:column#2" DESCRIPTION="block type MainZone:column#2"/><OtherTag ID="BT16071" LABEL="MainZone:column#3" DESCRIPTION="block type MainZone:column#3"/><OtherTag ID="BT16070" LABEL="GraphicZone:illustration" DESCRIPTION="block type GraphicZone:illustration"/><OtherTag ID="BT16069" LABEL="MainZone:column#1" DESCRIPTION="block type MainZone:column#1"/><OtherTag ID="BT16068" LABEL="MarginTextZone:note#2" DESCRIPTION="block type MarginTextZone:note#2"/><OtherTag ID="BT16067" LABEL="CustomZone:publication" DESCRIPTION="block type CustomZone:publication"/><OtherTag ID="BT16066" LABEL="RunningTitleZone" DESCRIPTION="block type RunningTitleZone"/><OtherTag ID="BT16065" LABEL="NumberingZone" DESCRIPTION="block type NumberingZone"/><OtherTag ID="BT16064" LABEL="default" DESCRIPTION="block type default"/><OtherTag ID="BT16063" LABEL="TitlePageZone" DESCRIPTION="block type TitlePageZone"/><OtherTag ID="BT16062" LABEL="NumberingZone:other" DESCRIPTION="block type NumberingZone:other"/><OtherTag ID="BT16061" LABEL="QuireMarksZone:catchwords" DESCRIPTION="block type QuireMarksZone:catchwords"/><OtherTag ID="BT16060" LABEL="MainZone" DESCRIPTION="block type MainZone"/><OtherTag ID="BT16059" LABEL="NumberingZone:page" DESCRIPTION="block type NumberingZone:page"/><OtherTag ID="BT16058" LABEL="MarginTextZone:note" DESCRIPTION="block type MarginTextZone:note"/><OtherTag ID="BT16057" LABEL="DigitizationArtefactZone" DESCRIPTION="block type DigitizationArtefactZone"/><OtherTag ID="BT4" LABEL="Illustration" DESCRIPTION="block type Illustration"/><OtherTag ID="BT3" LABEL="Commentary" DESCRIPTION="block type Commentary"/><OtherTag ID="BT2" LABEL="Main" DESCRIPTION="block type Main"/><OtherTag ID="BT1" LABEL="Title" DESCRIPTION="block type Title"/>
    <OtherTag ID="LT4834" LABEL="DefaultLine" DESCRIPTION="line type DefaultLine"/><OtherTag ID="LT4835" LABEL="HeadingLine:title" DESCRIPTION="line type HeadingLine:title"/>
  </Tags>
  
  <Layout>
    <Page WIDTH="1490"
          HEIGHT="2192"
          PHYSICAL_IMG_NR="50"
          ID="eSc_dummypage_">
      <PrintSpace HPOS="0"
                  VPOS="0"
                  WIDTH="1490"
                  HEIGHT="2192">
        
        <TextBlock HPOS="329"
                   VPOS="241"
                   WIDTH="1073"
                   HEIGHT="1722"
                   ID="eSc_textblock_88906584"
                   TAGREFS="BT16060">
          <Shape><Polygon POINTS="892 241 1372 270 1380 1327 1402 1417 1387 1927 1336 1963 358 1963 329 1928 372 277 497 248 892 241"/></Shape>
          
          
          <TextLine ID="eSc_line_ec599f06"
                    TAGREFS="LT4834"
                    BASELINE="374 348 1343 334" 
                    HPOS="372"
                    VPOS="272"
                    WIDTH="971"
                    HEIGHT="106">
            <Shape><Polygon POINTS="374 348 374 363 400 378 402 378 404 378 405 378 435 361 447 372 449 372 451 372 453 372 455 372 499 359 500 359 502 359 539 376 541 376 542 378 596 378 596 376 597 376 599 376 599 374 616 359 687 368 689 368 764 359 780 372 782 372 784 372 786 374 833 374 833 372 835 372 837 372 851 363 989 365 990 365 1106 350 1117 350 1118 350 1157 367 1159 367 1160 368 1210 368 1210 367 1212 367 1213 367 1239 348 1243 348 1288 348 1321 365 1323 365 1325 365 1327 365 1329 365 1329 363 1343 348 1343 334 1340 279 1285 272 1283 272 1281 272 1279 272 1279 274 1270 281 1248 303 1144 297 1142 297 1082 306 1058 290 1040 275 1038 275 1036 275 978 275 976 275 974 275 923 295 897 305 877 297 875 297 873 297 872 297 870 297 868 297 851 312 769 312 758 303 745 292 744 292 742 292 740 292 738 292 713 305 698 312 683 305 652 290 650 290 649 290 647 290 586 310 579 312 575 310 553 290 553 288 552 288 550 288 548 288 546 288 513 305 493 286 493 284 491 284 489 284 438 284 436 284 435 284 433 284 433 286 402 317 372 317 374 348"/></Shape>
	    <String CONTENT="کشش نمايند و چهاد کنند و همه را در راه خميست گردا"
                    HPOS="372"
                    VPOS="272"
                    WIDTH="971"
                    HEIGHT="106"
                    WC="0.9175823878268806"></String>
          </TextLine>

          
          
          <TextLine ID="eSc_line_4d2328b8"
                    TAGREFS="LT4834"
                    BASELINE="372 449 1192 438" 
                    HPOS="371"
                    VPOS="383"
                    WIDTH="821"
                    HEIGHT="93">
            <Shape><Polygon POINTS="372 449 372 476 420 476 422 476 424 476 424 474 438 462 489 474 499 476 500 476 502 476 508 474 541 458 709 458 722 467 727 473 729 473 731 473 733 473 734 473 756 465 782 458 802 465 819 471 820 471 822 473 915 473 915 471 917 471 919 471 934 460 941 454 998 454 1011 458 1049 469 1051 469 1053 469 1190 451 1192 438 1186 398 1164 401 1160 398 1153 392 1153 390 1151 390 1149 390 1148 390 1146 390 1120 398 1109 401 1100 400 1082 392 1080 392 1078 392 1076 392 1054 400 1043 403 1040 400 1031 392 1029 392 1027 392 1025 392 985 401 976 403 974 401 956 385 956 383 954 383 952 383 917 383 915 383 914 383 886 396 875 389 873 389 872 389 870 389 868 389 833 403 738 407 711 407 709 407 691 392 689 392 687 392 621 389 619 389 617 389 616 389 616 390 599 405 585 392 583 392 581 392 579 392 577 392 575 392 575 394 557 411 532 411 504 390 502 390 500 390 499 390 497 390 495 390 495 392 480 407 464 392 464 390 462 390 460 390 409 390 407 390 405 390 404 390 371 409 372 449"/></Shape>
	    <String CONTENT="چون اين معانی را بجا آورده باشند تولی و شرای"
                    HPOS="371"
                    VPOS="383"
                    WIDTH="821"
                    HEIGHT="93"
                    WC="0.889535109202067"></String>
          </TextLine>

          
          
          <TextLine ID="eSc_line_ca407eec"
                    TAGREFS="LT4834"
                    BASELINE="380 548 1336 538" 
                    HPOS="378"
                    VPOS="480"
                    WIDTH="958"
                    HEIGHT="99">
            <Shape><Polygon POINTS="380 548 380 577 510 579 511 579 513 579 515 579 521 575 532 568 546 573 561 579 563 579 564 579 566 579 586 573 625 560 669 571 700 577 702 577 703 577 705 577 716 569 729 560 782 568 837 575 839 575 840 575 842 575 842 573 850 566 857 558 904 564 934 568 936 568 937 568 939 568 945 564 956 557 978 562 1016 573 1018 573 1020 573 1021 573 1023 573 1038 562 1071 568 1073 568 1074 568 1076 568 1076 566 1084 560 1087 557 1100 560 1124 564 1126 564 1128 564 1146 558 1159 555 1179 557 1268 571 1270 571 1272 571 1336 553 1336 538 1329 480 1266 505 1137 498 1135 498 1133 498 1131 498 1118 509 1032 509 972 489 970 489 968 489 967 489 965 489 965 491 947 509 881 498 879 498 877 498 853 509 837 495 837 493 835 493 833 493 831 493 830 493 787 507 773 495 773 493 771 493 769 493 767 493 766 493 722 511 665 489 663 489 661 489 659 489 634 504 617 487 617 485 616 485 614 485 612 485 610 485 608 485 579 502 548 487 546 487 544 487 378 487 380 548"/></Shape>
	    <String CONTENT="خيقى درست ننده باشد اين است شرط تولى و بتر اس"
                    HPOS="378"
                    VPOS="480"
                    WIDTH="958"
                    HEIGHT="99"
                    WC="0.9076114985677931"></String>
          </TextLine>

          
          
          <TextLine ID="eSc_line_0c7279fb"
                    TAGREFS="LT4834"
                    BASELINE="680 646 1343 635" 
                    HPOS="678"
                    VPOS="571"
                    WIDTH="665"
                    HEIGHT="108">
            <Shape><Polygon POINTS="680 646 680 659 703 672 705 672 707 672 769 666 797 677 798 677 800 679 888 679 888 677 890 677 892 677 917 655 983 670 985 670 987 670 989 670 1014 653 1064 653 1117 674 1118 674 1120 674 1122 674 1177 653 1201 653 1226 672 1228 672 1230 672 1232 672 1272 670 1274 670 1276 670 1276 668 1296 650 1343 650 1343 635 1341 590 1319 571 1318 571 1316 571 1248 571 1246 571 1245 571 1243 571 1221 588 1199 573 1197 573 1195 573 1148 573 1146 573 1144 573 1142 573 1142 575 1117 599 1113 604 1062 604 1054 600 1009 582 1007 582 1005 582 1003 582 1001 582 976 599 948 577 947 577 945 577 943 577 941 577 939 577 899 604 895 608 862 608 861 606 839 586 839 584 837 584 835 584 833 584 831 584 830 584 830 586 806 606 731 595 729 595 727 595 678 610 680 646"/></Shape>
	    <String CONTENT="حقيقی که باد کرده شد بخود ولی زمان"
                    HPOS="678"
                    VPOS="571"
                    WIDTH="665"
                    HEIGHT="108"
                    WC="0.920274448745391"></String>
          </TextLine>

          
          
          <TextLine ID="eSc_line_6fbd1779"
                    TAGREFS="LT4834"
                    BASELINE="371 752 806 745" 
                    HPOS="369"
                    VPOS="675"
                    WIDTH="437"
                    HEIGHT="101">
            <Shape><Polygon POINTS="371 752 372 776 405 767 455 774 468 776 469 776 471 776 475 774 504 759 581 759 597 770 597 772 599 772 601 772 603 774 661 774 661 772 663 772 672 769 713 756 747 756 758 767 762 769 762 770 764 770 766 770 767 770 806 765 806 745 804 708 762 692 760 692 758 692 756 692 725 708 692 681 691 681 689 681 687 681 685 681 636 699 588 675 586 675 493 675 491 675 489 675 488 675 435 714 433 716 369 716 371 752"/></Shape>
	    <String CONTENT="در بيان هفت ارکان شرت"
                    HPOS="369"
                    VPOS="675"
                    WIDTH="437"
                    HEIGHT="101"
                    WC="0.9031369657743544"></String>
          </TextLine>

          
          
          <TextLine ID="eSc_line_013c4ffa"
                    TAGREFS="LT4834"
                    BASELINE="1188 756 1334 747" 
                    HPOS="1184"
                    VPOS="694"
                    WIDTH="150"
                    HEIGHT="124">
            <Shape><Polygon POINTS="1188 756 1192 818 1221 818 1223 818 1224 818 1254 794 1294 763 1334 761 1334 747 1330 701 1303 694 1301 694 1299 694 1298 694 1252 712 1241 716 1235 714 1213 701 1212 701 1210 701 1208 701 1206 701 1184 714 1188 756"/></Shape>
	    <String CONTENT="وصل"
                    HPOS="1184"
                    VPOS="694"
                    WIDTH="150"
                    HEIGHT="124"
                    WC="0.9615288774172465"></String>
          </TextLine>

          
          
          <TextLine ID="eSc_line_56216f9b"
                    TAGREFS="LT4834"
                    BASELINE="369 847 815 842" 
                    HPOS="367"
                    VPOS="778"
                    WIDTH="448"
                    HEIGHT="102">
            <Shape><Polygon POINTS="369 847 369 862 422 880 424 880 425 880 427 880 478 862 480 862 528 878 530 878 532 880 555 880 555 878 557 878 559 878 559 876 575 862 577 862 605 878 606 878 608 878 610 878 612 878 647 862 667 876 669 876 670 876 672 878 729 878 729 876 731 876 733 876 733 874 747 862 751 858 811 860 815 842 808 803 778 811 760 803 714 785 713 785 711 785 709 785 707 785 707 787 687 807 681 812 661 812 654 807 649 801 647 801 645 801 643 801 608 807 570 778 568 778 566 778 513 778 511 778 486 779 484 779 482 779 436 812 413 801 411 801 409 801 407 801 405 801 405 803 393 814 393 816 367 816 369 847"/></Shape>
	    <String CONTENT="و تا ويل آن نبزد يك همه"
                    HPOS="367"
                    VPOS="778"
                    WIDTH="448"
                    HEIGHT="102"
                    WC="0.8458202220499516"></String>
          </TextLine>

          
          
          <TextLine ID="eSc_line_07030bfd"
                    TAGREFS="LT4834"
                    BASELINE="1168 834 1190 832" 
                    HPOS="1164"
                    VPOS="801"
                    WIDTH="28"
                    HEIGHT="63">
            <Shape><Polygon POINTS="1168 834 1170 864 1192 864 1190 832 1182 801 1164 807 1168 834"/></Shape>
	    <String CONTENT=""
                    HPOS="1164"
                    VPOS="801"
                    WIDTH="28"
                    HEIGHT="63"></String>
          </TextLine>

          
          
          <TextLine ID="eSc_line_8023baf0"
                    TAGREFS="LT4834"
                    BASELINE="372 957 961 935 1351 935" 
                    HPOS="371"
                    VPOS="871"
                    WIDTH="980"
                    HEIGHT="113">
            <Shape><Polygon POINTS="372 957 372 971 382 980 382 982 383 982 385 982 387 984 442 984 442 982 493 980 495 980 497 980 524 964 533 959 542 962 579 979 581 979 583 979 585 979 586 979 612 962 649 977 650 977 652 977 654 977 714 959 727 957 749 959 824 968 826 968 828 968 855 957 873 949 948 955 961 955 963 955 974 955 1036 946 1049 953 1073 966 1074 966 1076 966 1078 966 1122 951 1149 942 1175 949 1208 960 1210 960 1212 960 1263 959 1265 959 1266 959 1281 948 1288 942 1301 948 1314 953 1316 953 1318 953 1351 946 1351 935 1349 893 1314 882 1312 882 1310 882 1230 895 1206 874 1206 873 1204 873 1202 873 1201 873 1199 873 1146 898 1144 900 1071 900 1069 900 1009 871 1007 871 1005 871 925 880 923 880 870 904 862 907 819 907 817 904 798 887 798 885 797 885 795 885 736 878 734 878 733 878 731 878 694 906 691 909 680 907 586 882 585 882 583 882 477 885 475 885 473 885 440 911 433 916 424 911 404 902 402 902 400 902 398 902 371 909 372 957"/></Shape>
	    <String CONTENT="طالفه روشن است كه بيشتر از ظاهر به باطن سيچ خير نتو"
                    HPOS="371"
                    VPOS="871"
                    WIDTH="980"
                    HEIGHT="113"
                    WC="0.9210426258105858"></String>
          </TextLine>

          
          
          <TextLine ID="eSc_line_7fd4cc39"
                    TAGREFS="LT4834"
                    BASELINE="371 1037 1349 1033" 
                    HPOS="369"
                    VPOS="973"
                    WIDTH="980"
                    HEIGHT="95">
            <Shape><Polygon POINTS="371 1037 371 1050 418 1050 422 1050 462 1066 464 1066 466 1068 627 1068 627 1066 628 1066 674 1052 705 1066 707 1066 709 1066 711 1066 749 1050 789 1063 791 1063 793 1063 795 1063 797 1063 813 1050 877 1061 879 1061 881 1061 919 1048 925 1048 930 1048 1016 1064 1018 1064 1020 1064 1021 1064 1021 1063 1038 1048 1040 1048 1102 1048 1118 1063 1118 1064 1120 1064 1122 1064 1124 1066 1157 1066 1157 1064 1159 1064 1197 1048 1347 1046 1349 1033 1347 995 1323 979 1321 979 1319 979 1318 979 1316 979 1314 979 1283 999 1276 1002 1190 1002 1184 999 1129 973 1128 973 1126 973 1124 973 1122 973 1093 993 1069 973 1067 973 1065 973 1000 973 998 973 996 973 952 995 839 993 837 993 835 993 817 1002 798 988 797 988 795 988 793 988 791 988 760 1002 738 993 736 993 734 993 733 993 709 999 661 979 659 979 658 979 656 979 610 1002 597 991 596 991 594 991 592 991 590 991 561 999 537 977 537 975 535 975 533 975 480 975 478 975 477 975 433 995 394 988 393 988 391 988 389 988 369 1001 371 1037"/></Shape>
	    <String CONTENT="رسيد و هر حيزيکه موجوداست او را ظاهری و بای"
                    HPOS="369"
                    VPOS="973"
                    WIDTH="980"
                    HEIGHT="95"
                    WC="0.8932115726692732"></String>
          </TextLine>

          
          
          <TextLine ID="eSc_line_1c1bc906"
                    TAGREFS="LT4834"
                    BASELINE="376 1128 1341 1123" 
                    HPOS="374"
                    VPOS="1063"
                    WIDTH="967"
                    HEIGHT="98">
            <Shape><Polygon POINTS="376 1128 376 1139 422 1156 424 1156 425 1156 427 1156 429 1156 446 1141 464 1156 464 1158 466 1158 468 1158 469 1158 471 1158 511 1145 530 1159 532 1159 533 1159 535 1161 597 1161 597 1159 599 1159 601 1159 601 1158 612 1148 623 1158 623 1159 625 1159 627 1159 628 1161 694 1161 694 1159 696 1159 698 1159 725 1143 813 1147 815 1147 817 1147 819 1147 830 1138 831 1138 921 1158 923 1158 925 1158 926 1158 954 1138 985 1154 987 1154 989 1154 990 1154 1034 1138 1076 1156 1078 1156 1080 1156 1082 1156 1084 1156 1106 1139 1155 1136 1162 1136 1166 1136 1213 1145 1215 1145 1217 1145 1248 1136 1268 1152 1268 1154 1270 1154 1272 1154 1274 1154 1276 1154 1341 1134 1341 1123 1338 1092 1250 1092 1210 1066 1208 1066 1206 1066 1204 1066 1202 1066 1201 1066 1171 1088 1140 1063 1138 1063 1137 1063 1056 1063 1054 1063 1053 1063 1051 1063 1051 1064 1034 1079 919 1074 917 1074 915 1074 914 1074 914 1075 895 1090 886 1081 884 1081 883 1081 881 1081 835 1090 800 1081 798 1081 797 1081 795 1081 793 1081 793 1083 782 1094 723 1094 689 1070 687 1070 685 1070 683 1070 681 1070 634 1085 616 1068 616 1066 614 1066 612 1066 559 1066 557 1066 555 1066 553 1066 553 1068 528 1092 466 1074 464 1074 462 1074 460 1074 374 1096 376 1128"/></Shape>
	    <String CONTENT="متلاطهر که عالم سفلیاست و عالم باطن که عالم علو"
                    HPOS="374"
                    VPOS="1063"
                    WIDTH="967"
                    HEIGHT="98"
                    WC="0.9195051738556396"></String>
          </TextLine>

          
          
          <TextLine ID="eSc_line_6c005ac4"
                    TAGREFS="LT4834"
                    BASELINE="363 1227 1343 1234" 
                    HPOS="361"
                    VPOS="1169"
                    WIDTH="982"
                    HEIGHT="102">
            <Shape><Polygon POINTS="363 1227 361 1240 389 1264 389 1265 391 1265 393 1265 394 1267 457 1267 457 1265 458 1265 526 1243 563 1256 564 1256 566 1256 568 1256 605 1240 650 1260 652 1260 654 1260 656 1260 698 1242 713 1253 714 1253 716 1253 718 1253 720 1253 744 1242 813 1243 835 1265 835 1267 837 1267 839 1267 864 1269 866 1269 868 1269 910 1253 956 1269 957 1269 959 1271 1054 1271 1054 1269 1056 1269 1095 1247 1117 1262 1118 1262 1120 1262 1122 1262 1124 1262 1126 1262 1126 1260 1142 1245 1217 1245 1243 1269 1243 1271 1245 1271 1246 1271 1248 1271 1250 1271 1274 1258 1287 1269 1288 1269 1290 1269 1292 1269 1294 1269 1296 1269 1296 1267 1316 1247 1341 1243 1343 1234 1341 1198 1259 1187 1257 1187 1186 1194 1168 1181 1166 1181 1164 1181 1162 1181 1098 1189 1058 1172 1056 1172 1054 1172 1053 1172 1014 1181 1001 1172 1000 1172 998 1172 894 1172 892 1172 890 1172 888 1172 888 1174 873 1189 851 1176 850 1176 848 1176 846 1176 844 1176 820 1192 819 1192 815 1192 709 1183 707 1183 705 1183 674 1192 669 1192 665 1190 634 1176 632 1176 630 1176 628 1176 601 1190 568 1180 566 1180 564 1180 563 1180 561 1180 550 1190 548 1192 478 1192 477 1190 451 1169 449 1169 447 1169 396 1169 394 1169 393 1169 391 1169 363 1185 363 1227"/></Shape>
	    <String CONTENT="و هر چه در اين عالم سفلی که ظاهر است موجود است در عالم ب"
                    HPOS="361"
                    VPOS="1169"
                    WIDTH="982"
                    HEIGHT="102"
                    WC="0.8962635674646923"></String>
          </TextLine>

          
          
          <TextLine ID="eSc_line_eeca505a"
                    TAGREFS="LT4834"
                    BASELINE="1011 1327 1345 1327" 
                    HPOS="1011"
                    VPOS="1285"
                    WIDTH="334"
                    HEIGHT="70">
            <Shape><Polygon POINTS="1011 1327 1011 1340 1060 1355 1062 1355 1064 1355 1065 1355 1111 1342 1142 1355 1144 1355 1146 1355 1345 1340 1345 1327 1343 1295 1235 1298 1228 1296 1204 1285 1202 1285 1135 1285 1133 1285 1131 1285 1098 1298 1096 1298 1095 1298 1038 1287 1036 1287 1034 1287 1011 1298 1011 1327"/></Shape>
	    <String CONTENT="موجود خواهد شد"
                    HPOS="1011"
                    VPOS="1285"
                    WIDTH="334"
                    HEIGHT="70"
                    WC="0.9398577085563115"></String>
          </TextLine>

          
          
          <TextLine ID="eSc_line_46569317"
                    TAGREFS="LT4834"
                    BASELINE="367 1441 1181 1432" 
                    HPOS="365"
                    VPOS="1366"
                    WIDTH="816"
                    HEIGHT="98">
            <Shape><Polygon POINTS="367 1441 367 1450 389 1463 391 1463 393 1463 521 1450 585 1464 586 1464 588 1464 647 1448 683 1459 685 1459 687 1459 747 1446 751 1446 775 1463 776 1463 778 1463 780 1464 828 1464 828 1463 830 1463 831 1463 853 1446 857 1444 919 1444 925 1446 948 1461 950 1461 952 1461 954 1461 1038 1459 1040 1459 1042 1459 1042 1457 1054 1446 1076 1459 1078 1459 1080 1461 1129 1461 1129 1459 1131 1459 1181 1444 1181 1432 1177 1388 1128 1379 1126 1379 1124 1379 1122 1379 1122 1380 1115 1386 1089 1368 1087 1368 1085 1368 1084 1368 1082 1368 1054 1377 1016 1366 1014 1366 1012 1366 1011 1366 947 1388 915 1368 914 1368 912 1368 851 1368 850 1368 848 1368 771 1391 769 1391 736 1379 734 1379 733 1379 636 1380 634 1380 632 1380 621 1390 563 1371 561 1371 559 1371 557 1371 555 1371 555 1373 539 1388 515 1384 513 1384 511 1384 510 1384 510 1386 500 1395 499 1397 446 1397 444 1395 425 1384 424 1384 422 1384 420 1384 365 1395 367 1441"/></Shape>
	    <String CONTENT="اول ظاهر شريعت آنکه پوست موجود نيشود بعد ازا"
                    HPOS="365"
                    VPOS="1366"
                    WIDTH="816"
                    HEIGHT="98"
                    WC="0.9298557930522495"></String>
          </TextLine>

          
          
          <TextLine ID="eSc_line_6f1d7cc8"
                    TAGREFS="LT4834"
                    BASELINE="363 1536 1341 1527" 
                    HPOS="361"
                    VPOS="1461"
                    WIDTH="980"
                    HEIGHT="100">
            <Shape><Polygon POINTS="363 1536 363 1552 376 1561 378 1561 380 1561 382 1561 383 1561 404 1552 504 1561 506 1561 508 1561 510 1561 510 1559 524 1547 526 1543 583 1543 590 1545 623 1559 625 1559 627 1561 738 1561 738 1559 740 1559 775 1543 778 1541 780 1543 798 1558 800 1558 802 1558 804 1558 806 1558 840 1545 928 1558 930 1558 932 1558 934 1558 934 1556 950 1541 952 1539 1087 1539 1089 1539 1120 1550 1122 1550 1124 1550 1126 1550 1153 1539 1157 1538 1171 1539 1283 1552 1285 1552 1287 1552 1288 1552 1309 1538 1340 1538 1341 1527 1336 1488 1217 1488 1208 1485 1175 1472 1173 1472 1171 1472 1170 1472 1168 1472 1153 1485 1148 1490 1122 1490 1113 1483 1087 1461 1085 1461 1084 1461 1053 1461 1051 1461 1049 1461 1047 1461 1047 1463 1029 1481 1009 1463 1009 1461 1007 1461 1005 1461 985 1461 983 1461 981 1461 979 1461 979 1463 959 1481 947 1490 894 1483 892 1483 890 1483 859 1492 817 1477 775 1463 773 1463 771 1463 769 1463 744 1475 711 1494 674 1483 672 1483 670 1483 669 1483 627 1494 594 1474 579 1464 577 1464 575 1464 574 1464 572 1464 570 1464 557 1474 524 1496 495 1472 489 1466 488 1466 486 1466 484 1466 361 1468 363 1536"/></Shape>
	    <String CONTENT="مغزودانه ديار که مقصوداست به کمال می رسد پس هر که د"
                    HPOS="361"
                    VPOS="1461"
                    WIDTH="980"
                    HEIGHT="100"
                    WC="0.9069655350610322"></String>
          </TextLine>

          
          
          <TextLine ID="eSc_line_9eadf744"
                    TAGREFS="LT4834"
                    BASELINE="358 1623 1345 1618" 
                    HPOS="356"
                    VPOS="1552"
                    WIDTH="989"
                    HEIGHT="108">
            <Shape><Polygon POINTS="358 1623 358 1638 402 1658 404 1658 405 1658 407 1658 409 1658 431 1640 484 1640 500 1653 500 1654 502 1654 504 1654 506 1654 508 1654 510 1654 533 1640 612 1640 630 1656 630 1658 632 1658 634 1658 636 1660 663 1660 663 1658 665 1658 703 1642 747 1656 749 1656 751 1658 791 1658 791 1656 793 1656 795 1656 795 1654 804 1647 813 1656 815 1656 817 1656 819 1658 868 1658 868 1656 870 1656 872 1656 884 1645 932 1656 934 1656 936 1656 937 1656 963 1638 1025 1654 1027 1654 1029 1654 1113 1640 1166 1654 1168 1654 1170 1654 1171 1654 1173 1654 1197 1636 1281 1654 1283 1654 1285 1654 1287 1654 1287 1653 1303 1636 1345 1633 1345 1618 1340 1572 1283 1572 1281 1572 1259 1552 1257 1552 1255 1552 1254 1552 1252 1552 1250 1552 1223 1572 1221 1572 1202 1572 1197 1572 1179 1556 1179 1554 1177 1554 1175 1554 1131 1552 1129 1552 1128 1552 1074 1572 1056 1554 1056 1552 1054 1552 1053 1552 1023 1552 1021 1552 1020 1552 1018 1552 1018 1554 996 1572 996 1574 994 1572 963 1556 961 1556 959 1556 957 1556 892 1572 883 1574 870 1572 793 1561 791 1561 789 1561 787 1561 771 1574 767 1576 731 1576 727 1574 705 1558 703 1558 702 1558 700 1558 698 1558 696 1558 696 1559 681 1574 678 1578 639 1578 636 1574 616 1556 614 1556 612 1556 544 1556 542 1556 541 1556 510 1572 489 1556 488 1556 486 1556 484 1556 424 1565 380 1556 378 1556 376 1556 374 1556 356 1567 358 1623"/></Shape>
	    <String CONTENT="خدا پرستى کند بايد که ادل ظاهر شريعت که پوست آت بدانش"
                    HPOS="356"
                    VPOS="1552"
                    WIDTH="989"
                    HEIGHT="108"
                    WC="0.8906458561067228"></String>
          </TextLine>

          
          
          <TextLine ID="eSc_line_0681b250"
                    TAGREFS="LT4834"
                    BASELINE="372 1726 1336 1715" 
                    HPOS="371"
                    VPOS="1662"
                    WIDTH="965"
                    HEIGHT="89">
            <Shape><Polygon POINTS="372 1726 372 1738 394 1751 396 1751 398 1751 400 1751 440 1742 504 1751 506 1751 508 1751 510 1751 526 1738 552 1749 553 1749 555 1749 656 1737 727 1746 729 1746 731 1746 733 1746 744 1737 755 1746 756 1746 758 1746 760 1746 762 1746 776 1738 837 1748 839 1748 840 1748 842 1748 862 1735 875 1744 875 1746 877 1746 879 1746 881 1748 965 1748 965 1746 967 1746 968 1746 983 1735 1009 1746 1011 1746 1012 1746 1014 1746 1060 1731 1153 1740 1155 1740 1157 1740 1159 1740 1177 1729 1288 1729 1301 1740 1301 1742 1303 1742 1305 1742 1307 1742 1309 1742 1336 1726 1336 1715 1334 1673 1312 1664 1310 1664 1309 1664 1307 1664 1305 1664 1292 1673 1279 1682 1224 1675 1204 1673 1202 1673 1201 1673 1190 1676 1164 1684 1155 1676 1142 1667 1140 1667 1138 1667 1137 1667 1135 1667 1133 1667 1133 1669 1124 1676 1117 1684 1096 1678 1076 1673 1074 1673 1073 1673 1032 1680 994 1686 979 1680 948 1667 947 1667 851 1662 850 1662 696 1687 691 1687 689 1687 669 1667 669 1665 667 1665 665 1665 663 1665 574 1676 533 1665 532 1665 530 1665 528 1665 471 1691 407 1682 405 1682 404 1682 371 1693 372 1726"/></Shape>
	    <String CONTENT="ببندد واز امر و نوای آن که فت ارکان شريعت بر"
                    HPOS="371"
                    VPOS="1662"
                    WIDTH="965"
                    HEIGHT="89"
                    WC="0.8878695501221551"></String>
          </TextLine>

          
          
          <TextLine ID="eSc_line_03b05765"
                    TAGREFS="LT4834"
                    BASELINE="358 1828 1343 1821" 
                    HPOS="356"
                    VPOS="1760"
                    WIDTH="987"
                    HEIGHT="94">
            <Shape><Polygon POINTS="358 1828 358 1846 402 1841 411 1846 416 1852 418 1852 420 1852 422 1852 424 1852 425 1852 431 1846 436 1841 449 1846 464 1852 466 1852 468 1854 588 1854 588 1852 590 1852 610 1844 627 1839 729 1839 771 1843 846 1850 848 1850 850 1850 866 1841 873 1837 881 1841 892 1846 894 1846 895 1846 932 1841 957 1837 972 1841 1000 1848 1001 1848 1003 1848 1005 1848 1007 1848 1007 1846 1014 1839 1018 1837 1064 1837 1069 1839 1091 1848 1093 1848 1095 1848 1171 1846 1173 1846 1175 1846 1188 1837 1192 1835 1215 1837 1290 1846 1292 1846 1294 1846 1296 1846 1307 1837 1309 1835 1340 1835 1343 1821 1338 1784 1279 1786 1274 1782 1259 1771 1257 1771 1255 1771 1254 1771 1252 1771 1250 1771 1234 1782 1226 1788 1188 1788 1182 1782 1162 1770 1160 1770 1159 1770 1157 1770 1155 1770 1153 1770 1138 1782 1133 1788 1084 1788 1076 1782 1062 1770 1060 1770 1058 1770 1056 1770 1011 1773 1009 1773 1007 1773 994 1782 987 1790 855 1790 844 1782 835 1779 833 1779 831 1779 811 1782 782 1790 775 1782 747 1760 745 1760 744 1760 605 1760 603 1760 601 1760 599 1760 590 1770 561 1762 559 1762 557 1762 555 1762 517 1782 502 1782 482 1782 460 1762 458 1762 457 1762 391 1762 389 1762 387 1762 385 1762 356 1777 358 1828"/></Shape>
	    <String CONTENT="فالون شريعيت به جای آورد و بعد از آنکه ارکان ظاهری را بجای"
                    HPOS="356"
                    VPOS="1760"
                    WIDTH="987"
                    HEIGHT="94"
                    WC="0.92884454925855"></String>
          </TextLine>

          
          
          <TextLine ID="eSc_line_ea719be4"
                    TAGREFS="LT4834"
                    BASELINE="345 1923 1343 1916" 
                    HPOS="343"
                    VPOS="1850"
                    WIDTH="1000"
                    HEIGHT="117">
            <Shape><Polygon POINTS="345 1923 345 1947 402 1947 404 1947 420 1963 420 1965 422 1965 424 1965 425 1967 577 1967 577 1965 579 1965 639 1947 650 1945 714 1945 720 1947 744 1963 745 1963 747 1963 749 1963 948 1950 972 1960 974 1960 976 1960 978 1960 1003 1949 1073 1961 1074 1961 1076 1961 1122 1947 1138 1941 1179 1941 1186 1947 1199 1956 1201 1956 1202 1956 1204 1956 1206 1956 1228 1947 1239 1941 1341 1945 1343 1916 1336 1855 1281 1881 1217 1881 1184 1866 1182 1866 1181 1866 1179 1866 1177 1866 1157 1881 1038 1881 1003 1855 998 1850 996 1850 994 1850 974 1850 972 1850 970 1850 968 1850 961 1855 943 1868 875 1857 873 1857 872 1857 870 1857 826 1885 784 1885 769 1872 769 1870 767 1870 766 1870 764 1870 762 1870 740 1883 702 1855 698 1852 696 1852 694 1852 674 1852 672 1852 670 1852 669 1852 665 1855 638 1877 608 1855 605 1852 603 1852 601 1852 599 1852 597 1852 596 1852 592 1855 559 1885 524 1875 522 1875 521 1875 519 1875 517 1875 504 1883 477 1855 475 1855 475 1854 473 1854 471 1854 371 1854 369 1854 367 1854 365 1854 363 1855 356 1863 343 1855 345 1923"/></Shape>
	    <String CONTENT="آورده باشد و خواهد که معنی آن را بداند که باطن است و بداش"
                    HPOS="343"
                    VPOS="1850"
                    WIDTH="1000"
                    HEIGHT="117"
                    WC="0.8511504485445508"></String>
          </TextLine>

          
        </TextBlock>
        
        <TextBlock HPOS="789"
                   VPOS="175"
                   WIDTH="159"
                   HEIGHT="71"
                   ID="eSc_textblock_26025600"
                   TAGREFS="BT16059">
          <Shape><Polygon POINTS="811 175 926 182 948 210 897 246 804 239 789 197 811 175"/></Shape>
          
          
          <TextLine ID="eSc_line_febe6e6d"
                    TAGREFS="LT4834"
                    BASELINE="824 221 890 217" 
                    HPOS="820"
                    VPOS="179"
                    WIDTH="70"
                    HEIGHT="67">
            <Shape><Polygon POINTS="824 221 826 246 890 244 890 217 884 179 820 189 824 221"/></Shape>
	    <String CONTENT=""
                    HPOS="820"
                    VPOS="179"
                    WIDTH="70"
                    HEIGHT="67"></String>
          </TextLine>

          
        </TextBlock>
        
        <TextBlock HPOS="270"
                   VPOS="1190"
                   WIDTH="57"
                   HEIGHT="64"
                   ID="eSc_textblock_b4818226"
                   TAGREFS="BT16062">
          <Shape><Polygon POINTS="285 1190 327 1198 319 1254 270 1240 285 1190"/></Shape>
          
          
          <TextLine ID="eSc_line_f79e2009"
                    TAGREFS="LT4834"
                    BASELINE="268 1233 325 1227" 
                    HPOS="266"
                    VPOS="1203"
                    WIDTH="59"
                    HEIGHT="42">
            <Shape><Polygon POINTS="321 1225 308 1203 276 1207 266 1227 268 1233 268 1245 325 1245 325 1227 321 1216 321 1225"/></Shape>
	    <String CONTENT=""
                    HPOS="266"
                    VPOS="1203"
                    WIDTH="59"
                    HEIGHT="42"></String>
          </TextLine>

          
        </TextBlock>
        
        <TextBlock HPOS="775"
                   VPOS="1972"
                   WIDTH="100"
                   HEIGHT="86"
                   ID="eSc_textblock_57dff6b1"
                   TAGREFS="BT16061">
          <Shape><Polygon POINTS="826 1972 875 2016 853 2058 775 2022 826 1972"/></Shape>
          
          
          <TextLine ID="eSc_line_b1afc33d"
                    TAGREFS="LT4834"
                    BASELINE="809 2027 857 2022" 
                    HPOS="804"
                    VPOS="1989"
                    WIDTH="55"
                    HEIGHT="66">
            <Shape><Polygon POINTS="842 1989 804 1998 809 2027 811 2055 859 2047 857 2022 851 1998 842 1989"/></Shape>
	    <String CONTENT=""
                    HPOS="804"
                    VPOS="1989"
                    WIDTH="55"
                    HEIGHT="66"></String>
          </TextLine>

          
        </TextBlock>
        

        
      </PrintSpace>
    </Page>
  </Layout>
</alto>
