<?xml version="1.0" encoding="UTF-8"?>
<alto xmlns:xsi="http://www.w3.org/2001/XMLSchema-instance"
      xmlns="http://www.loc.gov/standards/alto/ns-v4#"
      xsi:schemaLocation="http://www.loc.gov/standards/alto/ns-v4# http://www.loc.gov/standards/alto/v4/alto-4-2.xsd">
  <Description>
    <MeasurementUnit>pixel</MeasurementUnit>
    <sourceImageInformation>
      <fileName>TwoIsmailiTreatises025.jpg</fileName>
      
    </sourceImageInformation>
  </Description>
  
  <Tags>
    <OtherTag ID="BT16074" LABEL="MarginTextZone:commentary" DESCRIPTION="block type MarginTextZone:commentary"/><OtherTag ID="BT16073" LABEL="MarginTextZone:note#1" DESCRIPTION="block type MarginTextZone:note#1"/><OtherTag ID="BT16072" LABEL="MainZone:column#2" DESCRIPTION="block type MainZone:column#2"/><OtherTag ID="BT16071" LABEL="MainZone:column#3" DESCRIPTION="block type MainZone:column#3"/><OtherTag ID="BT16070" LABEL="GraphicZone:illustration" DESCRIPTION="block type GraphicZone:illustration"/><OtherTag ID="BT16069" LABEL="MainZone:column#1" DESCRIPTION="block type MainZone:column#1"/><OtherTag ID="BT16068" LABEL="MarginTextZone:note#2" DESCRIPTION="block type MarginTextZone:note#2"/><OtherTag ID="BT16067" LABEL="CustomZone:publication" DESCRIPTION="block type CustomZone:publication"/><OtherTag ID="BT16066" LABEL="RunningTitleZone" DESCRIPTION="block type RunningTitleZone"/><OtherTag ID="BT16065" LABEL="NumberingZone" DESCRIPTION="block type NumberingZone"/><OtherTag ID="BT16064" LABEL="default" DESCRIPTION="block type default"/><OtherTag ID="BT16063" LABEL="TitlePageZone" DESCRIPTION="block type TitlePageZone"/><OtherTag ID="BT16062" LABEL="NumberingZone:other" DESCRIPTION="block type NumberingZone:other"/><OtherTag ID="BT16061" LABEL="QuireMarksZone:catchwords" DESCRIPTION="block type QuireMarksZone:catchwords"/><OtherTag ID="BT16060" LABEL="MainZone" DESCRIPTION="block type MainZone"/><OtherTag ID="BT16059" LABEL="NumberingZone:page" DESCRIPTION="block type NumberingZone:page"/><OtherTag ID="BT16058" LABEL="MarginTextZone:note" DESCRIPTION="block type MarginTextZone:note"/><OtherTag ID="BT16057" LABEL="DigitizationArtefactZone" DESCRIPTION="block type DigitizationArtefactZone"/><OtherTag ID="BT4" LABEL="Illustration" DESCRIPTION="block type Illustration"/><OtherTag ID="BT3" LABEL="Commentary" DESCRIPTION="block type Commentary"/><OtherTag ID="BT2" LABEL="Main" DESCRIPTION="block type Main"/><OtherTag ID="BT1" LABEL="Title" DESCRIPTION="block type Title"/>
    <OtherTag ID="LT4834" LABEL="DefaultLine" DESCRIPTION="line type DefaultLine"/><OtherTag ID="LT4835" LABEL="HeadingLine:title" DESCRIPTION="line type HeadingLine:title"/>
  </Tags>
  
  <Layout>
    <Page WIDTH="1612"
          HEIGHT="2334"
          PHYSICAL_IMG_NR="21"
          ID="eSc_dummypage_">
      <PrintSpace HPOS="0"
                  VPOS="0"
                  WIDTH="1612"
                  HEIGHT="2334">
        
        <TextBlock HPOS="93"
                   VPOS="272"
                   WIDTH="1112"
                   HEIGHT="1795"
                   ID="eSc_textblock_2b01d366"
                   TAGREFS="BT16060">
          <Shape><Polygon POINTS="132 272 1189 287 1205 1834 1166 2067 147 2067 101 2044 93 490 132 272"/></Shape>
          
          
          <TextLine ID="eSc_line_06b52fe8"
                    TAGREFS="LT4834"
                    BASELINE="114 363 399 353 1158 350" 
                    HPOS="112"
                    VPOS="291"
                    WIDTH="1046"
                    HEIGHT="99">
            <Shape><Polygon POINTS="112 346 114 363 114 381 223 390 225 390 227 390 253 379 268 371 284 379 297 385 299 385 301 385 303 385 305 385 313 379 323 369 451 369 465 375 490 389 492 389 494 389 496 389 498 389 515 375 517 373 535 373 644 383 646 383 648 383 691 371 704 367 718 371 770 387 772 387 774 387 776 387 778 387 778 385 794 369 798 369 831 365 852 367 950 385 952 385 953 385 1020 365 1025 363 1029 365 1059 379 1061 379 1062 379 1156 361 1158 350 1156 317 1131 303 1129 303 1127 303 1096 307 1080 293 1080 291 1078 291 1076 291 1074 291 1072 291 1002 317 860 293 858 293 856 293 778 320 704 320 636 295 634 295 632 295 630 295 605 305 568 297 566 297 564 297 562 297 562 299 541 318 492 320 418 297 416 297 414 297 412 297 410 297 377 320 282 318 253 299 251 299 249 299 151 299 149 299 147 299 146 299 118 317 112 346"/></Shape>
	    <String CONTENT="و خود هر لقيه که حضرت مولانا از دور قيامت بر دل خلق"
                    HPOS="112"
                    VPOS="291"
                    WIDTH="1046"
                    HEIGHT="99"
                    WC="0.94619040629443"></String>
          </TextLine>

          
          
          <TextLine ID="eSc_line_6bed720f"
                    TAGREFS="LT4834"
                    BASELINE="109 466 508 457 1152 457" 
                    HPOS="107"
                    VPOS="390"
                    WIDTH="1045"
                    HEIGHT="104">
            <Shape><Polygon POINTS="109 466 109 490 175 492 177 492 179 492 181 492 181 490 183 490 200 474 321 474 334 486 342 492 342 494 344 494 346 494 348 494 350 494 352 494 352 492 360 486 367 478 389 484 391 484 393 484 395 484 397 484 412 472 473 484 478 484 480 484 486 484 533 472 545 482 556 492 558 492 560 492 562 492 564 492 589 482 607 474 617 482 632 492 634 492 636 492 638 494 679 494 679 492 681 492 708 480 724 472 739 478 765 490 767 490 769 492 821 492 821 490 823 490 825 490 825 488 837 478 870 490 872 490 874 490 985 486 987 486 1024 474 1039 468 1059 472 1107 484 1109 484 1111 484 1152 470 1152 457 1150 420 1055 420 1027 392 1027 390 1025 390 1024 390 977 390 975 390 973 390 971 390 946 412 901 396 899 396 897 396 895 396 850 420 825 396 823 396 821 396 819 396 817 396 778 418 747 402 745 402 743 402 741 402 739 402 739 404 722 422 685 422 677 424 652 424 601 424 576 400 574 400 572 400 570 400 568 400 566 400 547 416 508 394 506 394 504 394 502 394 447 420 389 406 387 406 385 406 383 406 364 420 334 396 332 396 330 396 200 396 198 396 196 396 107 425 109 466"/></Shape>
	    <String CONTENT="نهاده بود کدام خلق را زهره و يارای آن باشد که مهر الهی"
                    HPOS="107"
                    VPOS="390"
                    WIDTH="1045"
                    HEIGHT="104"
                    WC="0.8908518541942944"></String>
          </TextLine>

          
          
          <TextLine ID="eSc_line_fa5e7634"
                    TAGREFS="LT4834"
                    BASELINE="116 564 1146 556" 
                    HPOS="114"
                    VPOS="486"
                    WIDTH="1032"
                    HEIGHT="116">
            <Shape><Polygon POINTS="116 564 116 579 175 579 177 579 231 602 233 602 235 602 237 602 239 602 272 581 292 599 293 599 295 599 297 599 299 599 338 581 366 602 367 602 369 602 371 602 373 602 418 579 441 595 443 595 445 595 447 595 449 595 510 577 545 601 547 601 549 601 550 602 591 602 591 601 593 601 650 575 652 575 654 575 677 591 679 591 681 591 683 591 685 591 726 579 759 599 761 599 763 599 765 601 887 601 887 599 959 597 961 597 963 597 963 595 979 581 1041 587 1043 587 1045 587 1047 587 1066 573 1144 571 1146 556 1136 495 1127 505 1111 497 1088 486 1086 486 1084 486 1082 486 1055 499 1035 509 1025 499 1010 486 1008 486 1006 486 971 486 969 486 967 486 965 486 965 488 948 503 928 521 862 513 860 513 747 523 732 511 732 509 730 509 728 509 726 509 724 509 722 509 689 523 669 511 632 488 630 488 628 488 626 488 624 488 550 515 523 527 441 527 432 519 395 490 393 490 391 490 389 490 309 501 299 494 299 492 297 492 295 492 229 492 227 492 202 495 200 495 198 495 198 497 169 527 114 529 116 564"/></Shape>
	    <String CONTENT="بشكند و حكم شريعت بردارد و اگر سز خواهد كه چنين كندت"
                    HPOS="114"
                    VPOS="486"
                    WIDTH="1032"
                    HEIGHT="116"
                    WC="0.925776023704272"></String>
          </TextLine>

          
          
          <TextLine ID="eSc_line_2acee0e0"
                    TAGREFS="LT4834"
                    BASELINE="116 669 1162 669" 
                    HPOS="116"
                    VPOS="604"
                    WIDTH="1046"
                    HEIGHT="102">
            <Shape><Polygon POINTS="116 669 116 684 198 698 200 698 202 698 235 686 256 704 258 704 260 704 262 706 317 706 317 704 319 704 321 704 321 702 338 686 420 686 443 704 445 704 447 704 449 704 451 704 498 692 525 704 527 704 529 704 531 704 558 688 572 702 572 704 574 704 576 704 578 706 652 706 652 704 654 704 656 704 656 702 671 688 695 704 696 704 698 704 700 704 702 704 735 686 862 702 864 702 948 690 967 704 969 704 971 704 973 704 1051 686 1086 704 1088 704 1090 704 1092 704 1162 684 1162 669 1162 626 1115 608 1113 608 1111 608 1109 608 1107 608 1084 628 1078 634 1016 634 1008 628 959 604 957 604 955 604 953 604 952 604 920 628 916 632 913 628 868 604 866 604 864 604 862 604 811 630 800 618 800 616 798 616 796 616 735 608 733 608 732 608 730 608 698 630 695 634 646 634 644 630 619 606 619 604 617 604 615 604 580 604 578 604 576 604 574 604 541 626 482 620 480 620 478 620 453 632 451 632 439 622 438 622 436 622 434 622 432 622 412 628 385 604 383 604 381 604 301 604 299 604 297 604 256 628 116 632 116 669"/></Shape>
	    <String CONTENT="انديشيدن که خودکار از پيش قرآن بردارند مشکل است الا"
                    HPOS="116"
                    VPOS="604"
                    WIDTH="1046"
                    HEIGHT="102"
                    WC="0.8814997718884394"></String>
          </TextLine>

          
          
          <TextLine ID="eSc_line_5cb62650"
                    TAGREFS="LT4834"
                    BASELINE="124 776 1160 776" 
                    HPOS="124"
                    VPOS="711"
                    WIDTH="1036"
                    HEIGHT="98">
            <Shape><Polygon POINTS="124 776 124 793 163 801 165 801 167 801 183 793 190 789 200 793 231 807 233 807 235 809 334 809 334 807 336 807 364 791 373 787 389 791 428 803 430 803 432 803 434 803 459 791 467 787 523 787 529 791 549 805 550 805 552 805 554 805 556 805 595 793 665 807 667 807 669 807 671 807 695 789 698 787 821 787 829 787 918 807 920 807 922 807 998 787 1131 803 1133 803 1135 803 1136 803 1160 787 1160 776 1156 711 1105 737 1057 713 1053 713 1051 713 1049 713 1004 715 1002 715 1000 715 1000 717 973 742 903 742 858 725 856 725 854 725 852 725 798 741 772 723 757 711 755 711 753 711 751 711 749 711 747 711 732 723 706 742 622 742 607 727 605 727 605 725 603 725 601 725 599 725 597 725 595 725 595 727 593 727 578 741 545 731 543 731 541 731 539 731 502 741 486 731 484 731 482 731 480 731 467 731 439 735 438 733 416 713 416 711 414 711 412 711 231 711 229 711 227 711 124 741 124 776"/></Shape>
	    <String CONTENT="که مولانا عز و علا نبايد و بردارد بيامد و حكم تقيه كه خود"
                    HPOS="124"
                    VPOS="711"
                    WIDTH="1036"
                    HEIGHT="98"
                    WC="0.9269497614157828"></String>
          </TextLine>

          
          
          <TextLine ID="eSc_line_f0728afb"
                    TAGREFS="LT4834"
                    BASELINE="114 881 1162 877" 
                    HPOS="112"
                    VPOS="813"
                    WIDTH="1050"
                    HEIGHT="99">
            <Shape><Polygon POINTS="114 881 114 912 153 910 155 910 157 910 177 892 233 908 235 908 237 908 239 908 241 908 241 906 258 892 367 892 412 906 434 912 436 912 438 912 439 912 441 912 449 904 459 898 549 902 613 904 615 904 617 904 626 900 646 890 669 890 679 898 685 904 685 906 687 906 689 906 691 906 739 896 774 890 784 896 806 910 807 910 809 910 811 912 957 912 957 910 959 910 1008 896 1043 910 1045 910 1047 910 1049 910 1051 910 1074 890 1121 910 1123 910 1125 910 1127 910 1129 910 1162 888 1162 877 1154 813 1098 842 1031 842 1008 816 1004 814 1004 813 1002 813 1000 813 998 813 866 814 864 814 862 814 852 822 833 836 819 822 809 814 809 813 807 813 806 813 774 813 772 813 770 813 769 813 755 824 737 840 696 840 679 828 675 824 673 824 671 824 669 824 667 824 656 828 626 840 595 830 587 828 586 828 584 828 582 828 580 828 580 830 578 830 566 844 391 844 385 838 364 816 364 814 362 814 360 814 358 814 356 814 266 838 243 816 243 814 241 814 239 814 202 814 200 814 198 814 196 814 196 816 177 832 149 824 147 824 146 824 144 824 142 824 112 840 114 881"/></Shape>
	    <String CONTENT="کرده بود و حکم شريعت که خود بنهاده بود برداشت و نهم"
                    HPOS="112"
                    VPOS="813"
                    WIDTH="1050"
                    HEIGHT="99"
                    WC="0.8744214182975245"></String>
          </TextLine>

          
          
          <TextLine ID="eSc_line_ea104d99"
                    TAGREFS="LT4834"
                    BASELINE="118 988 1162 984" 
                    HPOS="116"
                    VPOS="916"
                    WIDTH="1046"
                    HEIGHT="109">
            <Shape><Polygon POINTS="118 988 118 999 241 1023 243 1023 325 1013 346 1023 348 1023 350 1023 352 1023 354 1023 377 1007 512 1015 513 1015 515 1015 517 1015 531 1005 549 1021 549 1023 550 1023 552 1023 554 1025 609 1025 609 1023 611 1023 667 1001 763 1021 765 1021 767 1021 769 1021 769 1019 790 1001 800 1009 802 1009 804 1009 806 1009 864 999 909 1021 911 1021 913 1021 915 1021 981 999 1018 999 1029 1009 1029 1011 1031 1011 1033 1011 1035 1011 1162 997 1162 984 1154 937 1127 945 1117 937 1105 927 1105 925 1103 925 1101 925 1099 925 1098 925 1096 925 1080 937 1070 945 1049 937 1029 931 1027 931 1025 931 1024 931 1000 939 977 947 897 947 891 939 864 918 864 916 862 916 860 916 835 916 833 916 831 916 829 916 829 918 806 939 776 916 774 916 772 916 693 916 691 916 689 916 687 916 654 943 650 947 580 947 576 945 554 923 554 921 552 921 550 921 549 921 547 921 545 921 513 943 486 918 484 918 482 918 434 918 432 918 430 918 379 947 336 918 334 918 332 918 330 918 245 923 243 923 241 923 225 937 188 918 186 918 184 918 183 918 116 947 118 988"/></Shape>
	    <String CONTENT="خداوند منفر مايد که من گفته بودم و عهد کرده بودم ک بسطوت"
                    HPOS="116"
                    VPOS="916"
                    WIDTH="1046"
                    HEIGHT="109"
                    WC="0.909921410892691"></String>
          </TextLine>

          
          
          <TextLine ID="eSc_line_27a0739e"
                    TAGREFS="LT4834"
                    BASELINE="334 1093 1156 1096" 
                    HPOS="332"
                    VPOS="1028"
                    WIDTH="824"
                    HEIGHT="103">
            <Shape><Polygon POINTS="334 1093 332 1120 369 1130 371 1130 373 1130 375 1130 375 1128 383 1122 387 1118 403 1122 416 1124 418 1124 428 1122 476 1110 529 1124 554 1130 556 1130 558 1130 560 1130 580 1124 597 1120 626 1126 658 1130 659 1130 661 1130 663 1130 663 1128 667 1126 685 1110 732 1110 782 1128 796 1131 798 1131 800 1131 802 1131 804 1131 809 1128 831 1114 878 1128 889 1131 891 1131 893 1131 895 1131 897 1131 897 1130 899 1130 913 1114 969 1112 1004 1130 1008 1131 1010 1131 1012 1131 1014 1131 1018 1130 1072 1114 1152 1131 1156 1096 1152 1048 1115 1052 1107 1048 1080 1030 1078 1030 1076 1030 1074 1030 1072 1030 1033 1048 1020 1054 1008 1048 975 1030 973 1030 971 1030 969 1030 967 1030 946 1048 938 1054 922 1048 874 1030 872 1030 870 1030 868 1030 866 1030 839 1048 829 1056 794 1056 788 1048 770 1032 770 1030 769 1030 767 1030 739 1028 737 1028 735 1028 695 1050 691 1052 613 1052 609 1050 593 1036 593 1034 591 1034 589 1034 587 1034 586 1034 584 1034 564 1050 560 1054 519 1054 517 1050 496 1030 496 1028 494 1028 492 1028 438 1028 436 1028 434 1028 432 1028 404 1050 401 1052 334 1052 334 1093"/></Shape>
	    <String CONTENT="پرده قيه از روی کار برداشتم و بعهد وفا کردم"
                    HPOS="332"
                    VPOS="1028"
                    WIDTH="824"
                    HEIGHT="103"
                    WC="0.9203928424868473"></String>
          </TextLine>

          
          
          <TextLine ID="eSc_line_7204c9f0"
                    TAGREFS="LT4834"
                    BASELINE="120 1202 1012 1190" 
                    HPOS="118"
                    VPOS="1130"
                    WIDTH="894"
                    HEIGHT="107">
            <Shape><Polygon POINTS="120 1202 120 1237 155 1237 155 1235 157 1235 159 1235 159 1233 181 1211 282 1211 305 1227 307 1227 309 1227 311 1227 313 1227 315 1227 334 1211 354 1227 362 1233 364 1233 366 1233 367 1235 399 1235 399 1233 401 1233 403 1233 403 1231 408 1225 424 1209 469 1219 471 1219 517 1211 535 1221 556 1231 558 1231 560 1231 562 1231 593 1217 617 1207 626 1217 638 1227 638 1229 640 1229 642 1229 644 1231 695 1231 695 1229 696 1229 724 1213 739 1227 741 1227 743 1227 745 1229 802 1229 802 1227 804 1227 806 1227 825 1209 829 1205 837 1209 868 1223 870 1223 872 1223 874 1223 876 1223 897 1207 901 1203 913 1205 948 1215 950 1215 952 1215 1012 1202 1012 1190 1006 1149 979 1149 977 1149 955 1130 953 1130 952 1130 860 1130 858 1130 720 1151 706 1153 689 1153 667 1151 654 1137 654 1135 652 1135 650 1135 648 1135 646 1135 644 1135 628 1149 547 1155 525 1155 523 1155 496 1135 494 1135 492 1135 490 1135 488 1135 486 1135 486 1137 465 1155 465 1157 443 1157 443 1155 418 1135 416 1135 414 1135 412 1135 323 1137 321 1137 319 1137 319 1139 305 1151 268 1137 266 1137 264 1137 262 1137 260 1137 229 1159 227 1159 181 1139 179 1139 177 1139 175 1139 173 1139 146 1159 144 1161 118 1161 120 1202"/></Shape>
	    <String CONTENT="ه در آخر فصل قاضی مسعود خداوند علی ذکره الشلام"
                    HPOS="118"
                    VPOS="1130"
                    WIDTH="894"
                    HEIGHT="107"
                    WC="0.9135338334327049"></String>
          </TextLine>

          
          
          <TextLine ID="eSc_line_fcf7aaa7"
                    TAGREFS="LT4834"
                    BASELINE="114 1295 1170 1299" 
                    HPOS="112"
                    VPOS="1238"
                    WIDTH="1058"
                    HEIGHT="92">
            <Shape><Polygon POINTS="114 1295 112 1316 151 1328 153 1328 155 1328 157 1328 181 1316 188 1312 192 1316 198 1322 200 1322 202 1322 204 1322 206 1322 229 1316 239 1314 241 1316 256 1328 258 1328 260 1328 262 1328 264 1328 286 1316 295 1312 364 1312 375 1316 404 1328 406 1328 408 1328 410 1328 449 1316 455 1314 455 1316 469 1326 469 1328 471 1328 473 1328 475 1330 512 1330 512 1328 513 1328 515 1328 533 1316 535 1314 539 1316 578 1328 580 1328 700 1330 702 1330 778 1316 868 1330 870 1330 872 1330 874 1330 889 1318 934 1326 936 1326 938 1326 940 1326 952 1314 998 1330 1000 1330 1002 1330 1004 1330 1006 1330 1006 1328 1022 1314 1076 1326 1078 1326 1168 1312 1170 1299 1170 1262 895 1240 893 1240 891 1240 889 1240 860 1260 858 1262 815 1262 813 1260 796 1244 796 1242 794 1242 792 1242 790 1242 788 1242 751 1260 749 1262 681 1262 677 1260 617 1238 615 1238 613 1238 531 1242 529 1242 527 1242 510 1256 371 1238 369 1238 367 1238 332 1258 329 1260 247 1260 241 1258 171 1238 169 1238 167 1238 165 1238 163 1238 163 1240 146 1258 144 1258 114 1258 114 1295"/></Shape>
	    <String CONTENT="خدود دينرا بر میشيارد و میفربايد که من فلان نستم در جواب"
                    HPOS="112"
                    VPOS="1238"
                    WIDTH="1058"
                    HEIGHT="92"
                    WC="0.8577484924878392"></String>
          </TextLine>

          
          
          <TextLine ID="eSc_line_bd7637ce"
                    TAGREFS="LT4834"
                    BASELINE="126 1408 1154 1402" 
                    HPOS="124"
                    VPOS="1332"
                    WIDTH="1030"
                    HEIGHT="105">
            <Shape><Polygon POINTS="126 1408 126 1423 214 1437 216 1437 218 1437 219 1437 219 1435 231 1423 251 1433 253 1433 255 1433 256 1433 258 1433 268 1425 276 1433 278 1433 280 1433 282 1433 284 1433 286 1433 299 1423 301 1423 381 1423 432 1423 463 1437 465 1437 467 1437 469 1437 515 1425 525 1435 527 1435 529 1435 531 1437 605 1437 605 1435 607 1435 609 1435 626 1421 702 1435 704 1435 844 1433 846 1433 848 1433 866 1419 918 1419 932 1431 932 1433 934 1433 936 1433 938 1433 1004 1419 1045 1433 1047 1433 1049 1435 1133 1435 1133 1433 1135 1433 1136 1433 1154 1417 1154 1402 1146 1332 1092 1349 1076 1334 1074 1334 1074 1332 1072 1332 1070 1332 989 1332 987 1332 985 1332 965 1338 893 1361 837 1345 835 1345 833 1345 831 1345 829 1345 811 1361 792 1347 790 1347 788 1347 786 1347 784 1347 722 1363 704 1347 702 1347 700 1347 698 1347 696 1347 695 1347 658 1361 646 1349 636 1342 636 1340 634 1340 632 1340 630 1340 628 1340 626 1340 615 1349 599 1365 574 1365 550 1353 531 1343 529 1343 527 1343 475 1355 457 1359 451 1355 420 1340 418 1340 416 1340 414 1340 393 1347 354 1336 352 1336 350 1336 348 1336 346 1336 346 1338 321 1361 317 1367 264 1367 258 1363 219 1338 218 1338 216 1338 214 1338 212 1338 210 1338 210 1340 183 1365 183 1367 124 1367 126 1408"/></Shape>
	    <String CONTENT="مى گويند اگر بيغيرى معجزه به نماى میفرمايد خدا مگنادو نه کرده"
                    HPOS="124"
                    VPOS="1332"
                    WIDTH="1030"
                    HEIGHT="105"
                    WC="0.9176599246556641"></String>
          </TextLine>

          
          
          <TextLine ID="eSc_line_011b6995"
                    TAGREFS="LT4834"
                    BASELINE="126 1513 1166 1505" 
                    HPOS="124"
                    VPOS="1433"
                    WIDTH="1042"
                    HEIGHT="105">
            <Shape><Polygon POINTS="126 1513 126 1524 290 1536 292 1536 293 1536 317 1524 352 1538 354 1538 356 1538 358 1538 360 1538 360 1536 373 1524 373 1522 436 1522 439 1522 475 1536 476 1536 478 1536 480 1536 504 1522 517 1534 517 1536 519 1536 521 1536 523 1538 630 1538 630 1536 632 1536 634 1536 652 1520 654 1520 673 1520 874 1534 876 1534 878 1534 879 1534 903 1519 920 1532 922 1532 924 1532 926 1532 928 1532 971 1522 1101 1532 1103 1532 1164 1517 1166 1505 1156 1433 1131 1456 1082 1464 1020 1464 996 1441 996 1439 994 1439 992 1439 990 1439 989 1439 985 1441 946 1462 876 1447 874 1447 827 1450 825 1450 823 1450 823 1452 809 1466 749 1466 733 1449 720 1437 720 1435 718 1435 716 1435 644 1435 642 1435 640 1435 638 1435 626 1445 498 1437 496 1437 494 1437 492 1437 461 1458 449 1468 401 1468 395 1462 371 1441 371 1439 369 1439 367 1439 315 1439 313 1439 311 1439 309 1439 276 1464 258 1466 243 1468 239 1468 192 1449 190 1449 188 1449 186 1449 124 1470 126 1513"/></Shape>
	    <String CONTENT="كه سلب عذاب خلق نيشود باز گفتند اگر حجت خدانى حجت به ماى"
                    HPOS="124"
                    VPOS="1433"
                    WIDTH="1042"
                    HEIGHT="105"
                    WC="0.9066978107605662"></String>
          </TextLine>

          
          
          <TextLine ID="eSc_line_92ef4dda"
                    TAGREFS="LT4834"
                    BASELINE="120 1614 1168 1610" 
                    HPOS="118"
                    VPOS="1546"
                    WIDTH="1050"
                    HEIGHT="101">
            <Shape><Polygon POINTS="120 1614 120 1624 163 1645 165 1645 167 1645 169 1645 171 1645 184 1633 200 1645 202 1645 204 1645 206 1645 311 1643 313 1643 315 1643 336 1627 387 1645 389 1645 391 1647 426 1647 426 1645 428 1645 430 1645 455 1627 478 1645 480 1645 482 1645 484 1645 531 1641 533 1641 535 1641 556 1624 611 1635 613 1635 681 1622 683 1622 685 1622 735 1639 737 1639 739 1639 741 1639 772 1626 821 1633 823 1633 878 1622 879 1622 953 1635 955 1635 957 1635 959 1635 977 1622 1018 1622 1119 1643 1121 1643 1123 1643 1168 1620 1168 1610 1160 1546 1084 1571 1045 1571 1024 1550 1022 1548 1022 1546 1020 1546 1018 1546 985 1546 983 1546 981 1546 979 1546 979 1548 975 1550 957 1567 858 1557 856 1557 854 1557 852 1557 842 1565 829 1554 819 1546 817 1546 815 1546 749 1546 747 1546 745 1546 743 1546 743 1548 732 1557 720 1569 698 1557 693 1556 691 1556 613 1556 611 1556 609 1556 597 1561 586 1567 578 1561 564 1552 562 1552 560 1552 558 1552 556 1552 521 1561 486 1548 484 1548 482 1548 480 1548 478 1548 478 1550 463 1565 461 1565 455 1565 430 1561 428 1561 426 1561 424 1561 424 1563 420 1565 414 1573 369 1573 362 1567 342 1552 340 1552 338 1552 336 1552 256 1571 251 1571 249 1571 221 1552 219 1552 218 1552 216 1552 214 1552 175 1573 118 1573 120 1614"/></Shape>
	    <String CONTENT="گويند خدا م گناد و خود نه کرده است من حجت خدا باشم و سب"
                    HPOS="118"
                    VPOS="1546"
                    WIDTH="1050"
                    HEIGHT="101"
                    WC="0.9040071249008179"></String>
          </TextLine>

          
          
          <TextLine ID="eSc_line_058565a3"
                    TAGREFS="LT4834"
                    BASELINE="128 1723 1166 1709" 
                    HPOS="126"
                    VPOS="1643"
                    WIDTH="1040"
                    HEIGHT="111">
            <Shape><Polygon POINTS="128 1723 128 1754 243 1742 266 1750 268 1750 270 1750 272 1750 274 1750 332 1731 391 1742 393 1742 480 1729 525 1740 529 1742 531 1742 533 1742 595 1738 809 1725 819 1731 833 1742 835 1742 837 1742 839 1742 916 1729 944 1723 950 1727 971 1744 973 1744 975 1744 977 1744 979 1744 1033 1725 1109 1742 1111 1742 1113 1742 1166 1719 1166 1709 1160 1666 1119 1666 1117 1666 1094 1645 1094 1643 1092 1643 1090 1643 1088 1643 1086 1643 1055 1657 1029 1643 1027 1643 1025 1643 963 1645 961 1645 959 1645 924 1668 903 1651 901 1651 899 1651 897 1651 872 1653 870 1653 868 1653 846 1670 844 1672 772 1672 747 1672 716 1651 714 1651 712 1651 710 1651 708 1651 669 1672 667 1674 644 1674 615 1674 554 1651 552 1651 453 1651 451 1651 449 1651 447 1651 432 1662 403 1659 401 1659 399 1659 397 1659 397 1661 379 1678 350 1678 311 1657 309 1657 245 1657 243 1657 241 1657 239 1657 212 1674 126 1680 128 1723"/></Shape>
	    <String CONTENT="عدم خلق در جمله خدود می شمارد که فلان و فلان يستم"
                    HPOS="126"
                    VPOS="1643"
                    WIDTH="1040"
                    HEIGHT="111"
                    WC="0.9279697549586393"></String>
          </TextLine>

          
          
          <TextLine ID="eSc_line_9ad0a178"
                    TAGREFS="LT4834"
                    BASELINE="122 1828 1168 1816" 
                    HPOS="120"
                    VPOS="1744"
                    WIDTH="1048"
                    HEIGHT="111">
            <Shape><Polygon POINTS="122 1828 122 1851 303 1836 424 1847 426 1847 517 1834 535 1847 541 1853 543 1853 545 1853 547 1855 611 1855 611 1853 613 1853 626 1845 652 1832 675 1845 681 1847 683 1847 685 1847 704 1843 730 1839 749 1843 778 1851 780 1851 782 1851 878 1849 879 1849 897 1841 918 1830 938 1839 955 1849 957 1849 959 1849 1012 1847 1014 1847 1016 1847 1016 1845 1024 1839 1029 1834 1041 1839 1066 1847 1068 1847 1070 1847 1072 1847 1074 1847 1074 1845 1082 1838 1094 1828 1166 1836 1168 1816 1166 1769 1131 1754 1129 1754 1127 1754 1125 1754 1123 1754 1111 1764 1074 1744 1072 1744 1029 1744 1027 1744 1025 1744 1024 1744 1024 1746 1012 1756 872 1746 870 1746 813 1748 811 1748 809 1748 784 1769 757 1764 755 1764 753 1764 751 1764 737 1773 659 1766 658 1766 605 1775 603 1775 584 1758 582 1758 580 1758 578 1758 576 1758 574 1758 549 1775 467 1768 465 1768 463 1768 426 1777 410 1766 410 1764 408 1764 406 1764 404 1764 403 1764 401 1764 383 1777 366 1762 364 1762 362 1762 360 1762 358 1762 340 1768 295 1752 293 1752 292 1752 290 1752 288 1752 255 1779 218 1754 216 1754 214 1754 179 1754 177 1754 175 1754 120 1777 122 1828"/></Shape>
	    <String CONTENT="دنه می گويد که قايم القيامة و خداوند جمله موجودات و کاننات"
                    HPOS="120"
                    VPOS="1744"
                    WIDTH="1048"
                    HEIGHT="111"
                    WC="0.8754768880276844"></String>
          </TextLine>

          
          
          <TextLine ID="eSc_line_fb169aab"
                    TAGREFS="LT4834"
                    BASELINE="130 1929 1014 1933" 
                    HPOS="128"
                    VPOS="1859"
                    WIDTH="886"
                    HEIGHT="105">
            <Shape><Polygon POINTS="130 1929 128 1941 171 1960 173 1960 175 1960 177 1960 214 1943 249 1943 266 1958 266 1960 268 1960 270 1960 272 1960 274 1960 346 1943 387 1943 406 1958 406 1960 408 1960 410 1960 412 1960 675 1945 681 1945 698 1960 698 1962 700 1962 702 1962 704 1962 706 1962 739 1948 757 1962 759 1962 761 1962 763 1964 876 1964 876 1962 878 1962 879 1962 879 1960 889 1952 953 1962 955 1962 957 1962 959 1962 977 1946 981 1945 1010 1946 1014 1933 1014 1876 994 1861 992 1861 990 1861 915 1861 913 1861 911 1861 858 1878 848 1880 831 1878 759 1867 757 1867 755 1867 753 1867 741 1878 733 1884 673 1884 661 1876 650 1869 648 1869 646 1869 644 1869 642 1869 640 1869 628 1876 619 1882 566 1876 529 1873 527 1873 525 1873 523 1873 519 1876 513 1880 510 1876 496 1865 494 1865 492 1865 490 1865 488 1865 469 1874 438 1859 436 1859 395 1859 393 1859 391 1859 389 1859 371 1874 364 1880 297 1878 293 1874 276 1859 274 1859 272 1859 270 1859 268 1859 266 1859 243 1874 237 1878 231 1874 210 1863 208 1863 206 1863 130 1873 130 1929"/></Shape>
	    <String CONTENT="ديگر نصل با مير حيدر مسعود میفرمايد که حديث فرزند"
                    HPOS="128"
                    VPOS="1859"
                    WIDTH="886"
                    HEIGHT="105"
                    WC="0.8795385050530337"></String>
          </TextLine>

          
          
          <TextLine ID="eSc_line_3e4fdd78"
                    TAGREFS="LT4834"
                    BASELINE="126 2044 1170 2034" 
                    HPOS="124"
                    VPOS="1964"
                    WIDTH="1046"
                    HEIGHT="124">
            <Shape><Polygon POINTS="1164 1970 1154 1964 1152 1964 1150 1964 1148 1964 1123 1972 1092 1983 1035 1974 967 1964 965 1964 963 1964 961 1964 948 1976 936 1987 798 1987 786 1980 765 1966 763 1966 761 1966 759 1966 665 1968 663 1968 661 1968 661 1970 648 1981 634 1972 632 1972 630 1972 628 1972 626 1972 624 1972 611 1983 607 1985 593 1983 564 1978 562 1978 560 1978 539 1983 523 1989 517 1985 504 1972 504 1970 502 1970 500 1970 424 1970 422 1970 420 1970 418 1970 397 1987 393 1989 381 1987 330 1976 329 1976 327 1976 286 1989 276 1991 262 1989 194 1978 192 1978 190 1978 188 1978 175 1991 124 1991 126 2044 126 2075 161 2088 163 2088 165 2088 167 2088 202 2079 223 2086 225 2086 227 2086 229 2086 231 2086 231 2085 243 2075 245 2073 251 2075 286 2088 288 2088 290 2088 391 2086 393 2086 438 2075 478 2063 500 2075 517 2083 519 2083 521 2083 523 2083 545 2075 582 2057 749 2057 778 2071 780 2071 782 2071 784 2071 813 2059 833 2073 835 2075 837 2075 839 2075 841 2075 854 2073 901 2063 936 2073 938 2073 940 2073 942 2073 944 2073 946 2073 967 2059 989 2073 1000 2081 1002 2081 1004 2081 1006 2081 1168 2071 1170 2034 1168 2018 1164 1970"/></Shape>
	    <String CONTENT="وهمين نصور میبايد داشت که او قانم مقام و قاصی دين من"
                    HPOS="124"
                    VPOS="1964"
                    WIDTH="1046"
                    HEIGHT="124"
                    WC="0.8923517270730092"></String>
          </TextLine>

          
        </TextBlock>
        
        <TextBlock HPOS="576"
                   VPOS="155"
                   WIDTH="146"
                   HEIGHT="107"
                   ID="eSc_textblock_cedebc19"
                   TAGREFS="BT16059">
          <Shape><Polygon POINTS="622 155 722 186 683 254 599 262 576 239 576 194 622 155"/></Shape>
          
          
          <TextLine ID="eSc_line_ff4b0dd6"
                    TAGREFS="LT4834"
                    BASELINE="609 217 677 213" 
                    HPOS="605"
                    VPOS="171"
                    WIDTH="72"
                    HEIGHT="68">
            <Shape><Polygon POINTS="609 217 609 239 677 239 677 213 671 171 605 178 609 217"/></Shape>
	    <String CONTENT=""
                    HPOS="605"
                    VPOS="171"
                    WIDTH="72"
                    HEIGHT="68"></String>
          </TextLine>

          
        </TextBlock>
        
        <TextBlock HPOS="1222"
                   VPOS="1205"
                   WIDTH="84"
                   HEIGHT="115"
                   ID="eSc_textblock_d872eb55"
                   TAGREFS="BT16062">
          <Shape><Polygon POINTS="1253 1205 1306 1229 1290 1320 1222 1312 1222 1229 1253 1205"/></Shape>
          
          
          <TextLine ID="eSc_line_0ac2a348"
                    TAGREFS="LT4834"
                    BASELINE="1228 1293 1267 1275" 
                    HPOS="1222"
                    VPOS="1225"
                    WIDTH="59"
                    HEIGHT="101">
            <Shape><Polygon POINTS="1222 1279 1228 1293 1244 1326 1281 1308 1267 1275 1238 1225 1222 1244 1222 1279"/></Shape>
	    <String CONTENT=""
                    HPOS="1222"
                    VPOS="1225"
                    WIDTH="59"
                    HEIGHT="101"></String>
          </TextLine>

          
        </TextBlock>
        
        <TextBlock HPOS="638"
                   VPOS="2116"
                   WIDTH="29"
                   HEIGHT="37"
                   ID="eSc_textblock_5ac6633d"
                   TAGREFS="BT16061">
          <Shape><Polygon POINTS="648 2116 667 2123 659 2153 638 2137 648 2116"/></Shape>
          
        </TextBlock>
        
        <TextBlock HPOS="1245"
                   VPOS="1268"
                   WIDTH="6"
                   HEIGHT="13"
                   ID="eSc_textblock_0fc4c15a"
                   TAGREFS="BT16061">
          <Shape><Polygon POINTS="1247 1268 1251 1268 1251 1281 1245 1281 1247 1268"/></Shape>
          
        </TextBlock>
        

        
      </PrintSpace>
    </Page>
  </Layout>
</alto>
