<?xml version="1.0" encoding="UTF-8"?>
<alto xmlns:xsi="http://www.w3.org/2001/XMLSchema-instance"
      xmlns="http://www.loc.gov/standards/alto/ns-v4#"
      xsi:schemaLocation="http://www.loc.gov/standards/alto/ns-v4# http://www.loc.gov/standards/alto/v4/alto-4-2.xsd">
  <Description>
    <MeasurementUnit>pixel</MeasurementUnit>
    <sourceImageInformation>
      <fileName>TwoIsmailiTreatises044.jpg</fileName>
      
    </sourceImageInformation>
  </Description>
  
  <Tags>
    <OtherTag ID="BT16074" LABEL="MarginTextZone:commentary" DESCRIPTION="block type MarginTextZone:commentary"/><OtherTag ID="BT16073" LABEL="MarginTextZone:note#1" DESCRIPTION="block type MarginTextZone:note#1"/><OtherTag ID="BT16072" LABEL="MainZone:column#2" DESCRIPTION="block type MainZone:column#2"/><OtherTag ID="BT16071" LABEL="MainZone:column#3" DESCRIPTION="block type MainZone:column#3"/><OtherTag ID="BT16070" LABEL="GraphicZone:illustration" DESCRIPTION="block type GraphicZone:illustration"/><OtherTag ID="BT16069" LABEL="MainZone:column#1" DESCRIPTION="block type MainZone:column#1"/><OtherTag ID="BT16068" LABEL="MarginTextZone:note#2" DESCRIPTION="block type MarginTextZone:note#2"/><OtherTag ID="BT16067" LABEL="CustomZone:publication" DESCRIPTION="block type CustomZone:publication"/><OtherTag ID="BT16066" LABEL="RunningTitleZone" DESCRIPTION="block type RunningTitleZone"/><OtherTag ID="BT16065" LABEL="NumberingZone" DESCRIPTION="block type NumberingZone"/><OtherTag ID="BT16064" LABEL="default" DESCRIPTION="block type default"/><OtherTag ID="BT16063" LABEL="TitlePageZone" DESCRIPTION="block type TitlePageZone"/><OtherTag ID="BT16062" LABEL="NumberingZone:other" DESCRIPTION="block type NumberingZone:other"/><OtherTag ID="BT16061" LABEL="QuireMarksZone:catchwords" DESCRIPTION="block type QuireMarksZone:catchwords"/><OtherTag ID="BT16060" LABEL="MainZone" DESCRIPTION="block type MainZone"/><OtherTag ID="BT16059" LABEL="NumberingZone:page" DESCRIPTION="block type NumberingZone:page"/><OtherTag ID="BT16058" LABEL="MarginTextZone:note" DESCRIPTION="block type MarginTextZone:note"/><OtherTag ID="BT16057" LABEL="DigitizationArtefactZone" DESCRIPTION="block type DigitizationArtefactZone"/><OtherTag ID="BT4" LABEL="Illustration" DESCRIPTION="block type Illustration"/><OtherTag ID="BT3" LABEL="Commentary" DESCRIPTION="block type Commentary"/><OtherTag ID="BT2" LABEL="Main" DESCRIPTION="block type Main"/><OtherTag ID="BT1" LABEL="Title" DESCRIPTION="block type Title"/>
    <OtherTag ID="LT4834" LABEL="DefaultLine" DESCRIPTION="line type DefaultLine"/><OtherTag ID="LT4835" LABEL="HeadingLine:title" DESCRIPTION="line type HeadingLine:title"/>
  </Tags>
  
  <Layout>
    <Page WIDTH="1529"
          HEIGHT="2212"
          PHYSICAL_IMG_NR="40"
          ID="eSc_dummypage_">
      <PrintSpace HPOS="0"
                  VPOS="0"
                  WIDTH="1529"
                  HEIGHT="2212">
        
        <TextBlock HPOS="368"
                   VPOS="228"
                   WIDTH="1072"
                   HEIGHT="1753"
                   ID="eSc_textblock_5db88b9c"
                   TAGREFS="BT16060">
          <Shape><Polygon POINTS="920 228 1315 228 1440 258 1418 331 1440 464 1425 1929 1344 1974 405 1981 368 1952 391 1730 383 265 514 235 920 228"/></Shape>
          
          
          <TextLine ID="eSc_line_0b708e8b"
                    TAGREFS="LT4834"
                    BASELINE="379 317 1363 311" 
                    HPOS="378"
                    VPOS="256"
                    WIDTH="985"
                    HEIGHT="96">
            <Shape><Polygon POINTS="379 317 379 331 446 331 448 331 466 350 466 352 468 352 470 352 472 352 547 337 604 346 606 346 608 346 652 331 687 331 715 350 717 350 719 350 721 352 769 352 769 350 770 350 772 350 791 335 800 342 800 344 802 344 804 344 805 344 807 344 809 344 820 333 863 350 865 350 866 352 1034 352 1034 350 1036 350 1038 350 1038 348 1060 329 1084 337 1086 337 1088 337 1090 337 1110 328 1128 341 1130 341 1132 341 1134 341 1209 328 1252 346 1254 346 1256 346 1257 346 1259 346 1281 328 1318 335 1320 335 1322 335 1363 324 1363 311 1359 267 1292 259 1291 259 1289 259 1287 259 1278 267 1270 272 1232 267 1220 267 1219 267 1217 267 1215 267 1215 269 1204 280 1119 280 1088 269 1038 256 1036 256 1034 256 1032 256 1001 270 995 274 846 280 839 272 826 261 826 259 824 259 822 259 820 259 818 259 780 272 763 258 761 258 759 258 758 258 756 258 754 258 728 274 724 276 721 274 706 261 706 259 704 259 702 259 617 259 616 259 614 259 582 276 569 283 540 283 525 276 475 259 474 259 472 259 470 259 468 259 442 278 435 282 378 280 379 317"/></Shape>
	    <String CONTENT="چندين سنه موافق اين هر دو تا ريخ اسکندر رومی سنه"
                    HPOS="378"
                    VPOS="256"
                    WIDTH="985"
                    HEIGHT="96"
                    WC="0.905718548844258"></String>
          </TextLine>

          
          
          <TextLine ID="eSc_line_fc4f8e39"
                    TAGREFS="LT4834"
                    BASELINE="391 423 1383 420" 
                    HPOS="389"
                    VPOS="363"
                    WIDTH="994"
                    HEIGHT="97">
            <Shape><Polygon POINTS="391 423 391 460 414 460 414 458 416 458 418 458 442 438 477 438 503 457 505 458 507 458 509 458 510 458 512 458 518 457 544 442 573 453 575 453 577 453 706 438 752 440 761 449 769 457 769 458 770 458 772 458 774 460 844 460 844 458 846 458 868 447 887 436 922 446 966 457 968 457 970 457 971 457 997 446 1099 455 1101 455 1102 455 1141 440 1149 436 1154 438 1189 457 1191 457 1193 458 1230 458 1230 457 1232 457 1233 457 1259 440 1276 447 1278 447 1280 447 1281 447 1283 447 1300 436 1355 444 1357 444 1359 444 1383 433 1383 420 1381 376 1370 364 1370 363 1368 363 1366 363 1327 363 1326 363 1324 363 1289 377 1276 383 1261 377 1241 372 1239 372 1237 372 1235 372 1213 379 1200 383 1189 379 1154 364 1152 364 1150 364 1149 364 1147 364 1125 379 1119 383 1099 379 1049 372 1047 372 997 381 988 383 984 381 966 364 964 364 962 364 960 364 959 364 957 364 957 366 940 381 938 385 855 385 848 383 791 364 789 364 787 364 785 364 783 364 767 377 745 368 743 368 741 368 739 368 737 368 723 379 695 364 693 364 603 364 601 364 599 364 597 364 577 379 527 370 525 370 462 385 438 368 437 368 435 368 433 368 431 368 389 385 391 423"/></Shape>
	    <String CONTENT="وآن هم موافق اين هرشه تا ريخ از صدر کويين عمر خيام"
                    HPOS="389"
                    VPOS="363"
                    WIDTH="994"
                    HEIGHT="97"
                    WC="0.8676763451566883"></String>
          </TextLine>

          
          
          <TextLine ID="eSc_line_f362c2d2"
                    TAGREFS="LT4834"
                    BASELINE="385 512 466 517" 
                    HPOS="381"
                    VPOS="425"
                    WIDTH="85"
                    HEIGHT="129">
            <Shape><Polygon POINTS="385 512 381 545 461 554 466 517 466 425 387 458 385 512"/></Shape>
	    <String CONTENT="م"
                    HPOS="381"
                    VPOS="425"
                    WIDTH="85"
                    HEIGHT="129"
                    WC="0.8661580085754395"></String>
          </TextLine>

          
          
          <TextLine ID="eSc_line_fc4861cd"
                    TAGREFS="LT4834"
                    BASELINE="538 523 1374 519" 
                    HPOS="538"
                    VPOS="460"
                    WIDTH="836"
                    HEIGHT="100">
            <Shape><Polygon POINTS="538 551 580 558 582 558 584 558 599 551 614 543 627 551 643 558 645 558 647 558 649 558 651 558 662 549 671 541 678 549 687 556 687 558 689 558 691 558 693 560 732 560 732 558 734 558 735 558 735 556 745 547 748 543 793 540 809 547 833 558 835 558 837 558 839 558 866 545 874 543 887 545 951 558 953 558 1023 543 1049 538 1066 541 1108 556 1110 556 1112 556 1114 556 1115 556 1134 541 1137 538 1147 541 1197 556 1198 556 1200 556 1202 556 1204 556 1220 541 1278 556 1280 556 1281 556 1283 556 1285 556 1305 540 1372 536 1374 519 1368 473 1305 484 1294 475 1294 473 1292 473 1291 473 1289 473 1287 473 1285 473 1276 481 1246 473 1228 468 1226 468 1224 468 1222 468 1211 473 1189 486 1139 486 1119 473 1101 460 1099 460 1097 460 1042 460 1040 460 1038 460 1036 460 1019 473 1012 479 959 473 948 473 946 473 944 473 942 473 942 475 929 486 911 473 907 471 905 471 903 471 901 471 883 473 809 486 793 473 776 462 774 462 772 462 770 462 769 462 723 475 686 484 671 475 654 462 652 462 651 462 649 462 586 464 584 464 582 464 568 475 555 482 538 475 538 523 538 551"/></Shape>
	    <String CONTENT="نشايوری و ابو مفتج به سطامی و مظفر اسفراثنی در"
                    HPOS="538"
                    VPOS="460"
                    WIDTH="836"
                    HEIGHT="100"
                    WC="0.9135171226833178"></String>
          </TextLine>

          
          
          <TextLine ID="eSc_line_4bd82ca2"
                    TAGREFS="LT4834"
                    BASELINE="392 626 1377 615" 
                    HPOS="391"
                    VPOS="560"
                    WIDTH="986"
                    HEIGHT="105">
            <Shape><Polygon POINTS="392 626 392 645 433 645 451 661 451 663 453 663 455 663 457 665 503 665 503 663 505 663 507 663 507 661 521 648 569 661 571 661 573 663 616 663 616 661 617 661 619 661 632 650 687 656 689 656 691 656 734 641 772 641 793 659 794 659 796 659 798 661 846 661 846 659 848 659 850 659 861 648 877 659 879 659 881 659 883 659 942 648 966 658 968 658 970 658 971 658 973 658 973 656 986 645 1016 658 1018 658 1019 658 1021 658 1053 641 1126 637 1161 656 1163 656 1165 656 1167 656 1209 635 1213 634 1375 634 1377 615 1374 564 1348 560 1346 560 1344 560 1342 560 1342 562 1339 564 1324 580 1307 565 1307 564 1305 564 1303 564 1302 564 1300 564 1298 564 1252 578 1232 565 1224 560 1222 560 1220 560 1219 560 1217 560 1202 565 1154 588 1082 588 1062 569 1062 567 1060 567 1058 567 1056 567 1054 567 1053 567 1021 586 981 586 964 573 964 571 962 571 960 571 959 571 957 571 955 571 933 589 876 591 820 591 780 573 763 565 761 565 759 565 704 569 702 569 700 569 700 571 697 575 678 593 651 593 630 575 628 573 627 573 625 573 623 573 621 573 608 576 544 593 527 576 525 576 525 575 523 575 521 575 488 569 486 569 391 578 392 626"/></Shape>
	    <String CONTENT="شاه سلحونی در زيين عراق چندينه و اين تواريخ آنکه"
                    HPOS="391"
                    VPOS="560"
                    WIDTH="986"
                    HEIGHT="105"
                    WC="0.8568524024924453"></String>
          </TextLine>

          
          
          <TextLine ID="eSc_line_9cc3e231"
                    TAGREFS="LT4834"
                    BASELINE="396 733 1370 722" 
                    HPOS="394"
                    VPOS="659"
                    WIDTH="976"
                    HEIGHT="104">
            <Shape><Polygon POINTS="396 733 398 763 431 744 459 761 461 761 462 761 464 761 466 761 468 761 499 744 538 759 553 763 555 763 557 763 558 763 580 757 630 742 665 753 682 759 684 759 686 759 687 759 689 759 699 753 721 741 750 752 772 759 774 759 776 759 852 748 903 741 944 744 977 748 979 748 981 748 983 748 988 744 994 739 1003 742 1021 752 1023 752 1025 752 1073 741 1075 741 1093 755 1095 755 1097 755 1099 757 1167 757 1167 755 1169 755 1208 741 1252 752 1254 752 1256 752 1257 752 1287 739 1346 748 1348 748 1350 748 1351 748 1370 733 1370 722 1363 667 1322 680 1294 672 1292 672 1291 672 1289 672 1287 672 1274 685 1211 685 1197 676 1195 676 1193 676 1191 676 1189 676 1156 687 1117 674 1077 659 1075 659 1073 659 1071 659 1069 659 1051 676 1032 691 938 691 920 680 894 667 892 667 890 667 841 678 826 665 826 663 824 663 822 663 721 663 719 663 717 663 715 663 715 665 693 687 687 693 678 687 658 676 656 676 654 676 652 676 651 676 630 689 623 693 597 689 557 683 555 683 553 683 536 691 529 694 527 691 507 674 507 672 505 672 503 672 427 667 426 667 424 667 422 667 394 689 396 733"/></Shape>
	    <String CONTENT="سجمان در نقويم نويسند و از تاريخ کواکب سياره تا به آخر"
                    HPOS="394"
                    VPOS="659"
                    WIDTH="976"
                    HEIGHT="104"
                    WC="0.921026628667658"></String>
          </TextLine>

          
          
          <TextLine ID="eSc_line_c30acf8d"
                    TAGREFS="LT4834"
                    BASELINE="396 823 1388 816" 
                    HPOS="394"
                    VPOS="755"
                    WIDTH="994"
                    HEIGHT="98">
            <Shape><Polygon POINTS="396 823 396 838 429 853 431 853 433 853 435 853 477 838 479 836 481 838 494 849 494 851 496 851 497 851 499 851 501 851 503 851 521 840 568 853 569 853 571 853 573 853 610 836 612 836 638 847 640 847 641 847 643 847 645 847 662 836 663 835 665 836 682 844 684 844 686 844 769 835 780 835 782 835 793 846 793 847 794 847 796 847 888 851 890 851 892 851 894 851 911 840 924 849 925 849 927 849 929 851 1021 851 1021 849 1023 849 1090 833 1091 833 1095 833 1163 842 1165 842 1167 842 1198 831 1202 831 1213 831 1298 840 1300 840 1386 829 1388 816 1385 785 1298 785 1246 755 1244 755 1243 755 1241 755 1239 755 1204 785 1145 785 1082 761 1080 761 1078 761 1077 761 1034 776 995 755 994 755 918 755 916 755 914 755 912 755 912 757 883 788 853 788 828 763 828 761 826 761 824 761 822 761 820 761 818 761 776 787 715 770 713 770 711 770 710 770 708 770 708 772 689 788 662 788 612 787 592 772 590 772 588 772 586 772 584 772 569 777 551 761 551 759 549 759 547 759 470 759 468 759 466 759 464 759 464 761 435 790 394 790 396 823"/></Shape>
	    <String CONTENT="دور عطار دو از تا ريخ گواکب ثاتات و حساب کواکب"
                    HPOS="394"
                    VPOS="755"
                    WIDTH="994"
                    HEIGHT="98"
                    WC="0.915235596506492"></String>
          </TextLine>

          
          
          <TextLine ID="eSc_line_908f1a39"
                    TAGREFS="LT4834"
                    BASELINE="389 934 800 923 1386 919" 
                    HPOS="387"
                    VPOS="860"
                    WIDTH="999"
                    HEIGHT="100">
            <Shape><Polygon POINTS="389 934 389 951 527 960 529 960 531 960 553 949 564 943 628 943 647 945 702 956 704 956 706 956 708 956 708 954 717 945 721 941 726 945 750 954 752 954 754 954 807 943 815 941 817 943 835 954 837 954 839 954 841 956 924 956 924 954 925 954 927 954 940 941 977 940 999 938 1001 938 1016 951 1016 953 1018 953 1019 953 1021 953 1075 943 1088 953 1090 953 1091 953 1093 953 1095 953 1149 936 1150 936 1232 943 1233 943 1235 943 1237 943 1237 941 1239 941 1244 934 1246 934 1320 934 1350 949 1351 949 1353 949 1355 949 1357 949 1386 930 1386 919 1381 884 1257 886 1250 884 1226 875 1224 875 1222 875 1220 875 1219 875 1206 884 1171 860 1169 860 1167 860 1106 860 1104 860 1102 860 1101 860 1101 862 1077 886 1073 890 1054 886 1036 882 1034 882 984 886 912 892 896 886 855 873 853 873 852 873 850 873 820 888 805 895 752 895 741 888 721 873 719 873 717 873 715 873 713 873 695 882 680 868 680 866 678 866 676 866 675 866 630 868 628 868 627 868 608 881 571 877 569 877 568 877 542 890 531 895 523 890 499 870 497 870 496 870 416 870 414 870 413 870 411 870 387 884 389 934"/></Shape>
	    <String CONTENT="بر صدر رساله يگذرچه روند و برشه هیوشش بزار سل"
                    HPOS="387"
                    VPOS="860"
                    WIDTH="999"
                    HEIGHT="100"
                    WC="0.8767931818962097"></String>
          </TextLine>

          
          
          <TextLine ID="eSc_line_f2aba141"
                    TAGREFS="LT4834"
                    BASELINE="398 1026 1383 1015" 
                    HPOS="396"
                    VPOS="956"
                    WIDTH="987"
                    HEIGHT="100">
            <Shape><Polygon POINTS="398 1026 402 1056 413 1047 453 1054 470 1056 472 1056 474 1056 475 1056 479 1052 496 1039 521 1052 531 1056 533 1056 534 1056 536 1056 547 1050 566 1041 575 1050 579 1052 579 1054 580 1054 582 1054 584 1056 649 1056 649 1054 651 1054 652 1054 652 1052 658 1048 669 1037 695 1047 700 1048 702 1048 704 1048 706 1048 713 1047 756 1035 861 1043 874 1043 876 1043 885 1043 931 1034 940 1041 949 1048 949 1050 951 1050 953 1050 955 1052 994 1052 994 1050 1066 1037 1097 1032 1115 1035 1169 1048 1171 1048 1173 1048 1174 1048 1174 1047 1189 1034 1191 1030 1268 1030 1276 1032 1320 1045 1322 1045 1324 1045 1326 1045 1383 1028 1383 1015 1379 964 1217 956 1215 956 1213 956 1211 956 1191 969 1169 984 1034 986 1023 975 1012 965 1012 964 1010 964 1008 964 1007 964 1005 964 1003 964 984 976 975 982 946 986 935 978 931 975 929 975 927 975 925 975 924 975 909 978 870 989 841 980 837 980 835 980 833 980 831 980 829 980 829 982 820 989 807 982 787 971 785 971 783 971 782 971 743 984 721 991 700 986 658 973 656 973 654 973 652 973 651 973 632 988 630 989 584 991 580 989 571 982 569 982 568 982 566 982 564 982 545 989 520 969 518 969 516 969 514 969 512 969 472 984 451 971 450 971 448 971 446 971 444 971 442 971 442 973 422 993 396 995 398 1026"/></Shape>
	    <String CONTENT="جمله فلک بکردند و در اين روز ماه سعد تمام در سرطان بود"
                    HPOS="396"
                    VPOS="956"
                    WIDTH="987"
                    HEIGHT="100"
                    WC="0.9333530526470255"></String>
          </TextLine>

          
          
          <TextLine ID="eSc_line_657464ed"
                    TAGREFS="LT4834"
                    BASELINE="409 1126 1394 1117" 
                    HPOS="407"
                    VPOS="1052"
                    WIDTH="987"
                    HEIGHT="101">
            <Shape><Polygon POINTS="409 1126 409 1153 475 1148 477 1148 479 1148 479 1146 488 1139 499 1152 501 1152 501 1153 503 1153 505 1153 507 1153 527 1152 628 1133 658 1146 660 1146 662 1146 663 1146 721 1133 741 1144 752 1152 754 1152 756 1152 758 1153 800 1153 800 1152 839 1148 841 1148 842 1148 850 1141 865 1131 911 1131 920 1139 929 1148 929 1150 931 1150 933 1150 935 1152 964 1152 964 1150 966 1150 968 1150 986 1137 999 1129 1014 1137 1021 1139 1023 1139 1025 1139 1027 1139 1036 1135 1053 1129 1067 1135 1104 1148 1106 1148 1108 1148 1110 1148 1112 1148 1112 1146 1121 1137 1134 1144 1136 1144 1137 1144 1139 1144 1180 1131 1187 1129 1198 1131 1270 1142 1272 1142 1274 1142 1276 1142 1294 1129 1309 1137 1311 1137 1313 1137 1394 1124 1394 1117 1392 1078 1361 1056 1359 1056 1357 1056 1355 1056 1353 1056 1305 1078 1134 1063 1132 1063 1130 1063 1128 1063 1128 1065 1114 1080 1047 1080 983 1052 981 1052 901 1052 900 1052 898 1052 835 1080 805 1069 804 1069 802 1069 739 1083 721 1069 719 1069 717 1069 715 1069 713 1069 711 1069 711 1070 699 1080 682 1065 680 1065 678 1065 652 1065 651 1065 649 1065 614 1083 586 1058 586 1056 584 1056 582 1056 507 1056 505 1056 451 1061 450 1061 448 1061 407 1083 409 1126"/></Shape>
	    <String CONTENT="و عيوق در خوزا بود و اوج س هم در جوزا بود ديگر آن را هم"
                    HPOS="407"
                    VPOS="1052"
                    WIDTH="987"
                    HEIGHT="101"
                    WC="0.9147397322314126"></String>
          </TextLine>

          
          
          <TextLine ID="eSc_line_e80e70c8"
                    TAGREFS="LT4834"
                    BASELINE="396 1223 1388 1220" 
                    HPOS="394"
                    VPOS="1159"
                    WIDTH="994"
                    HEIGHT="98">
            <Shape><Polygon POINTS="396 1223 396 1233 431 1235 448 1251 448 1253 450 1253 451 1253 453 1253 455 1253 457 1253 485 1235 507 1255 509 1255 510 1255 512 1257 558 1257 558 1255 560 1255 562 1255 582 1236 586 1235 592 1236 630 1246 632 1246 634 1246 676 1236 680 1236 682 1238 702 1255 704 1255 706 1255 708 1257 769 1257 769 1255 770 1255 796 1242 813 1255 815 1255 817 1255 818 1255 820 1255 822 1255 822 1253 837 1240 841 1235 853 1240 887 1253 888 1253 890 1255 948 1255 948 1253 949 1253 951 1253 951 1251 962 1240 971 1233 1040 1233 1051 1242 1066 1253 1067 1253 1069 1253 1071 1253 1073 1253 1097 1242 1121 1233 1178 1233 1198 1244 1211 1253 1213 1253 1215 1253 1217 1253 1219 1253 1243 1244 1274 1233 1300 1246 1316 1253 1318 1253 1320 1253 1388 1246 1388 1220 1386 1185 1353 1172 1351 1172 1350 1172 1348 1172 1346 1172 1335 1181 1292 1172 1291 1172 1289 1172 1272 1179 1256 1164 1256 1163 1254 1163 1252 1163 1250 1163 1248 1163 1246 1163 1217 1185 1174 1185 1150 1161 1150 1159 1149 1159 1147 1159 1099 1159 1097 1159 1095 1159 1093 1159 1093 1161 1071 1183 1053 1183 1025 1159 1023 1159 1021 1159 979 1159 977 1159 975 1159 973 1159 973 1161 955 1177 933 1159 931 1159 929 1159 927 1159 925 1159 924 1159 887 1183 844 1176 842 1176 841 1176 839 1176 839 1177 829 1187 770 1187 756 1174 754 1174 752 1174 750 1174 702 1185 691 1176 691 1174 689 1174 687 1174 686 1174 684 1174 682 1174 667 1185 606 1161 604 1161 466 1161 464 1161 462 1161 461 1161 461 1163 444 1179 394 1187 396 1223"/></Shape>
	    <String CONTENT="بدين حساب بايد کرد از تاريخ اسيای اولو العزم تا آخر دوز"
                    HPOS="394"
                    VPOS="1159"
                    WIDTH="994"
                    HEIGHT="98"
                    WC="0.8815523173127856"></String>
          </TextLine>

          
          
          <TextLine ID="eSc_line_01e889e5"
                    TAGREFS="LT4834"
                    BASELINE="405 1332 1392 1317" 
                    HPOS="403"
                    VPOS="1258"
                    WIDTH="989"
                    HEIGHT="104">
            <Shape><Polygon POINTS="405 1332 405 1362 529 1338 593 1338 610 1349 612 1349 614 1349 616 1349 617 1349 643 1338 678 1354 682 1356 684 1356 686 1356 687 1356 693 1354 730 1334 774 1334 796 1334 815 1351 818 1353 818 1354 820 1354 822 1354 824 1354 826 1354 839 1349 865 1340 927 1347 979 1353 981 1353 983 1353 997 1345 1025 1330 1078 1330 1097 1341 1110 1351 1112 1351 1114 1351 1115 1351 1174 1349 1176 1349 1178 1349 1178 1347 1187 1340 1191 1336 1195 1340 1202 1345 1204 1345 1206 1345 1208 1345 1209 1345 1211 1345 1219 1338 1232 1329 1252 1329 1263 1338 1274 1347 1276 1347 1278 1347 1280 1347 1390 1332 1392 1317 1383 1258 1351 1277 1318 1260 1313 1258 1311 1258 1309 1258 1307 1258 1300 1262 1265 1279 1150 1271 1149 1271 1147 1271 1145 1271 1134 1282 1093 1282 1080 1270 1075 1264 1075 1262 1073 1262 1071 1262 1021 1262 1019 1262 1018 1262 1016 1262 1003 1271 994 1279 983 1273 964 1264 962 1264 960 1264 959 1264 957 1264 946 1273 935 1282 918 1275 903 1270 901 1270 900 1270 852 1277 841 1279 837 1277 811 1266 809 1266 807 1266 805 1266 776 1281 763 1288 693 1288 689 1282 675 1270 675 1268 673 1268 671 1268 669 1268 592 1279 453 1271 451 1271 450 1271 403 1290 405 1332"/></Shape>
	    <String CONTENT="آدم سرنديی و از تاريخ امامان مستقر صلوات النه عليهم"
                    HPOS="403"
                    VPOS="1258"
                    WIDTH="989"
                    HEIGHT="104"
                    WC="0.9448916705755087"></String>
          </TextLine>

          
          
          <TextLine ID="eSc_line_aed43b51"
                    TAGREFS="LT4834"
                    BASELINE="403 1435 1388 1424" 
                    HPOS="402"
                    VPOS="1351"
                    WIDTH="986"
                    HEIGHT="107">
            <Shape><Polygon POINTS="403 1435 403 1448 529 1456 531 1456 533 1456 534 1456 544 1447 545 1447 547 1447 560 1458 562 1458 564 1458 566 1458 617 1447 640 1441 721 1441 728 1445 743 1454 745 1454 746 1454 748 1456 805 1456 805 1454 807 1454 809 1454 822 1443 824 1441 829 1443 874 1454 876 1454 877 1454 879 1454 881 1454 901 1441 909 1437 931 1441 1001 1452 1003 1452 1064 1437 1077 1435 1086 1437 1112 1447 1114 1447 1115 1447 1171 1435 1178 1435 1182 1435 1219 1450 1220 1450 1222 1450 1224 1450 1268 1435 1307 1448 1309 1448 1311 1448 1313 1448 1315 1448 1315 1447 1327 1434 1366 1448 1368 1448 1370 1448 1372 1448 1374 1448 1374 1447 1388 1432 1388 1424 1381 1356 1327 1380 1263 1380 1217 1362 1191 1351 1189 1351 1187 1351 1185 1351 1184 1351 1165 1362 1147 1373 1117 1369 1115 1369 1114 1369 1112 1369 1090 1384 990 1384 975 1371 975 1369 973 1369 971 1369 970 1369 968 1369 925 1382 903 1371 892 1365 890 1365 888 1365 887 1365 885 1365 885 1367 879 1371 865 1388 842 1388 826 1373 805 1356 804 1356 802 1356 800 1356 798 1356 796 1356 767 1375 763 1376 759 1375 737 1365 735 1365 734 1365 732 1365 730 1365 730 1367 721 1376 715 1384 700 1376 656 1356 654 1356 614 1356 612 1356 610 1356 608 1356 608 1358 588 1378 568 1360 568 1358 566 1358 564 1358 562 1358 560 1358 523 1375 509 1360 509 1358 507 1358 505 1358 438 1358 437 1358 435 1358 433 1358 402 1378 403 1435"/></Shape>
	    <String CONTENT="چنين فرمايد که هفت هر ارسال قايم قيامت لذکره اسجود و ان"
                    HPOS="402"
                    VPOS="1351"
                    WIDTH="986"
                    HEIGHT="107"
                    WC="0.8620227521116083"></String>
          </TextLine>

          
          
          <TextLine ID="eSc_line_5454ffb6"
                    TAGREFS="LT4834"
                    BASELINE="414 1524 1392 1517" 
                    HPOS="413"
                    VPOS="1454"
                    WIDTH="979"
                    HEIGHT="103">
            <Shape><Polygon POINTS="414 1524 414 1537 435 1555 437 1555 438 1555 440 1557 514 1557 514 1555 516 1555 562 1535 593 1555 595 1555 597 1555 599 1557 641 1557 641 1555 643 1555 700 1533 748 1546 750 1546 752 1546 811 1535 857 1553 859 1553 861 1553 863 1553 903 1531 981 1546 983 1546 984 1546 1029 1531 1058 1546 1060 1546 1062 1546 1064 1546 1066 1546 1078 1535 1091 1544 1091 1546 1093 1546 1095 1546 1097 1546 1099 1546 1150 1529 1254 1541 1256 1541 1257 1541 1291 1529 1305 1542 1305 1544 1307 1544 1309 1544 1311 1544 1313 1544 1315 1544 1326 1537 1361 1550 1363 1550 1364 1550 1366 1550 1368 1550 1392 1528 1392 1517 1388 1454 1298 1454 1296 1454 1294 1454 1292 1454 1292 1456 1291 1456 1267 1482 1195 1482 1161 1465 1160 1465 1158 1465 1156 1465 1154 1465 1154 1467 1141 1478 1128 1469 1126 1469 1125 1469 1123 1469 1121 1469 1091 1480 1047 1463 1034 1458 1032 1458 1031 1458 1029 1458 1027 1458 1018 1463 986 1482 944 1472 942 1472 940 1472 938 1472 931 1478 916 1467 905 1456 903 1456 901 1456 900 1456 818 1458 817 1458 793 1470 765 1483 684 1472 675 1472 673 1472 671 1472 669 1472 652 1483 636 1474 606 1459 604 1459 603 1459 601 1459 566 1476 545 1487 486 1487 472 1478 437 1461 435 1461 433 1461 431 1461 429 1461 413 1474 414 1524"/></Shape>
	    <String CONTENT="ظهور کند و چون هفت بار ظهور کند آن بارهفتم را"
                    HPOS="413"
                    VPOS="1454"
                    WIDTH="979"
                    HEIGHT="103"
                    WC="0.9177339504594388"></String>
          </TextLine>

          
          
          <TextLine ID="eSc_line_2e1bea67"
                    TAGREFS="LT4834"
                    BASELINE="403 1620 1388 1607" 
                    HPOS="402"
                    VPOS="1552"
                    WIDTH="986"
                    HEIGHT="95">
            <Shape><Polygon POINTS="403 1620 403 1627 431 1638 433 1638 435 1638 505 1629 523 1646 523 1647 525 1647 527 1647 529 1647 595 1646 597 1646 640 1627 822 1644 824 1644 826 1644 876 1631 900 1642 901 1642 903 1642 905 1642 907 1642 907 1640 925 1623 995 1640 997 1642 1084 1642 1084 1640 1086 1640 1088 1640 1104 1625 1167 1620 1228 1638 1230 1638 1232 1638 1233 1638 1235 1638 1235 1636 1254 1618 1296 1631 1298 1631 1300 1631 1302 1631 1303 1631 1322 1616 1388 1614 1388 1607 1383 1568 1361 1572 1355 1568 1346 1561 1344 1561 1342 1561 1340 1561 1339 1561 1318 1568 1302 1576 1296 1570 1278 1553 1278 1552 1276 1552 1274 1552 1254 1552 1252 1552 1250 1552 1248 1552 1226 1570 1226 1572 1224 1570 1208 1563 1206 1563 1204 1563 1202 1563 1167 1572 1161 1574 1160 1572 1139 1555 1139 1553 1137 1553 1136 1553 1102 1553 1101 1553 1099 1553 1036 1574 1019 1581 865 1581 857 1577 831 1564 829 1564 828 1564 826 1564 782 1579 776 1583 706 1583 702 1581 680 1563 678 1563 676 1563 568 1561 566 1561 564 1561 562 1561 536 1577 503 1564 501 1564 499 1564 497 1564 496 1564 496 1566 474 1587 472 1588 402 1588 403 1620"/></Shape>
	    <String CONTENT="قيامه القيامات گويند و در اين دور ما قاتم قيامت"
                    HPOS="402"
                    VPOS="1552"
                    WIDTH="986"
                    HEIGHT="95"
                    WC="0.9274204867951413"></String>
          </TextLine>

          
          
          <TextLine ID="eSc_line_e3caaddc"
                    TAGREFS="LT4834"
                    BASELINE="402 1719 1388 1716" 
                    HPOS="400"
                    VPOS="1649"
                    WIDTH="988"
                    HEIGHT="109">
            <Shape><Polygon POINTS="402 1719 402 1734 442 1751 444 1751 446 1751 575 1734 601 1730 604 1734 628 1754 628 1756 630 1756 632 1756 634 1758 756 1758 756 1756 758 1756 759 1756 759 1754 783 1732 785 1730 833 1730 837 1732 890 1756 892 1756 894 1756 896 1756 898 1756 931 1730 933 1730 949 1730 994 1734 1014 1753 1014 1754 1016 1754 1018 1754 1019 1756 1086 1756 1086 1754 1088 1754 1090 1754 1128 1730 1130 1729 1132 1730 1141 1738 1143 1738 1145 1738 1147 1738 1246 1730 1261 1741 1261 1743 1263 1743 1265 1743 1267 1743 1268 1743 1300 1732 1313 1743 1313 1745 1315 1745 1316 1745 1318 1745 1320 1745 1322 1745 1340 1732 1357 1743 1359 1743 1361 1743 1363 1743 1364 1743 1388 1729 1388 1716 1379 1649 1348 1677 1333 1670 1331 1670 1329 1670 1327 1670 1307 1681 1163 1681 1128 1655 1123 1649 1121 1649 1119 1649 1093 1649 1091 1649 1090 1649 1088 1649 1088 1651 1082 1655 1073 1666 1056 1657 1049 1653 1047 1653 1045 1653 1043 1653 1042 1653 1036 1657 1001 1679 948 1659 922 1649 920 1649 918 1649 876 1651 874 1651 872 1651 861 1660 842 1673 826 1662 813 1651 811 1651 809 1651 695 1651 693 1651 691 1651 689 1651 675 1666 654 1681 597 1668 595 1668 510 1681 497 1670 477 1653 477 1651 475 1651 474 1651 427 1651 426 1651 424 1651 422 1651 400 1664 402 1719"/></Shape>
	    <String CONTENT="گويد و در اقليم چهارم که اقليم شمس است در زين"
                    HPOS="400"
                    VPOS="1649"
                    WIDTH="988"
                    HEIGHT="109"
                    WC="0.9069986111587949"></String>
          </TextLine>

          
          
          <TextLine ID="eSc_line_96f73d84"
                    TAGREFS="LT4834"
                    BASELINE="403 1823 1390 1828" 
                    HPOS="402"
                    VPOS="1760"
                    WIDTH="988"
                    HEIGHT="94">
            <Shape><Polygon POINTS="403 1823 402 1835 437 1850 438 1850 440 1850 442 1850 475 1837 538 1837 557 1850 558 1850 560 1850 562 1852 621 1852 621 1850 623 1850 649 1837 687 1850 689 1850 691 1850 693 1850 732 1839 805 1852 807 1852 944 1841 979 1839 986 1843 1003 1848 1005 1848 1007 1848 1038 1843 1058 1839 1066 1843 1086 1854 1088 1854 1090 1854 1141 1845 1160 1841 1226 1841 1232 1845 1241 1852 1241 1854 1243 1854 1244 1854 1246 1854 1248 1854 1267 1847 1280 1841 1292 1847 1313 1854 1315 1854 1316 1854 1388 1847 1390 1828 1388 1762 1344 1764 1342 1764 1340 1764 1340 1765 1320 1784 1280 1782 1252 1764 1250 1762 1248 1762 1246 1762 1206 1762 1204 1762 1202 1762 1200 1762 1198 1764 1174 1786 1117 1786 1102 1773 1101 1773 1099 1773 1097 1773 1095 1773 1093 1773 1080 1784 1040 1773 1038 1773 1036 1773 1034 1773 1019 1780 999 1767 997 1767 995 1767 994 1767 992 1767 988 1769 970 1776 957 1769 946 1762 944 1762 942 1762 940 1762 903 1769 888 1760 887 1760 885 1760 802 1760 800 1760 798 1760 796 1760 796 1762 785 1773 774 1784 734 1784 715 1773 699 1765 697 1765 695 1765 621 1775 582 1780 573 1776 545 1764 544 1764 542 1764 403 1778 403 1823"/></Shape>
	    <String CONTENT="با بل ديار تجم از ميان جبل يعنی کوه ديلمان بر قلعه الموت"
                    HPOS="402"
                    VPOS="1760"
                    WIDTH="988"
                    HEIGHT="94"
                    WC="0.9184514049972806"></String>
          </TextLine>

          
          
          <TextLine ID="eSc_line_d6b92543"
                    TAGREFS="LT4834"
                    BASELINE="403 1926 1385 1917" 
                    HPOS="402"
                    VPOS="1858"
                    WIDTH="983"
                    HEIGHT="108">
            <Shape><Polygon POINTS="403 1926 403 1952 523 1966 525 1966 588 1952 599 1950 616 1952 676 1959 678 1959 680 1959 702 1952 706 1950 713 1952 785 1964 787 1964 789 1964 791 1964 804 1953 846 1959 848 1959 850 1959 874 1950 877 1948 883 1950 914 1963 916 1963 918 1963 1049 1953 1090 1961 1091 1961 1093 1961 1115 1948 1123 1946 1150 1946 1154 1948 1171 1961 1173 1961 1174 1961 1176 1961 1178 1961 1202 1948 1209 1944 1226 1948 1259 1955 1261 1955 1263 1955 1265 1955 1274 1948 1276 1946 1276 1948 1291 1959 1292 1959 1294 1959 1296 1959 1298 1959 1324 1948 1331 1944 1381 1946 1385 1917 1381 1872 1294 1859 1292 1859 1291 1859 1254 1874 1244 1878 1171 1878 1165 1874 1137 1861 1136 1861 1134 1861 1132 1861 1130 1861 1115 1872 1095 1858 1093 1858 1091 1858 1051 1858 1049 1858 1047 1858 1045 1858 1016 1878 1014 1878 1008 1878 911 1859 909 1859 907 1859 905 1859 905 1861 885 1880 885 1882 848 1882 848 1880 796 1859 794 1859 793 1859 734 1870 704 1863 702 1863 700 1863 699 1863 652 1882 597 1869 595 1869 593 1869 564 1885 540 1885 527 1872 527 1870 525 1870 523 1870 521 1870 466 1883 442 1863 440 1863 438 1863 437 1863 435 1863 433 1863 402 1882 403 1926"/></Shape>
	    <String CONTENT="مولانا بود و از اول اين ظهور مبارک تا به وقت نمام شدن"
                    HPOS="402"
                    VPOS="1858"
                    WIDTH="983"
                    HEIGHT="108"
                    WC="0.916358693590704"></String>
          </TextLine>

          
        </TextBlock>
        
        <TextBlock HPOS="794"
                   VPOS="147"
                   WIDTH="139"
                   HEIGHT="87"
                   ID="eSc_textblock_b35bfc75"
                   TAGREFS="BT16059">
          <Shape><Polygon POINTS="831 147 911 154 933 211 881 234 802 219 794 169 831 147"/></Shape>
          
          
          <TextLine ID="eSc_line_ffe8e795"
                    TAGREFS="LT4834"
                    BASELINE="828 199 894 193" 
                    HPOS="822"
                    VPOS="149"
                    WIDTH="72"
                    HEIGHT="83">
            <Shape><Polygon POINTS="877 151 868 149 822 164 828 199 829 232 894 223 894 193 885 151 877 151"/></Shape>
	    <String CONTENT=""
                    HPOS="822"
                    VPOS="149"
                    WIDTH="72"
                    HEIGHT="83"></String>
          </TextLine>

          
        </TextBlock>
        
        <TextBlock HPOS="831"
                   VPOS="1983"
                   WIDTH="94"
                   HEIGHT="87"
                   ID="eSc_textblock_079eba08"
                   TAGREFS="BT16061">
          <Shape><Polygon POINTS="853 1983 925 1990 925 2070 831 2040 853 1983"/></Shape>
          
          
          <TextLine ID="eSc_line_07687fdf"
                    TAGREFS="LT4834"
                    BASELINE="863 2035 918 2031" 
                    HPOS="859"
                    VPOS="1985"
                    WIDTH="61"
                    HEIGHT="109">
            <Shape><Polygon POINTS="896 1987 885 1985 859 1994 863 2035 866 2094 920 2079 918 2031 911 1987 896 1987"/></Shape>
	    <String CONTENT=""
                    HPOS="859"
                    VPOS="1985"
                    WIDTH="61"
                    HEIGHT="109"></String>
          </TextLine>

          
        </TextBlock>
        

        
      </PrintSpace>
    </Page>
  </Layout>
</alto>
