<?xml version="1.0" encoding="UTF-8"?>
<alto xmlns:xsi="http://www.w3.org/2001/XMLSchema-instance"
      xmlns="http://www.loc.gov/standards/alto/ns-v4#"
      xsi:schemaLocation="http://www.loc.gov/standards/alto/ns-v4# http://www.loc.gov/standards/alto/v4/alto-4-2.xsd">
  <Description>
    <MeasurementUnit>pixel</MeasurementUnit>
    <sourceImageInformation>
      <fileName>TwoIsmailiTreatises016.jpg</fileName>
      
    </sourceImageInformation>
  </Description>
  
  <Tags>
    <OtherTag ID="BT16074" LABEL="MarginTextZone:commentary" DESCRIPTION="block type MarginTextZone:commentary"/><OtherTag ID="BT16073" LABEL="MarginTextZone:note#1" DESCRIPTION="block type MarginTextZone:note#1"/><OtherTag ID="BT16072" LABEL="MainZone:column#2" DESCRIPTION="block type MainZone:column#2"/><OtherTag ID="BT16071" LABEL="MainZone:column#3" DESCRIPTION="block type MainZone:column#3"/><OtherTag ID="BT16070" LABEL="GraphicZone:illustration" DESCRIPTION="block type GraphicZone:illustration"/><OtherTag ID="BT16069" LABEL="MainZone:column#1" DESCRIPTION="block type MainZone:column#1"/><OtherTag ID="BT16068" LABEL="MarginTextZone:note#2" DESCRIPTION="block type MarginTextZone:note#2"/><OtherTag ID="BT16067" LABEL="CustomZone:publication" DESCRIPTION="block type CustomZone:publication"/><OtherTag ID="BT16066" LABEL="RunningTitleZone" DESCRIPTION="block type RunningTitleZone"/><OtherTag ID="BT16065" LABEL="NumberingZone" DESCRIPTION="block type NumberingZone"/><OtherTag ID="BT16064" LABEL="default" DESCRIPTION="block type default"/><OtherTag ID="BT16063" LABEL="TitlePageZone" DESCRIPTION="block type TitlePageZone"/><OtherTag ID="BT16062" LABEL="NumberingZone:other" DESCRIPTION="block type NumberingZone:other"/><OtherTag ID="BT16061" LABEL="QuireMarksZone:catchwords" DESCRIPTION="block type QuireMarksZone:catchwords"/><OtherTag ID="BT16060" LABEL="MainZone" DESCRIPTION="block type MainZone"/><OtherTag ID="BT16059" LABEL="NumberingZone:page" DESCRIPTION="block type NumberingZone:page"/><OtherTag ID="BT16058" LABEL="MarginTextZone:note" DESCRIPTION="block type MarginTextZone:note"/><OtherTag ID="BT16057" LABEL="DigitizationArtefactZone" DESCRIPTION="block type DigitizationArtefactZone"/><OtherTag ID="BT4" LABEL="Illustration" DESCRIPTION="block type Illustration"/><OtherTag ID="BT3" LABEL="Commentary" DESCRIPTION="block type Commentary"/><OtherTag ID="BT2" LABEL="Main" DESCRIPTION="block type Main"/><OtherTag ID="BT1" LABEL="Title" DESCRIPTION="block type Title"/>
    <OtherTag ID="LT4834" LABEL="DefaultLine" DESCRIPTION="line type DefaultLine"/><OtherTag ID="LT4835" LABEL="HeadingLine:title" DESCRIPTION="line type HeadingLine:title"/>
  </Tags>
  
  <Layout>
    <Page WIDTH="1433"
          HEIGHT="2186"
          PHYSICAL_IMG_NR="12"
          ID="eSc_dummypage_">
      <PrintSpace HPOS="0"
                  VPOS="0"
                  WIDTH="1433"
                  HEIGHT="2186">
        
        <TextBlock HPOS="284"
                   VPOS="306"
                   WIDTH="42"
                   HEIGHT="78"
                   ID="eSc_textblock_7cbf14da"
                   TAGREFS="BT16062">
          <Shape><Polygon POINTS="284 306 326 313 326 384 291 384 284 306"/></Shape>
          
          
          <TextLine ID="eSc_line_1faa0273"
                    TAGREFS="LT4834"
                    BASELINE="289 340 317 346" 
                    HPOS="282"
                    VPOS="307"
                    WIDTH="38"
                    HEIGHT="66">
            <Shape><Polygon POINTS="313 311 295 307 289 340 282 369 309 373 317 346 320 316 313 311"/></Shape>
	    <String CONTENT=""
                    HPOS="282"
                    VPOS="307"
                    WIDTH="38"
                    HEIGHT="66"></String>
          </TextLine>

          
        </TextBlock>
        
        <TextBlock HPOS="342"
                   VPOS="269"
                   WIDTH="1054"
                   HEIGHT="1711"
                   ID="eSc_textblock_58474d36"
                   TAGREFS="BT16060">
          <Shape><Polygon POINTS="437 269 1389 284 1396 1499 1381 1929 1360 1958 379 1980 342 1951 364 1732 357 320 386 276 437 269"/></Shape>
          
          
          <TextLine ID="eSc_line_d9b0c260"
                    TAGREFS="LT4834"
                    BASELINE="501 357 1340 346" 
                    HPOS="501"
                    VPOS="289"
                    WIDTH="839"
                    HEIGHT="99">
            <Shape><Polygon POINTS="1340 346 1336 315 1270 315 1270 313 1239 289 1237 289 1236 289 1197 289 1195 289 1194 289 1152 313 1146 316 1026 316 997 311 924 298 922 298 920 298 918 298 902 311 896 316 856 316 849 311 833 296 833 295 831 295 829 295 785 295 783 295 782 295 780 295 780 296 765 311 754 322 740 322 729 309 714 298 714 296 712 296 711 296 656 296 654 296 652 296 650 296 632 309 618 320 603 309 590 298 588 298 587 298 585 298 583 298 557 309 532 320 501 309 501 357 505 386 517 377 528 384 532 388 534 388 536 388 537 388 557 384 597 375 618 382 632 388 634 388 636 388 800 377 929 369 957 369 960 373 969 380 969 382 971 382 973 382 975 384 1055 384 1055 382 1057 382 1059 382 1059 380 1072 369 1075 367 1090 369 1166 380 1168 380 1170 380 1205 366 1208 366 1212 366 1265 378 1267 378 1340 362 1340 346"/></Shape>
	    <String CONTENT="حضرت عيسی در دوز قيامت خود ظهور خواهد کرد و چه"
                    HPOS="501"
                    VPOS="289"
                    WIDTH="839"
                    HEIGHT="99"
                    WC="0.929441371689672"></String>
          </TextLine>

          
          
          <TextLine ID="eSc_line_58c34e9b"
                    TAGREFS="LT4834"
                    BASELINE="370 453 1340 449" 
                    HPOS="368"
                    VPOS="382"
                    WIDTH="972"
                    HEIGHT="111">
            <Shape><Polygon POINTS="370 453 370 475 384 490 384 491 386 491 388 491 390 493 410 493 410 491 412 491 413 491 413 490 433 469 448 469 468 469 470 469 495 491 497 491 499 491 501 491 581 473 599 490 599 491 601 491 603 491 605 493 736 493 736 491 738 491 740 491 740 490 763 468 765 468 767 468 871 490 873 490 875 490 876 490 906 468 938 482 940 482 1010 486 1011 486 1013 486 1015 486 1015 484 1028 473 1031 477 1031 479 1033 479 1035 479 1037 479 1039 479 1068 466 1072 466 1073 466 1101 475 1103 475 1104 475 1106 475 1137 466 1139 466 1159 484 1159 486 1161 486 1163 486 1164 486 1166 486 1168 486 1201 466 1203 466 1338 466 1340 449 1336 411 1270 411 1250 391 1250 389 1248 389 1247 389 1245 389 1243 389 1241 389 1230 397 1163 382 1161 382 1159 382 1157 382 1115 411 1006 411 980 397 979 397 977 397 975 397 940 409 882 397 880 397 878 397 856 409 831 389 829 389 827 389 825 389 824 389 794 404 736 384 734 384 700 384 698 384 696 384 694 384 670 400 587 384 585 384 583 384 581 384 548 411 512 391 510 391 410 384 408 384 406 384 404 384 368 409 370 453"/></Shape>
	    <String CONTENT="پادشاهی کند و در ميان خلق براستی حکم خواهد کرد چنانکه گرگ"
                    HPOS="368"
                    VPOS="382"
                    WIDTH="972"
                    HEIGHT="111"
                    WC="0.9070481281531485"></String>
          </TextLine>

          
          
          <TextLine ID="eSc_line_d6a9f6ed"
                    TAGREFS="LT4834"
                    BASELINE="364 562 1340 550" 
                    HPOS="362"
                    VPOS="493"
                    WIDTH="978"
                    HEIGHT="104">
            <Shape><Polygon POINTS="364 562 364 588 370 593 370 595 371 595 373 595 375 595 377 595 422 582 428 581 433 582 474 595 475 595 477 595 479 595 481 595 501 581 503 579 515 581 581 592 583 592 585 592 623 579 663 597 665 597 667 597 669 597 712 582 774 597 776 597 778 597 818 584 871 592 873 592 875 592 876 592 904 573 911 573 957 573 958 573 989 586 991 586 993 586 995 586 1037 573 1062 592 1064 592 1066 592 1068 593 1197 593 1197 592 1199 592 1201 592 1226 570 1252 581 1254 581 1256 581 1340 566 1340 550 1338 506 1307 493 1305 493 1303 493 1301 493 1272 508 1254 517 1172 517 1157 510 1130 495 1128 495 1088 495 1086 495 1084 495 1082 495 1061 511 1059 513 1055 511 1022 497 1020 497 1019 497 1017 497 1015 497 995 513 989 519 955 519 938 515 891 499 889 499 887 499 886 499 884 499 864 515 858 520 844 517 829 513 827 513 825 513 796 517 767 522 760 519 738 500 736 500 734 500 689 500 687 500 685 500 683 500 663 517 641 500 639 500 638 500 636 500 634 500 572 522 567 524 565 522 541 502 539 502 537 502 499 502 497 502 362 526 364 562"/></Shape>
	    <String CONTENT="و ميش با هم آب بخورند بعنى حق و باطل و ظاهر و باطن"
                    HPOS="362"
                    VPOS="493"
                    WIDTH="978"
                    HEIGHT="104"
                    WC="0.9123436002170339"></String>
          </TextLine>

          
          
          <TextLine ID="eSc_line_c54fbd05"
                    TAGREFS="LT4834"
                    BASELINE="1110 646 1338 650" 
                    HPOS="1108"
                    VPOS="575"
                    WIDTH="230"
                    HEIGHT="108">
            <Shape><Polygon POINTS="1110 646 1108 659 1223 681 1225 683 1261 683 1261 681 1263 681 1265 681 1265 679 1281 664 1336 664 1338 650 1338 610 1294 575 1292 575 1290 575 1221 575 1219 575 1217 575 1216 575 1216 577 1181 610 1132 601 1130 601 1128 601 1110 608 1110 646"/></Shape>
	    <String CONTENT="دو يكى كردند"
                    HPOS="1108"
                    VPOS="575"
                    WIDTH="230"
                    HEIGHT="108"
                    WC="0.897819514075915"></String>
          </TextLine>

          
          
          <TextLine ID="eSc_line_74ff0597"
                    TAGREFS="LT4834"
                    BASELINE="373 754 1188 745" 
                    HPOS="371"
                    VPOS="679"
                    WIDTH="817"
                    HEIGHT="111">
            <Shape><Polygon POINTS="373 754 373 776 521 790 523 790 525 790 526 790 526 788 528 788 539 774 545 768 572 774 608 781 610 781 612 781 634 774 649 768 661 774 694 788 696 788 698 788 700 788 758 772 773 768 776 772 793 786 794 786 796 786 798 788 831 788 831 786 833 786 835 786 835 785 849 772 851 770 851 772 865 783 865 785 867 785 869 785 871 785 902 783 904 783 906 783 920 770 929 765 962 765 969 770 982 781 984 781 986 781 988 781 989 781 1019 770 1033 763 1044 768 1048 772 1050 772 1051 772 1053 772 1055 772 1057 772 1061 768 1064 766 1068 768 1079 779 1079 781 1081 781 1082 781 1084 781 1086 781 1115 768 1128 763 1185 766 1188 745 1183 703 1082 703 1081 703 1030 688 1028 688 1026 688 1024 688 1022 688 1006 701 991 688 991 686 989 686 988 686 929 684 927 684 926 684 887 704 838 681 836 681 835 681 833 681 798 697 698 708 692 708 663 681 663 679 661 679 659 679 658 679 656 679 618 695 597 683 596 683 594 683 592 683 590 683 588 683 577 692 536 679 534 679 532 679 408 681 406 681 404 681 371 704 373 754"/></Shape>
	    <String CONTENT="دحضرت محمد مصطفی صلی الله عليه و اکه و سلم می گويد که"
                    HPOS="371"
                    VPOS="679"
                    WIDTH="817"
                    HEIGHT="111"
                    WC="0.8263337297259636"></String>
          </TextLine>

          
          
          <TextLine ID="eSc_line_0fc775e1"
                    TAGREFS="LT4834"
                    BASELINE="377 847 1345 837" 
                    HPOS="375"
                    VPOS="786"
                    WIDTH="970"
                    HEIGHT="84">
            <Shape><Polygon POINTS="377 847 377 863 494 870 495 870 567 861 574 861 579 861 628 870 630 870 742 859 745 859 747 859 780 868 782 868 783 868 785 868 807 858 809 858 820 858 915 868 917 868 918 868 920 868 920 867 931 858 1041 867 1042 867 1143 856 1154 865 1155 865 1157 865 1159 867 1256 867 1256 865 1345 850 1345 837 1340 799 1283 805 1274 799 1256 788 1254 788 1252 788 1250 788 1150 801 1110 806 1103 803 1077 786 1075 786 1073 786 1072 786 1070 786 1068 786 1050 803 1048 805 1044 803 1026 786 1024 786 1022 786 1020 786 1019 786 995 796 958 786 957 786 955 786 953 786 915 806 907 808 902 806 856 786 855 786 816 786 814 786 813 786 811 786 787 808 785 808 752 796 751 796 749 796 747 796 718 808 700 790 700 788 698 788 696 788 628 788 627 788 625 788 585 810 444 805 443 805 375 814 377 847"/></Shape>
	    <String CONTENT="اميان من بعد از وفات من بهفتاد و سه کرده شوند هفتاد و"
                    HPOS="375"
                    VPOS="786"
                    WIDTH="970"
                    HEIGHT="84"
                    WC="0.8978636984555226"></String>
          </TextLine>

          
          
          <TextLine ID="eSc_line_7f52faf8"
                    TAGREFS="LT4834"
                    BASELINE="375 949 1341 939" 
                    HPOS="373"
                    VPOS="876"
                    WIDTH="968"
                    HEIGHT="98">
            <Shape><Polygon POINTS="375 949 375 965 386 974 388 974 390 974 391 974 393 974 446 961 546 974 548 974 550 974 552 974 570 960 690 972 692 972 694 972 696 972 696 970 711 958 758 958 760 958 800 970 802 970 804 972 953 972 953 970 955 970 991 961 1026 969 1028 969 1030 969 1031 969 1048 954 1243 954 1278 967 1279 967 1281 967 1283 967 1341 950 1341 939 1340 901 1296 876 1294 876 1292 876 1256 876 1254 876 1252 876 1250 876 1250 878 1223 905 1212 905 1141 907 1101 907 1101 905 1077 885 1077 883 1075 883 1073 883 1072 883 1070 883 1030 896 1011 879 1011 878 1010 878 1008 878 953 878 951 878 949 878 948 878 926 896 882 892 880 892 878 892 876 892 876 894 860 907 860 909 822 909 822 907 805 892 805 890 804 890 802 890 800 890 798 890 763 903 742 883 742 881 740 881 738 881 685 881 683 881 681 881 680 881 680 883 667 896 612 898 599 888 597 888 596 888 594 888 592 888 541 905 479 883 477 883 475 883 474 883 472 883 441 903 373 910 375 949"/></Shape>
	    <String CONTENT="دوهلک و دوزخى و يکی ناجى ورستگار از آن جمله ستى"
                    HPOS="373"
                    VPOS="876"
                    WIDTH="968"
                    HEIGHT="98"
                    WC="0.9279625626901785"></String>
          </TextLine>

          
          
          <TextLine ID="eSc_line_5fb5264b"
                    TAGREFS="LT4834"
                    BASELINE="371 1045 1343 1040" 
                    HPOS="370"
                    VPOS="970"
                    WIDTH="973"
                    HEIGHT="108">
            <Shape><Polygon POINTS="371 1045 371 1060 413 1058 419 1060 453 1076 455 1076 457 1076 459 1076 506 1060 510 1058 512 1060 532 1076 534 1076 536 1076 537 1078 581 1078 581 1076 583 1076 610 1062 627 1076 628 1076 630 1076 632 1078 694 1078 694 1076 696 1076 698 1076 720 1058 721 1056 767 1056 769 1056 785 1069 787 1069 789 1069 791 1069 793 1069 794 1069 805 1062 827 1074 829 1074 831 1074 907 1058 938 1074 940 1074 942 1076 1017 1076 1017 1074 1019 1074 1020 1074 1053 1054 1055 1054 1075 1054 1150 1054 1175 1071 1177 1071 1179 1071 1181 1071 1183 1071 1234 1054 1301 1072 1303 1072 1305 1072 1307 1072 1343 1051 1343 1040 1334 970 1312 983 1301 974 1301 972 1299 972 1298 972 1265 972 1263 972 1261 972 1259 972 1259 974 1236 996 1212 974 1210 974 1210 972 1208 972 1206 972 1205 972 1203 972 1190 976 1106 998 1046 980 1019 972 1017 972 1015 972 1013 972 1011 972 1000 981 975 1001 907 1001 887 987 886 987 884 987 882 987 880 987 835 1000 804 989 769 974 767 974 765 974 763 974 762 974 762 976 745 990 743 992 738 990 707 978 705 978 703 978 701 978 700 978 683 992 670 1003 588 1003 572 996 552 989 550 989 548 989 546 989 532 998 525 1001 521 998 497 978 497 976 495 976 494 976 441 976 439 976 437 976 435 976 435 978 412 1001 410 1003 370 1003 371 1045"/></Shape>
	    <String CONTENT="گويد كه بزرگان ما مى گويند از ميان خلق چيار هزار مرد برگزيده"
                    HPOS="370"
                    VPOS="970"
                    WIDTH="973"
                    HEIGHT="108"
                    WC="0.8960349996884663"></String>
          </TextLine>

          
          
          <TextLine ID="eSc_line_a9d48c63"
                    TAGREFS="LT4834"
                    BASELINE="377 1142 1341 1134" 
                    HPOS="375"
                    VPOS="1078"
                    WIDTH="966"
                    HEIGHT="98">
            <Shape><Polygon POINTS="377 1142 377 1158 395 1174 397 1174 399 1174 401 1176 461 1176 461 1174 463 1174 464 1174 464 1173 472 1165 492 1174 494 1174 495 1174 497 1174 534 1154 592 1174 594 1174 596 1174 628 1173 630 1173 632 1173 632 1171 652 1153 705 1153 754 1153 773 1171 773 1173 774 1173 776 1173 778 1173 864 1153 873 1151 957 1151 957 1153 975 1169 975 1171 977 1171 979 1171 980 1171 982 1171 1030 1158 1070 1171 1072 1171 1073 1171 1075 1171 1077 1171 1077 1169 1093 1153 1123 1151 1174 1149 1247 1149 1248 1151 1267 1167 1267 1169 1268 1169 1270 1169 1272 1171 1307 1171 1307 1169 1309 1169 1341 1151 1341 1134 1334 1083 1299 1100 1267 1100 1250 1083 1245 1080 1245 1078 1243 1078 1241 1078 1201 1078 1199 1078 1197 1078 1195 1078 1195 1080 1190 1083 1174 1098 1128 1085 1126 1085 1124 1085 1123 1085 1092 1098 1072 1083 1070 1082 1068 1082 1066 1082 1064 1082 1062 1082 1061 1082 1059 1083 1031 1100 973 1085 971 1085 969 1085 968 1085 966 1085 948 1098 875 1100 853 1087 851 1087 849 1087 847 1087 845 1087 814 1102 731 1083 725 1083 723 1083 721 1083 720 1083 720 1085 701 1103 669 1103 625 1083 618 1082 616 1082 614 1082 612 1082 610 1082 608 1083 579 1103 541 1083 539 1083 537 1083 461 1083 459 1083 457 1083 455 1083 455 1085 439 1100 421 1085 421 1083 419 1083 417 1083 415 1083 375 1083 377 1142"/></Shape>
	    <String CONTENT="ايم و از چهار هزار چهار صدواز چهار صد چبل و از جل چيا"
                    HPOS="375"
                    VPOS="1078"
                    WIDTH="966"
                    HEIGHT="98"
                    WC="0.8634193354057815"></String>
          </TextLine>

          
          
          <TextLine ID="eSc_line_a32bd83f"
                    TAGREFS="LT4834"
                    BASELINE="373 1242 1345 1233" 
                    HPOS="371"
                    VPOS="1158"
                    WIDTH="974"
                    HEIGHT="109">
            <Shape><Polygon POINTS="373 1242 373 1258 384 1267 386 1267 388 1267 390 1267 391 1267 422 1253 426 1253 428 1253 453 1264 455 1264 457 1264 459 1264 483 1253 501 1267 503 1267 505 1267 506 1267 572 1253 597 1266 599 1266 601 1267 654 1267 654 1266 778 1249 789 1249 793 1249 824 1264 825 1264 827 1264 829 1264 869 1249 884 1262 884 1264 886 1264 887 1264 889 1266 955 1266 955 1264 957 1264 958 1264 958 1262 975 1247 977 1247 1006 1247 1008 1247 1022 1260 1022 1262 1024 1262 1026 1262 1028 1262 1103 1251 1144 1262 1146 1262 1148 1262 1150 1262 1192 1246 1228 1246 1270 1246 1279 1253 1279 1255 1281 1255 1283 1255 1285 1255 1343 1244 1345 1233 1343 1191 1314 1182 1312 1182 1310 1182 1309 1182 1276 1191 1274 1191 1234 1158 1232 1158 1230 1158 1157 1158 1155 1158 1154 1158 1152 1158 1152 1160 1137 1174 1093 1160 1092 1160 1090 1160 1088 1160 1086 1160 1050 1191 1019 1165 1017 1165 1015 1165 1013 1165 1011 1165 986 1178 957 1160 955 1160 953 1160 951 1160 949 1160 891 1185 851 1164 849 1164 847 1164 845 1164 820 1176 800 1169 798 1169 796 1169 794 1169 793 1169 756 1196 752 1198 701 1198 700 1196 676 1178 674 1178 672 1178 670 1178 669 1178 614 1195 568 1180 567 1180 565 1180 563 1180 532 1195 501 1173 499 1173 497 1173 495 1173 494 1173 492 1173 459 1196 444 1185 443 1185 441 1185 439 1185 437 1185 435 1185 435 1187 422 1198 422 1200 371 1200 373 1242"/></Shape>
	    <String CONTENT="و از چيار يکی و گويد آن يکی قطب است و اين جهان برای او بر"
                    HPOS="371"
                    VPOS="1158"
                    WIDTH="974"
                    HEIGHT="109"
                    WC="0.8734096422277647"></String>
          </TextLine>

          
          
          <TextLine ID="eSc_line_79e42d80"
                    TAGREFS="LT4834"
                    BASELINE="377 1335 1341 1335" 
                    HPOS="377"
                    VPOS="1275"
                    WIDTH="964"
                    HEIGHT="93">
            <Shape><Polygon POINTS="377 1335 377 1344 415 1364 417 1364 419 1364 421 1364 455 1353 470 1366 472 1366 474 1366 475 1366 477 1366 521 1349 545 1366 546 1366 548 1366 550 1368 667 1368 667 1366 669 1366 670 1366 670 1364 687 1348 707 1355 709 1355 711 1355 789 1346 825 1366 827 1366 829 1366 831 1366 833 1366 851 1351 929 1366 931 1366 933 1366 979 1346 1019 1366 1020 1366 1022 1366 1024 1366 1075 1346 1124 1346 1157 1366 1159 1366 1161 1366 1163 1366 1164 1366 1205 1346 1254 1358 1256 1358 1257 1358 1259 1358 1261 1358 1261 1357 1276 1346 1341 1346 1341 1335 1341 1287 1325 1276 1323 1276 1321 1276 1319 1276 1318 1276 1288 1291 1281 1297 1274 1291 1250 1275 1248 1275 1247 1275 1061 1275 1059 1275 1057 1275 1020 1293 1015 1297 1004 1293 975 1286 973 1286 971 1286 969 1286 951 1295 948 1297 944 1295 926 1278 924 1278 922 1278 920 1278 918 1278 871 1295 864 1298 716 1298 700 1295 676 1293 658 1276 658 1275 656 1275 654 1275 652 1275 650 1275 649 1275 649 1276 630 1293 556 1276 554 1276 552 1276 550 1276 528 1297 526 1297 525 1297 441 1284 439 1284 437 1284 435 1284 435 1286 421 1297 421 1298 377 1298 377 1335"/></Shape>
	    <String CONTENT="ياست که پاک لخظه جهان بی او نباشد و عالم را بی او وجودی ه"
                    HPOS="377"
                    VPOS="1275"
                    WIDTH="964"
                    HEIGHT="93"
                    WC="0.8609612625941896"></String>
          </TextLine>

          
          
          <TextLine ID="eSc_line_e5b40a2e"
                    TAGREFS="LT4834"
                    BASELINE="373 1431 1340 1428" 
                    HPOS="371"
                    VPOS="1364"
                    WIDTH="969"
                    HEIGHT="100">
            <Shape><Polygon POINTS="373 1431 373 1444 384 1451 386 1451 388 1451 390 1451 391 1451 426 1442 481 1462 483 1462 484 1464 528 1464 528 1462 530 1462 532 1462 532 1460 552 1442 603 1442 649 1462 650 1462 652 1462 736 1450 751 1460 751 1462 752 1462 754 1462 756 1464 855 1464 855 1462 856 1462 858 1462 882 1446 984 1455 986 1455 1051 1448 1064 1459 1064 1460 1066 1460 1068 1460 1070 1462 1121 1462 1121 1460 1123 1460 1124 1460 1124 1459 1144 1440 1203 1450 1205 1450 1206 1450 1243 1440 1254 1450 1254 1451 1256 1451 1257 1451 1259 1451 1340 1437 1340 1428 1336 1393 1232 1393 1232 1391 1210 1371 1210 1369 1208 1369 1206 1369 1205 1369 1203 1369 1159 1391 1157 1393 1092 1393 1090 1391 1070 1375 1068 1375 1066 1375 1064 1375 991 1389 982 1391 980 1389 949 1369 948 1369 946 1369 944 1369 942 1369 940 1369 922 1386 906 1373 904 1373 902 1373 900 1373 898 1373 896 1373 875 1389 873 1391 869 1389 840 1368 838 1368 836 1368 835 1368 833 1368 809 1377 794 1364 793 1364 791 1364 789 1364 787 1364 762 1379 749 1366 749 1364 747 1364 745 1364 712 1364 711 1364 709 1364 665 1388 652 1395 614 1395 607 1388 588 1371 587 1371 585 1371 583 1371 581 1371 565 1379 545 1364 543 1364 541 1364 390 1364 388 1364 386 1364 384 1364 384 1366 371 1377 373 1431"/></Shape>
	    <String CONTENT="نماند و شيعيان مولانا را قايم القيامة گويند به عضی بلک السلام"
                    HPOS="371"
                    VPOS="1364"
                    WIDTH="969"
                    HEIGHT="100"
                    WC="0.9078812926519112"></String>
          </TextLine>

          
          
          <TextLine ID="eSc_line_a8998a77"
                    TAGREFS="LT4834"
                    BASELINE="379 1539 1345 1530" 
                    HPOS="377"
                    VPOS="1464"
                    WIDTH="968"
                    HEIGHT="100">
            <Shape><Polygon POINTS="379 1539 379 1552 395 1564 397 1564 399 1564 401 1564 402 1564 433 1550 525 1564 526 1564 528 1564 572 1550 588 1562 590 1562 592 1562 594 1562 596 1562 641 1552 678 1562 680 1562 681 1562 683 1562 685 1562 685 1561 700 1546 783 1546 838 1561 840 1561 842 1561 997 1544 1115 1559 1117 1559 1119 1559 1121 1559 1141 1544 1152 1553 1154 1553 1155 1553 1157 1553 1159 1553 1190 1542 1192 1542 1305 1557 1307 1557 1309 1557 1345 1541 1345 1530 1336 1464 1296 1491 1201 1491 1179 1470 1174 1466 1174 1464 1172 1464 1170 1464 1168 1464 1166 1464 1150 1471 1112 1488 1097 1473 1090 1468 1090 1466 1088 1466 1086 1466 1041 1464 1039 1464 1037 1464 1035 1464 1020 1477 1000 1493 955 1493 918 1481 882 1466 880 1466 844 1466 842 1466 840 1466 838 1466 838 1468 822 1484 811 1495 767 1495 756 1486 738 1470 736 1470 734 1470 732 1470 731 1470 712 1479 703 1470 703 1468 701 1468 700 1468 643 1468 641 1468 639 1468 638 1468 638 1470 621 1482 572 1470 570 1470 568 1470 567 1470 530 1490 481 1470 479 1470 477 1470 475 1470 474 1470 474 1471 459 1486 377 1499 379 1539"/></Shape>
	    <String CONTENT="تام برند و بعضی محمد مهدی نيزگويند و بعضی گويند محمد بن حسن"
                    HPOS="377"
                    VPOS="1464"
                    WIDTH="968"
                    HEIGHT="100"
                    WC="0.9143638893709345"></String>
          </TextLine>

          
          
          <TextLine ID="eSc_line_1296ee46"
                    TAGREFS="LT4834"
                    BASELINE="377 1626 1334 1615" 
                    HPOS="375"
                    VPOS="1559"
                    WIDTH="959"
                    HEIGHT="98">
            <Shape><Polygon POINTS="377 1626 377 1641 472 1641 486 1654 486 1655 488 1655 490 1655 534 1657 536 1657 537 1657 577 1643 594 1655 596 1655 597 1655 599 1655 656 1654 658 1654 694 1637 721 1654 723 1654 725 1654 727 1654 900 1637 922 1652 924 1652 926 1652 927 1652 929 1652 957 1643 969 1652 971 1652 973 1652 975 1652 977 1652 1035 1635 1050 1648 1050 1650 1051 1650 1053 1650 1055 1650 1137 1635 1270 1648 1272 1648 1274 1648 1276 1648 1276 1646 1290 1632 1334 1628 1334 1615 1330 1564 1290 1559 1288 1559 1287 1559 1270 1566 1228 1583 1217 1572 1217 1570 1216 1570 1214 1570 1205 1568 1155 1561 1154 1561 1152 1561 1150 1561 1150 1562 1141 1570 1124 1584 1075 1584 1051 1572 1042 1568 1041 1568 1039 1568 1037 1568 1035 1568 1028 1573 1006 1586 977 1575 946 1562 944 1562 904 1562 902 1562 900 1562 898 1562 898 1564 882 1577 875 1586 856 1579 831 1568 829 1568 827 1568 825 1568 780 1581 758 1588 751 1583 732 1566 732 1564 731 1564 729 1564 707 1564 705 1564 703 1564 701 1564 701 1566 683 1584 678 1592 638 1592 630 1586 608 1572 607 1572 605 1572 603 1572 601 1572 599 1572 579 1586 528 1579 526 1579 525 1579 501 1590 499 1592 497 1590 463 1568 461 1568 459 1568 402 1568 401 1568 399 1568 397 1568 375 1584 377 1626"/></Shape>
	    <String CONTENT="عکری از غار برون خواهد آمد و بعضی بر مخمد صنفيه بندند که"
                    HPOS="375"
                    VPOS="1559"
                    WIDTH="959"
                    HEIGHT="98"
                    WC="0.8453925915977412"></String>
          </TextLine>

          
          
          <TextLine ID="eSc_line_62eb85b4"
                    TAGREFS="LT4834"
                    BASELINE="375 1726 1349 1712" 
                    HPOS="373"
                    VPOS="1648"
                    WIDTH="976"
                    HEIGHT="108">
            <Shape><Polygon POINTS="375 1726 375 1736 426 1756 428 1756 430 1756 539 1754 541 1754 543 1754 567 1736 597 1745 599 1745 601 1745 603 1745 625 1734 692 1734 716 1752 718 1752 720 1752 721 1752 776 1750 778 1750 780 1750 800 1736 898 1748 900 1748 902 1748 904 1748 926 1732 980 1741 982 1741 984 1741 986 1741 986 1739 999 1730 1019 1746 1020 1746 1022 1746 1024 1748 1104 1748 1104 1746 1106 1746 1108 1746 1139 1726 1185 1737 1186 1737 1188 1737 1190 1737 1192 1737 1192 1736 1203 1726 1272 1734 1274 1734 1276 1734 1296 1725 1312 1736 1314 1736 1316 1736 1318 1736 1319 1736 1349 1721 1349 1712 1345 1677 1301 1666 1299 1666 1298 1666 1296 1666 1283 1677 1283 1679 1201 1679 1174 1654 1174 1652 1172 1652 1170 1652 1168 1652 1166 1652 1148 1659 1104 1648 1103 1648 1101 1648 1099 1648 1097 1648 1097 1650 1062 1681 1062 1683 1028 1683 1026 1681 991 1663 989 1663 988 1663 986 1663 984 1663 953 1683 951 1683 886 1670 884 1670 882 1670 880 1670 864 1683 822 1654 820 1654 818 1654 765 1654 763 1654 762 1654 696 1686 667 1672 665 1672 663 1672 625 1679 601 1661 599 1661 597 1661 505 1657 503 1657 501 1657 499 1657 499 1659 481 1677 457 1659 455 1659 453 1659 417 1659 415 1659 413 1659 412 1659 373 1685 375 1726"/></Shape>
	    <String CONTENT="اوست و بهعضى گويند بنوز در شكم مادراست هر كس بر آى"
                    HPOS="373"
                    VPOS="1648"
                    WIDTH="976"
                    HEIGHT="108"
                    WC="0.902296872699962"></String>
          </TextLine>

          
          
          <TextLine ID="eSc_line_6b7a44ad"
                    TAGREFS="LT4834"
                    BASELINE="399 1823 1349 1828" 
                    HPOS="397"
                    VPOS="1759"
                    WIDTH="952"
                    HEIGHT="95">
            <Shape><Polygon POINTS="399 1823 397 1830 550 1836 570 1850 572 1850 574 1850 576 1852 576 1850 577 1850 579 1850 597 1838 638 1843 639 1843 641 1843 665 1834 716 1852 718 1852 720 1852 721 1852 756 1839 793 1852 794 1852 796 1852 798 1852 800 1852 800 1850 816 1836 860 1850 862 1850 864 1850 865 1850 900 1841 911 1850 911 1852 913 1852 915 1852 917 1854 966 1854 966 1852 968 1852 969 1852 969 1850 986 1836 1006 1836 1008 1836 1028 1854 1030 1854 1031 1854 1033 1854 1347 1838 1349 1828 1349 1787 1270 1763 1268 1763 1267 1763 1265 1763 1263 1763 1228 1787 1226 1787 1214 1787 1155 1779 1154 1779 1152 1779 1128 1785 1117 1788 1113 1785 1097 1770 1095 1770 1093 1770 1092 1770 1048 1777 1033 1763 1033 1761 1031 1761 1030 1761 984 1761 982 1761 980 1761 979 1761 979 1763 955 1785 953 1788 849 1788 847 1785 836 1776 836 1774 835 1774 833 1774 831 1774 829 1774 827 1774 827 1776 816 1785 813 1788 774 1788 771 1785 747 1763 747 1761 745 1761 743 1761 714 1759 712 1759 711 1759 627 1783 616 1774 616 1772 614 1772 612 1772 610 1772 570 1776 554 1761 554 1759 552 1759 550 1759 508 1759 506 1759 505 1759 464 1781 399 1783 399 1823"/></Shape>
	    <String CONTENT="و قياس خود چيزی می گويند و قاتميان که محقان روزگار اند"
                    HPOS="397"
                    VPOS="1759"
                    WIDTH="952"
                    HEIGHT="95"
                    WC="0.9051579689538037"></String>
          </TextLine>

          
          
          <TextLine ID="eSc_line_77e247e2"
                    TAGREFS="LT4834"
                    BASELINE="373 1918 1343 1918" 
                    HPOS="373"
                    VPOS="1852"
                    WIDTH="970"
                    HEIGHT="111">
            <Shape><Polygon POINTS="373 1918 373 1938 417 1938 419 1938 441 1960 441 1961 443 1961 444 1961 446 1961 503 1952 561 1961 563 1961 565 1961 567 1961 592 1941 632 1958 634 1958 636 1958 638 1958 639 1958 656 1945 680 1952 681 1952 683 1952 685 1952 723 1938 725 1938 782 1938 783 1938 796 1949 796 1951 798 1951 800 1951 802 1951 804 1951 847 1938 851 1938 889 1938 900 1947 900 1949 902 1949 904 1949 906 1949 907 1949 909 1949 920 1940 948 1960 949 1960 951 1960 953 1960 955 1960 957 1960 957 1958 971 1945 1020 1945 1061 1961 1062 1961 1064 1963 1197 1963 1197 1961 1199 1961 1201 1961 1241 1938 1259 1947 1261 1947 1263 1947 1343 1936 1343 1918 1343 1878 1292 1874 1278 1861 1278 1859 1276 1859 1274 1859 1272 1859 1270 1859 1268 1859 1250 1874 1228 1854 1228 1852 1226 1852 1225 1852 1113 1852 1112 1852 1110 1852 1057 1876 1030 1852 1028 1852 1026 1852 993 1852 991 1852 989 1852 988 1852 988 1854 964 1878 825 1878 796 1852 794 1852 793 1852 763 1852 762 1852 760 1852 758 1852 758 1854 734 1874 721 1865 720 1865 718 1865 716 1865 714 1865 694 1876 669 1856 667 1856 665 1856 663 1856 661 1856 659 1856 659 1858 647 1869 638 1861 636 1861 634 1861 632 1861 630 1861 574 1876 546 1852 545 1852 543 1852 468 1852 466 1852 464 1852 373 1876 373 1918"/></Shape>
	    <String CONTENT="مولانا را قاتم القيامت گويند و مولانا ملک السلام را انام ستفر"
                    HPOS="373"
                    VPOS="1852"
                    WIDTH="970"
                    HEIGHT="111"
                    WC="0.9145296113412889"></String>
          </TextLine>

          
        </TextBlock>
        
        <TextBlock HPOS="763"
                   VPOS="174"
                   WIDTH="152"
                   HEIGHT="86"
                   ID="eSc_textblock_bcf23373"
                   TAGREFS="BT16059">
          <Shape><Polygon POINTS="793 174 900 174 915 245 778 260 763 211 793 174"/></Shape>
          
          
          <TextLine ID="eSc_line_cf5a8205"
                    TAGREFS="LT4834"
                    BASELINE="796 233 865 227" 
                    HPOS="793"
                    VPOS="191"
                    WIDTH="72"
                    HEIGHT="73">
            <Shape><Polygon POINTS="796 233 796 255 816 264 818 264 820 264 822 264 865 247 865 227 860 191 793 198 796 233"/></Shape>
	    <String CONTENT=""
                    HPOS="793"
                    VPOS="191"
                    WIDTH="72"
                    HEIGHT="73"></String>
          </TextLine>

          
        </TextBlock>
        
        <TextBlock HPOS="829"
                   VPOS="1996"
                   WIDTH="42"
                   HEIGHT="42"
                   ID="eSc_textblock_a528127e"
                   TAGREFS="BT16061">
          <Shape><Polygon POINTS="844 1996 871 2011 864 2038 829 2031 844 1996"/></Shape>
          
        </TextBlock>
        

        
      </PrintSpace>
    </Page>
  </Layout>
</alto>
