<?xml version="1.0" encoding="UTF-8"?>
<alto xmlns:xsi="http://www.w3.org/2001/XMLSchema-instance"
      xmlns="http://www.loc.gov/standards/alto/ns-v4#"
      xsi:schemaLocation="http://www.loc.gov/standards/alto/ns-v4# http://www.loc.gov/standards/alto/v4/alto-4-2.xsd">
  <Description>
    <MeasurementUnit>pixel</MeasurementUnit>
    <sourceImageInformation>
      <fileName>TwoIsmailiTreatises059.jpg</fileName>
      
    </sourceImageInformation>
  </Description>
  
  <Tags>
    <OtherTag ID="BT16074" LABEL="MarginTextZone:commentary" DESCRIPTION="block type MarginTextZone:commentary"/><OtherTag ID="BT16073" LABEL="MarginTextZone:note#1" DESCRIPTION="block type MarginTextZone:note#1"/><OtherTag ID="BT16072" LABEL="MainZone:column#2" DESCRIPTION="block type MainZone:column#2"/><OtherTag ID="BT16071" LABEL="MainZone:column#3" DESCRIPTION="block type MainZone:column#3"/><OtherTag ID="BT16070" LABEL="GraphicZone:illustration" DESCRIPTION="block type GraphicZone:illustration"/><OtherTag ID="BT16069" LABEL="MainZone:column#1" DESCRIPTION="block type MainZone:column#1"/><OtherTag ID="BT16068" LABEL="MarginTextZone:note#2" DESCRIPTION="block type MarginTextZone:note#2"/><OtherTag ID="BT16067" LABEL="CustomZone:publication" DESCRIPTION="block type CustomZone:publication"/><OtherTag ID="BT16066" LABEL="RunningTitleZone" DESCRIPTION="block type RunningTitleZone"/><OtherTag ID="BT16065" LABEL="NumberingZone" DESCRIPTION="block type NumberingZone"/><OtherTag ID="BT16064" LABEL="default" DESCRIPTION="block type default"/><OtherTag ID="BT16063" LABEL="TitlePageZone" DESCRIPTION="block type TitlePageZone"/><OtherTag ID="BT16062" LABEL="NumberingZone:other" DESCRIPTION="block type NumberingZone:other"/><OtherTag ID="BT16061" LABEL="QuireMarksZone:catchwords" DESCRIPTION="block type QuireMarksZone:catchwords"/><OtherTag ID="BT16060" LABEL="MainZone" DESCRIPTION="block type MainZone"/><OtherTag ID="BT16059" LABEL="NumberingZone:page" DESCRIPTION="block type NumberingZone:page"/><OtherTag ID="BT16058" LABEL="MarginTextZone:note" DESCRIPTION="block type MarginTextZone:note"/><OtherTag ID="BT16057" LABEL="DigitizationArtefactZone" DESCRIPTION="block type DigitizationArtefactZone"/><OtherTag ID="BT4" LABEL="Illustration" DESCRIPTION="block type Illustration"/><OtherTag ID="BT3" LABEL="Commentary" DESCRIPTION="block type Commentary"/><OtherTag ID="BT2" LABEL="Main" DESCRIPTION="block type Main"/><OtherTag ID="BT1" LABEL="Title" DESCRIPTION="block type Title"/>
    <OtherTag ID="LT4834" LABEL="DefaultLine" DESCRIPTION="line type DefaultLine"/><OtherTag ID="LT4835" LABEL="HeadingLine:title" DESCRIPTION="line type HeadingLine:title"/>
  </Tags>
  
  <Layout>
    <Page WIDTH="1493"
          HEIGHT="2162"
          PHYSICAL_IMG_NR="55"
          ID="eSc_dummypage_">
      <PrintSpace HPOS="0"
                  VPOS="0"
                  WIDTH="1493"
                  HEIGHT="2162">
        
        <TextBlock HPOS="151"
                   VPOS="237"
                   WIDTH="1058"
                   HEIGHT="388"
                   ID="eSc_textblock_5bee2e5b"
                   TAGREFS="BT16060">
          <Shape><Polygon POINTS="256 237 1130 259 1181 331 1159 408 1188 475 1173 524 1209 567 1166 625 194 610 151 353 209 259 256 237"/></Shape>
          
          
          <TextLine ID="eSc_line_6b642a30"
                    TAGREFS="LT4834"
                    BASELINE="322 297 351 297" 
                    HPOS="322"
                    VPOS="270"
                    WIDTH="29"
                    HEIGHT="63">
            <Shape><Polygon POINTS="322 297 322 331 349 333 351 297 351 275 322 270 322 297"/></Shape>
	    <String CONTENT=""
                    HPOS="322"
                    VPOS="270"
                    WIDTH="29"
                    HEIGHT="63"></String>
          </TextLine>

          
          
          <TextLine ID="eSc_line_d980ac3b"
                    TAGREFS="LT4834"
                    BASELINE="328 378 959 365" 
                    HPOS="326"
                    VPOS="306"
                    WIDTH="633"
                    HEIGHT="108">
            <Shape><Polygon POINTS="328 378 328 398 351 414 353 414 355 414 357 414 504 392 506 392 530 405 531 405 533 405 535 405 553 396 566 408 566 410 567 410 569 410 571 410 573 410 598 401 645 408 647 408 649 408 688 389 696 389 730 389 750 405 750 407 751 407 753 407 755 407 867 405 959 381 959 365 955 306 896 306 894 306 892 306 890 306 890 308 888 308 860 336 742 336 710 317 708 315 706 315 705 315 703 315 701 315 694 318 658 338 636 320 627 313 625 313 623 313 622 313 620 313 618 313 607 322 586 342 566 342 542 326 528 315 526 315 524 315 522 315 521 315 519 315 497 327 490 333 485 329 468 315 467 315 465 315 416 315 414 315 412 315 411 315 382 333 360 317 358 317 357 317 355 317 353 317 351 317 326 331 328 378"/></Shape>
	    <String CONTENT="فهر ست اسما واصطلاحا"
                    HPOS="326"
                    VPOS="306"
                    WIDTH="633"
                    HEIGHT="108"
                    WC="0.9312579870223999"></String>
          </TextLine>

          
          
          <TextLine ID="eSc_line_71efd112"
                    TAGREFS="LT4834"
                    BASELINE="382 502 930 493" 
                    HPOS="380"
                    VPOS="436"
                    WIDTH="550"
                    HEIGHT="100">
            <Shape><Polygon POINTS="382 502 382 520 411 535 412 535 414 536 476 536 476 535 477 535 479 535 479 533 492 522 521 533 522 533 524 533 586 520 602 531 604 531 605 531 607 533 688 533 688 531 690 531 746 517 834 527 836 527 930 511 930 493 925 436 840 437 838 437 836 437 836 439 833 441 818 455 806 446 804 446 802 446 800 446 798 446 760 468 730 468 706 450 705 450 703 450 701 450 699 450 697 450 656 468 627 455 625 455 623 455 622 455 620 455 618 455 618 457 605 468 580 459 578 459 577 459 575 459 573 459 560 472 521 472 503 464 470 452 468 452 467 452 465 452 463 452 439 468 434 472 430 470 412 461 411 461 409 461 407 461 380 470 382 502"/></Shape>
	    <String CONTENT="که در کتاب مفت باب موجودا"
                    HPOS="380"
                    VPOS="436"
                    WIDTH="550"
                    HEIGHT="100"
                    WC="0.9280621671676635"></String>
          </TextLine>

          
          
          <TextLine ID="eSc_line_c5e00d49"
                    TAGREFS="LT4834"
                    BASELINE="192 598 1110 601" 
                    HPOS="191"
                    VPOS="531"
                    WIDTH="919"
                    HEIGHT="110">
            <Shape><Polygon POINTS="192 596 192 598 191 628 212 637 214 637 216 639 248 639 248 637 250 637 252 637 252 635 261 628 265 625 274 628 302 637 304 637 306 639 432 639 432 637 434 637 436 637 436 635 443 630 450 621 486 617 510 632 512 632 513 632 515 632 524 632 625 617 645 634 650 639 652 639 654 639 656 641 708 641 708 639 710 639 712 639 712 637 715 634 732 619 822 619 842 635 845 639 847 639 849 639 851 639 852 639 863 635 925 619 1054 619 1105 639 1110 601 1107 533 1054 553 988 535 979 533 977 533 975 533 961 536 917 545 851 538 804 533 802 533 800 533 786 540 768 547 760 540 759 538 757 538 755 538 658 535 656 535 654 535 652 535 640 542 620 554 566 554 549 544 530 531 528 531 526 531 524 531 522 531 483 545 463 554 411 554 402 547 376 531 375 531 373 531 371 531 369 531 320 549 310 554 241 554 238 551 230 544 228 544 227 544 225 544 223 544 194 551 192 596"/></Shape>
	    <String CONTENT="انمره به صفحه های نسخه اصلی اشاره است که در خواشی نوشته"
                    HPOS="191"
                    VPOS="531"
                    WIDTH="919"
                    HEIGHT="110"
                    WC="0.878570944070816"></String>
          </TextLine>

          
        </TextBlock>
        
        <TextBlock HPOS="569"
                   VPOS="122"
                   WIDTH="179"
                   HEIGHT="99"
                   ID="eSc_textblock_e5545edd"
                   TAGREFS="BT16059">
          <Shape><Polygon POINTS="645 122 733 136 748 185 668 221 577 199 569 144 645 122"/></Shape>
          
          
          <TextLine ID="eSc_line_805fce39"
                    TAGREFS="LT4834"
                    BASELINE="596 174 696 174" 
                    HPOS="596"
                    VPOS="129"
                    WIDTH="100"
                    HEIGHT="70">
            <Shape><Polygon POINTS="596 174 596 192 607 199 609 199 611 199 613 199 696 189 696 174 696 144 636 129 634 129 632 129 631 129 596 144 596 174"/></Shape>
	    <String CONTENT="ع"
                    HPOS="596"
                    VPOS="129"
                    WIDTH="100"
                    HEIGHT="70"
                    WC="0.9919794797897339"></String>
          </TextLine>

          
        </TextBlock>
        
        <TextBlock HPOS="151"
                   VPOS="1073"
                   WIDTH="1066"
                   HEIGHT="856"
                   ID="eSc_textblock_44b3eeb4"
                   TAGREFS="BT16060">
          <Shape><Polygon POINTS="1152 1073 1209 1102 1188 1165 1159 1174 1209 1210 1188 1268 1217 1405 1195 1893 654 1929 173 1893 165 1686 194 1643 158 1634 158 1599 180 1583 173 1398 194 1369 151 1297 194 1268 151 1217 353 1181 879 1203 923 1181 1152 1181 721 1136 800 1102 1152 1073"/></Shape>
          
          
          <TextLine ID="eSc_line_cd167b61"
                    TAGREFS="LT4834"
                    BASELINE="1087 1180 1154 1172" 
                    HPOS="1085"
                    VPOS="1147"
                    WIDTH="69"
                    HEIGHT="45">
            <Shape><Polygon POINTS="1121 1174 1103 1176 1085 1176 1087 1180 1087 1192 1154 1183 1154 1172 1146 1147 1121 1156 1121 1174"/></Shape>
	    <String CONTENT=""
                    HPOS="1085"
                    VPOS="1147"
                    WIDTH="69"
                    HEIGHT="45"></String>
          </TextLine>

          
          
          <TextLine ID="eSc_line_e5016e83"
                    TAGREFS="LT4834"
                    BASELINE="733 1374 809 1371" 
                    HPOS="730"
                    VPOS="1327"
                    WIDTH="79"
                    HEIGHT="74">
            <Shape><Polygon POINTS="733 1374 733 1396 769 1401 771 1401 773 1401 809 1380 809 1371 806 1329 730 1327 733 1374"/></Shape>
	    <String CONTENT=""
                    HPOS="730"
                    VPOS="1327"
                    WIDTH="79"
                    HEIGHT="74"></String>
          </TextLine>

          
          
          <TextLine ID="eSc_line_c6d4aa17"
                    TAGREFS="LT4834"
                    BASELINE="194 1381 279 1381" 
                    HPOS="194"
                    VPOS="1338"
                    WIDTH="85"
                    HEIGHT="67">
            <Shape><Polygon POINTS="194 1381 194 1405 279 1396 279 1381 279 1349 227 1338 225 1338 223 1338 194 1347 194 1381"/></Shape>
	    <String CONTENT=""
                    HPOS="194"
                    VPOS="1338"
                    WIDTH="85"
                    HEIGHT="67"></String>
          </TextLine>

          
          
          <TextLine ID="eSc_line_3ece9ad9"
                    TAGREFS="LT4834"
                    BASELINE="746 1473 795 1468" 
                    HPOS="741"
                    VPOS="1428"
                    WIDTH="54"
                    HEIGHT="63">
            <Shape><Polygon POINTS="746 1473 746 1486 769 1491 771 1491 773 1491 775 1491 795 1477 795 1468 787 1428 741 1432 746 1473"/></Shape>
	    <String CONTENT=""
                    HPOS="741"
                    VPOS="1428"
                    WIDTH="54"
                    HEIGHT="63"></String>
          </TextLine>

          
          
          <TextLine ID="eSc_line_c4091e6d"
                    TAGREFS="LT4834"
                    BASELINE="744 1567 822 1560" 
                    HPOS="739"
                    VPOS="1522"
                    WIDTH="83"
                    HEIGHT="68">
            <Shape><Polygon POINTS="744 1567 744 1583 757 1590 759 1590 760 1590 762 1590 764 1590 822 1572 822 1560 815 1522 739 1527 744 1567"/></Shape>
	    <String CONTENT=""
                    HPOS="739"
                    VPOS="1522"
                    WIDTH="83"
                    HEIGHT="68"></String>
          </TextLine>

          
          
          <TextLine ID="eSc_line_ce30c58a"
                    TAGREFS="LT4834"
                    BASELINE="744 1662 816 1655" 
                    HPOS="739"
                    VPOS="1607"
                    WIDTH="77"
                    HEIGHT="66">
            <Shape><Polygon POINTS="744 1662 744 1673 816 1666 816 1655 809 1607 739 1614 744 1662"/></Shape>
	    <String CONTENT="عرم"
                    HPOS="739"
                    VPOS="1607"
                    WIDTH="77"
                    HEIGHT="66"
                    WC="0.996032694975535"></String>
          </TextLine>

          
          
          <TextLine ID="eSc_line_91f66dc2"
                    TAGREFS="LT4834"
                    BASELINE="522 1673 640 1664" 
                    HPOS="519"
                    VPOS="1616"
                    WIDTH="121"
                    HEIGHT="86">
            <Shape><Polygon POINTS="522 1673 522 1689 540 1702 542 1702 544 1702 546 1702 548 1702 640 1677 640 1664 636 1628 567 1616 566 1616 564 1616 562 1616 562 1617 544 1637 519 1639 522 1673"/></Shape>
	    <String CONTENT="ادلى"
                    HPOS="519"
                    VPOS="1616"
                    WIDTH="121"
                    HEIGHT="86"
                    WC="0.9787136316299438"></String>
          </TextLine>

          
          
          <TextLine ID="eSc_line_e7f5213f"
                    TAGREFS="LT4834"
                    BASELINE="474 1772 641 1763" 
                    HPOS="470"
                    VPOS="1716"
                    WIDTH="171"
                    HEIGHT="89">
            <Shape><Polygon POINTS="474 1772 474 1789 490 1796 492 1796 494 1796 539 1787 569 1805 571 1805 573 1805 575 1805 614 1801 616 1801 618 1801 641 1780 641 1763 638 1722 575 1716 573 1716 571 1716 537 1733 531 1735 528 1733 512 1722 510 1722 508 1722 506 1722 504 1722 470 1736 474 1772"/></Shape>
	    <String CONTENT="ابل ببشت"
                    HPOS="470"
                    VPOS="1716"
                    WIDTH="171"
                    HEIGHT="89"
                    WC="0.851825762540102"></String>
          </TextLine>

          
          
          <TextLine ID="eSc_line_fee63062"
                    TAGREFS="LT4834"
                    BASELINE="952 1855 1182 1850" 
                    HPOS="950"
                    VPOS="1798"
                    WIDTH="232"
                    HEIGHT="100">
            <Shape><Polygon POINTS="952 1855 952 1868 1103 1898 1105 1898 1132 1897 1134 1897 1135 1897 1182 1864 1182 1850 1181 1812 1139 1798 1137 1798 1135 1798 1134 1798 1132 1798 1112 1814 1053 1814 1031 1798 1029 1798 1027 1798 1025 1798 1024 1798 950 1817 952 1855"/></Shape>
	    <String CONTENT="امام ل مولانا"
                    HPOS="950"
                    VPOS="1798"
                    WIDTH="232"
                    HEIGHT="100"
                    WC="0.8394842331226056"></String>
          </TextLine>

          
          
          <TextLine ID="eSc_line_ef3f07e0"
                    TAGREFS="LT4834"
                    BASELINE="194 1871 643 1862" 
                    HPOS="192"
                    VPOS="1816"
                    WIDTH="451"
                    HEIGHT="93">
            <Shape><Polygon POINTS="194 1871 196 1909 247 1895 324 1906 353 1909 355 1909 418 1907 420 1907 432 1902 463 1889 512 1900 517 1900 519 1900 521 1900 522 1900 539 1891 551 1898 562 1904 564 1904 566 1904 643 1895 643 1862 638 1817 560 1826 539 1821 522 1816 521 1816 519 1816 517 1816 488 1823 457 1830 378 1826 228 1821 227 1821 225 1821 192 1832 194 1871"/></Shape>
	    <String CONTENT="ابل ترتب مرهده عماهسر"
                    HPOS="192"
                    VPOS="1816"
                    WIDTH="451"
                    HEIGHT="93"
                    WC="0.7737770094757989"></String>
          </TextLine>

          
          
          <TextLine ID="eSc_line_97be0542"
                    TAGREFS="LT4834"
                    BASELINE="198 1282 250 1279" 
                    HPOS="194"
                    VPOS="1235"
                    WIDTH="56"
                    HEIGHT="67">
            <Shape><Polygon POINTS="198 1282 198 1302 250 1291 250 1279 245 1235 194 1235 198 1282"/></Shape>
	    <String CONTENT="مو"
                    HPOS="194"
                    VPOS="1235"
                    WIDTH="56"
                    HEIGHT="67"
                    WC="0.951298862695694"></String>
          </TextLine>

          
          
          <TextLine ID="eSc_line_d345cc63"
                    TAGREFS="LT4834"
                    BASELINE="194 1486 275 1482" 
                    HPOS="191"
                    VPOS="1444"
                    WIDTH="84"
                    HEIGHT="65">
            <Shape><Polygon POINTS="194 1486 194 1497 230 1509 232 1509 234 1509 236 1509 275 1495 275 1482 272 1452 191 1444 194 1486"/></Shape>
	    <String CONTENT=""
                    HPOS="191"
                    VPOS="1444"
                    WIDTH="84"
                    HEIGHT="65"></String>
          </TextLine>

          
          
          <TextLine ID="eSc_line_fa8b6e5d"
                    TAGREFS="LT4834"
                    BASELINE="944 1762 1177 1753" 
                    HPOS="943"
                    VPOS="1686"
                    WIDTH="234"
                    HEIGHT="101">
            <Shape><Polygon POINTS="944 1762 944 1772 986 1787 988 1787 989 1787 991 1787 993 1787 993 1785 1007 1772 1036 1783 1038 1783 1040 1783 1094 1774 1121 1781 1123 1781 1125 1781 1126 1781 1128 1781 1128 1780 1143 1765 1177 1763 1177 1753 1170 1686 1128 1688 1126 1688 1125 1688 1125 1689 1123 1689 1121 1693 1110 1706 1063 1716 1035 1706 1016 1700 1015 1700 1013 1700 1011 1700 1009 1700 1009 1702 997 1713 989 1720 943 1720 944 1762"/></Shape>
	    <String CONTENT="الموت ر قلعه"
                    HPOS="943"
                    VPOS="1686"
                    WIDTH="234"
                    HEIGHT="101"
                    WC="0.8825491468111674"></String>
          </TextLine>

          
          
          <TextLine ID="eSc_line_7ff75614"
                    TAGREFS="LT4834"
                    BASELINE="741 1277 858 1273" 
                    HPOS="739"
                    VPOS="1230"
                    WIDTH="119"
                    HEIGHT="78">
            <Shape><Polygon POINTS="741 1277 741 1293 802 1308 804 1308 858 1295 858 1273 852 1230 739 1243 741 1277"/></Shape>
	    <String CONTENT="همه"
                    HPOS="739"
                    VPOS="1230"
                    WIDTH="119"
                    HEIGHT="78"
                    WC="0.9876949588457743"></String>
          </TextLine>

          
          
          <TextLine ID="eSc_line_854a1833"
                    TAGREFS="LT4834"
                    BASELINE="403 1279 634 1273" 
                    HPOS="402"
                    VPOS="1232"
                    WIDTH="232"
                    HEIGHT="65">
            <Shape><Polygon POINTS="403 1279 403 1286 477 1297 479 1297 634 1280 634 1273 631 1232 402 1232 403 1279"/></Shape>
	    <String CONTENT="أييا وأوليا"
                    HPOS="402"
                    VPOS="1232"
                    WIDTH="232"
                    HEIGHT="65"
                    WC="0.8869368433952332"></String>
          </TextLine>

          
          
          <TextLine ID="eSc_line_7515b586"
                    TAGREFS="LT4834"
                    BASELINE="418 1383 638 1376" 
                    HPOS="416"
                    VPOS="1331"
                    WIDTH="222"
                    HEIGHT="79">
            <Shape><Polygon POINTS="418 1383 418 1410 448 1410 450 1410 452 1410 454 1408 474 1390 506 1401 524 1408 526 1408 528 1408 636 1385 638 1376 634 1340 497 1331 495 1331 494 1331 461 1347 457 1351 416 1351 418 1383"/></Shape>
	    <String CONTENT="آنسان صغير"
                    HPOS="416"
                    VPOS="1331"
                    WIDTH="222"
                    HEIGHT="79"
                    WC="0.9107397794723511"></String>
          </TextLine>

          
          
          <TextLine ID="eSc_line_a5552055"
                    TAGREFS="LT4834"
                    BASELINE="421 1479 634 1471" 
                    HPOS="420"
                    VPOS="1410"
                    WIDTH="214"
                    HEIGHT="99">
            <Shape><Polygon POINTS="421 1479 421 1497 430 1506 430 1507 432 1507 434 1507 436 1509 474 1509 474 1507 519 1500 521 1500 522 1500 522 1498 524 1498 533 1488 553 1497 555 1497 557 1497 634 1482 634 1471 632 1434 605 1419 604 1419 602 1419 600 1419 598 1419 598 1421 580 1437 575 1443 569 1437 539 1410 537 1410 535 1410 533 1410 494 1412 492 1412 490 1412 490 1414 457 1446 456 1450 420 1450 421 1479"/></Shape>
	    <String CONTENT="آتسان گبير"
                    HPOS="420"
                    VPOS="1410"
                    WIDTH="214"
                    HEIGHT="99"
                    WC="0.9158055836504156"></String>
          </TextLine>

          
          
          <TextLine ID="eSc_line_0fd85815"
                    TAGREFS="LT4834"
                    BASELINE="198 1571 645 1567" 
                    HPOS="196"
                    VPOS="1511"
                    WIDTH="449"
                    HEIGHT="94">
            <Shape><Polygon POINTS="198 1571 198 1587 266 1587 297 1605 299 1605 301 1605 302 1605 393 1592 416 1605 418 1605 420 1605 485 1603 486 1603 517 1587 560 1603 562 1603 564 1603 566 1603 645 1581 645 1567 641 1527 578 1526 562 1511 560 1511 558 1511 557 1511 555 1511 530 1524 499 1511 497 1511 420 1511 418 1511 357 1526 346 1518 344 1518 342 1518 340 1518 196 1529 198 1571"/></Shape>
	    <String CONTENT="او صيال عشر اول از امامان"
                    HPOS="196"
                    VPOS="1511"
                    WIDTH="449"
                    HEIGHT="94"
                    WC="0.9020002913475037"></String>
          </TextLine>

          
          
          <TextLine ID="eSc_line_a2927ee7"
                    TAGREFS="LT4834"
                    BASELINE="959 1661 1175 1653" 
                    HPOS="957"
                    VPOS="1592"
                    WIDTH="218"
                    HEIGHT="92">
            <Shape><Polygon POINTS="959 1661 959 1670 1007 1684 1009 1684 1011 1684 1175 1662 1175 1653 1172 1612 1080 1610 1060 1592 1058 1592 1056 1592 1011 1592 1009 1592 1007 1592 957 1616 959 1661"/></Shape>
	    <String CONTENT="اضافی و تقيقی"
                    HPOS="957"
                    VPOS="1592"
                    WIDTH="218"
                    HEIGHT="92"
                    WC="0.8900925471232488"></String>
          </TextLine>

          
          
          <TextLine ID="eSc_line_503cdd67"
                    TAGREFS="LT4834"
                    BASELINE="214 1772 238 1772" 
                    HPOS="214"
                    VPOS="1720"
                    WIDTH="24"
                    HEIGHT="76">
            <Shape><Polygon POINTS="214 1772 214 1785 234 1796 238 1772 236 1720 214 1722 214 1772"/></Shape>
	    <String CONTENT=""
                    HPOS="214"
                    VPOS="1720"
                    WIDTH="24"
                    HEIGHT="76"></String>
          </TextLine>

          
          
          <TextLine ID="eSc_line_07f18454"
                    TAGREFS="LT4834"
                    BASELINE="952 1279 1164 1270" 
                    HPOS="948"
                    VPOS="1214"
                    WIDTH="216"
                    HEIGHT="97">
            <Shape><Polygon POINTS="952 1279 952 1291 982 1311 984 1311 986 1311 988 1311 989 1311 991 1311 1022 1289 1076 1308 1078 1308 1080 1308 1081 1308 1164 1279 1164 1270 1159 1214 1121 1216 1119 1216 1117 1216 1117 1217 1114 1219 1096 1239 1067 1226 1045 1219 1044 1219 1042 1219 1040 1219 1009 1235 998 1243 948 1244 952 1279"/></Shape>
	    <String CONTENT="آدم و آمش"
                    HPOS="948"
                    VPOS="1214"
                    WIDTH="216"
                    HEIGHT="97"
                    WC="0.9446026845411821"></String>
          </TextLine>

          
          
          <TextLine ID="eSc_line_ffc7caba"
                    TAGREFS="LT4834"
                    BASELINE="948 1378 1164 1367" 
                    HPOS="944"
                    VPOS="1322"
                    WIDTH="220"
                    HEIGHT="90">
            <Shape><Polygon POINTS="948 1378 948 1398 979 1412 980 1412 982 1412 1054 1399 1087 1407 1089 1407 1090 1407 1092 1407 1094 1407 1117 1389 1164 1387 1164 1367 1161 1333 1094 1322 1092 1322 1090 1322 1056 1335 1047 1338 1040 1335 1020 1326 1018 1326 1016 1326 944 1336 948 1378"/></Shape>
	    <String CONTENT="آدم سرندى"
                    HPOS="944"
                    VPOS="1322"
                    WIDTH="220"
                    HEIGHT="90"
                    WC="0.8328370243310929"></String>
          </TextLine>

          
          
          <TextLine ID="eSc_line_d79ee1b6"
                    TAGREFS="LT4834"
                    BASELINE="989 1462 1168 1459" 
                    HPOS="988"
                    VPOS="1414"
                    WIDTH="180"
                    HEIGHT="70">
            <Shape><Polygon POINTS="989 1462 989 1471 1020 1484 1022 1484 1024 1484 1166 1471 1168 1459 1166 1423 1152 1414 1150 1414 1148 1414 1146 1414 1076 1425 1024 1416 1022 1416 1020 1416 988 1426 989 1462"/></Shape>
	    <String CONTENT="اصفهان"
                    HPOS="988"
                    VPOS="1414"
                    WIDTH="180"
                    HEIGHT="70"
                    WC="0.9738996724287668"></String>
          </TextLine>

          
          
          <TextLine ID="eSc_line_40c4c64f"
                    TAGREFS="LT4834"
                    BASELINE="937 1560 1177 1553" 
                    HPOS="935"
                    VPOS="1488"
                    WIDTH="242"
                    HEIGHT="93">
            <Shape><Polygon POINTS="937 1560 937 1571 995 1581 997 1581 1060 1569 1069 1567 1076 1569 1105 1576 1107 1576 1108 1576 1177 1565 1177 1553 1173 1507 1006 1488 1004 1488 1002 1488 1000 1488 1000 1489 977 1513 977 1515 935 1515 937 1560"/></Shape>
	    <String CONTENT="اضافات هر گونه"
                    HPOS="935"
                    VPOS="1488"
                    WIDTH="242"
                    HEIGHT="93"
                    WC="0.9401946152959552"></String>
          </TextLine>

          
          
          <TextLine ID="eSc_line_737710b7"
                    TAGREFS="LT4834"
                    BASELINE="200 1670 263 1664" 
                    HPOS="194"
                    VPOS="1625"
                    WIDTH="69"
                    HEIGHT="64">
            <Shape><Polygon POINTS="200 1670 200 1680 239 1689 241 1689 243 1689 245 1689 263 1675 263 1664 257 1625 194 1625 200 1670"/></Shape>
	    <String CONTENT=""
                    HPOS="194"
                    VPOS="1625"
                    WIDTH="69"
                    HEIGHT="64"></String>
          </TextLine>

          
          
          <TextLine ID="eSc_line_48c0bcba"
                    TAGREFS="LT4834"
                    BASELINE="739 1767 813 1762" 
                    HPOS="735"
                    VPOS="1724"
                    WIDTH="78"
                    HEIGHT="66">
            <Shape><Polygon POINTS="739 1767 739 1783 759 1790 760 1790 762 1790 764 1790 813 1776 813 1762 809 1724 735 1724 739 1767"/></Shape>
	    <String CONTENT="ع"
                    HPOS="735"
                    VPOS="1724"
                    WIDTH="78"
                    HEIGHT="66"
                    WC="0.9565171003341675"></String>
          </TextLine>

          
          
          <TextLine ID="eSc_line_7bf9017f"
                    TAGREFS="LT4834"
                    BASELINE="750 1862 863 1859" 
                    HPOS="748"
                    VPOS="1823"
                    WIDTH="115"
                    HEIGHT="86">
            <Shape><Polygon POINTS="820 1852 802 1852 784 1852 766 1859 760 1837 748 1835 750 1862 750 1898 769 1909 771 1909 773 1909 775 1909 796 1902 818 1893 831 1906 834 1907 834 1909 836 1909 838 1909 840 1909 863 1907 863 1859 860 1825 824 1823 822 1823 820 1823 820 1852"/></Shape>
	    <String CONTENT=""
                    HPOS="748"
                    VPOS="1823"
                    WIDTH="115"
                    HEIGHT="86"></String>
          </TextLine>

          
        </TextBlock>
        
        <TextBlock HPOS="750"
                   VPOS="872"
                   WIDTH="214"
                   HEIGHT="228"
                   ID="eSc_textblock_60ef1489"
                   TAGREFS="BT16064">
          <Shape><Polygon POINTS="836 872 957 893 921 915 935 935 899 929 964 980 935 1008 928 1093 793 1100 757 1071 829 1035 750 972 858 942 778 906 879 891 836 872"/></Shape>
          
          
          <TextLine ID="eSc_line_27d0bfa8"
                    TAGREFS="LT4834"
                    BASELINE="728 1081 809 1077" 
                    HPOS="726"
                    VPOS="1048"
                    WIDTH="83"
                    HEIGHT="54">
            <Shape><Polygon POINTS="780 1057 762 1073 755 1050 726 1052 728 1081 728 1091 764 1102 766 1102 768 1102 769 1102 809 1086 809 1077 804 1048 796 1048 780 1057"/></Shape>
	    <String CONTENT=""
                    HPOS="726"
                    VPOS="1048"
                    WIDTH="83"
                    HEIGHT="54"></String>
          </TextLine>

          
        </TextBlock>
        
        <TextBlock HPOS="180"
                   VPOS="807"
                   WIDTH="20"
                   HEIGHT="34"
                   ID="eSc_textblock_0072fdb7"
                   TAGREFS="BT16060">
          <Shape><Polygon POINTS="198 807 200 841 180 841 187 814 198 807"/></Shape>
          
        </TextBlock>
        
        <TextBlock HPOS="173"
                   VPOS="1095"
                   WIDTH="532"
                   HEIGHT="70"
                   ID="eSc_textblock_c0b79887"
                   TAGREFS="BT16060">
          <Shape><Polygon POINTS="393 1095 668 1102 705 1144 591 1165 173 1129 393 1095"/></Shape>
          
        </TextBlock>
        
        <TextBlock HPOS="1087"
                   VPOS="1044"
                   WIDTH="86"
                   HEIGHT="20"
                   ID="eSc_textblock_079fffdf"
                   TAGREFS="BT16060">
          <Shape><Polygon POINTS="1087 1044 1173 1044 1173 1057 1132 1064 1087 1044"/></Shape>
          
        </TextBlock>
        
        <TextBlock HPOS="764"
                   VPOS="1852"
                   WIDTH="70"
                   HEIGHT="19"
                   ID="eSc_textblock_257695c8"
                   TAGREFS="BT16061">
          <Shape><Polygon POINTS="771 1852 834 1852 834 1864 764 1871 771 1852"/></Shape>
          
        </TextBlock>
        
        <TextBlock HPOS="793"
                   VPOS="699"
                   WIDTH="359"
                   HEIGHT="55"
                   ID="eSc_textblock_a075fcce"
                   TAGREFS="BT16063">
          <Shape><Polygon POINTS="905 699 1108 706 1152 733 1101 754 793 733 800 713 899 720 905 699"/></Shape>
          
        </TextBlock>
        
        <TextBlock HPOS="988"
                   VPOS="756"
                   WIDTH="34"
                   HEIGHT="63"
                   ID="eSc_textblock_b91f9380"
                   TAGREFS="BT16063">
          <Shape><Polygon POINTS="998 756 1022 799 1007 819 988 812 998 756"/></Shape>
          
        </TextBlock>
        
        <TextBlock HPOS="901"
                   VPOS="626"
                   WIDTH="229"
                   HEIGHT="35"
                   ID="eSc_textblock_4b5cd3b1"
                   TAGREFS="BT16063">
          <Shape><Polygon POINTS="984 626 1123 626 1130 639 1101 661 901 646 984 626"/></Shape>
          
        </TextBlock>
        
        <TextBlock HPOS="1125"
                   VPOS="785"
                   WIDTH="12"
                   HEIGHT="13"
                   ID="eSc_textblock_ce9f775a"
                   TAGREFS="BT16063">
          <Shape><Polygon POINTS="1128 785 1137 790 1125 798 1125 785 1128 785"/></Shape>
          
        </TextBlock>
        
        <TextBlock HPOS="310"
                   VPOS="699"
                   WIDTH="77"
                   HEIGHT="5"
                   ID="eSc_textblock_dba09a9a"
                   TAGREFS="BT16064">
          <Shape><Polygon POINTS="315 699 387 699 387 704 310 704 315 699"/></Shape>
          
        </TextBlock>
        
        <TextBlock HPOS="310"
                   VPOS="663"
                   WIDTH="200"
                   HEIGHT="27"
                   ID="eSc_textblock_35333171"
                   TAGREFS="BT16064">
          <Shape><Polygon POINTS="310 663 495 663 510 682 310 690 310 663"/></Shape>
          
        </TextBlock>
        
        <TextBlock HPOS="598"
                   VPOS="670"
                   WIDTH="121"
                   HEIGHT="12"
                   ID="eSc_textblock_571b53a1"
                   TAGREFS="BT16064">
          <Shape><Polygon POINTS="613 670 719 670 719 682 598 682 613 670"/></Shape>
          
        </TextBlock>
        
        <TextBlock HPOS="791"
                   VPOS="699"
                   WIDTH="36"
                   HEIGHT="12"
                   ID="eSc_textblock_1597e3c5"
                   TAGREFS="BT16064">
          <Shape><Polygon POINTS="791 699 827 699 827 711 800 711 791 699"/></Shape>
          
        </TextBlock>
        
        <TextBlock HPOS="923"
                   VPOS="879"
                   WIDTH="5"
                   HEIGHT="5"
                   ID="eSc_textblock_12e6cf9a"
                   TAGREFS="BT16064">
          <Shape><Polygon POINTS="928 881 928 884 923 884 923 879 928 881"/></Shape>
          
        </TextBlock>
        
        <TextBlock HPOS="771"
                   VPOS="663"
                   WIDTH="316"
                   HEIGHT="27"
                   ID="eSc_textblock_5bdf89ba"
                   TAGREFS="BT16064">
          <Shape><Polygon POINTS="800 663 1065 663 1087 690 771 690 800 663"/></Shape>
          
        </TextBlock>
        
        <TextBlock HPOS="1031"
                   VPOS="807"
                   WIDTH="13"
                   HEIGHT="5"
                   ID="eSc_textblock_20c268fa"
                   TAGREFS="BT16064">
          <Shape><Polygon POINTS="1036 807 1044 807 1044 812 1031 812 1036 807"/></Shape>
          
        </TextBlock>
        
        <TextBlock HPOS="266"
                   VPOS="1095"
                   WIDTH="6"
                   HEIGHT="5"
                   ID="eSc_textblock_8682db13"
                   TAGREFS="BT16064">
          <Shape><Polygon POINTS="272 1097 272 1100 266 1100 266 1095 272 1097"/></Shape>
          
        </TextBlock>
        
        <TextBlock HPOS="252"
                   VPOS="994"
                   WIDTH="157"
                   HEIGHT="27"
                   ID="eSc_textblock_7473a323"
                   TAGREFS="BT16064">
          <Shape><Polygon POINTS="266 994 409 1008 409 1014 288 1021 252 1007 266 994"/></Shape>
          
        </TextBlock>
        
        <TextBlock HPOS="259"
                   VPOS="951"
                   WIDTH="446"
                   HEIGHT="27"
                   ID="eSc_textblock_2663da89"
                   TAGREFS="BT16064">
          <Shape><Polygon POINTS="367 951 690 958 705 978 259 978 367 951"/></Shape>
          
        </TextBlock>
        
        <TextBlock HPOS="627"
                   VPOS="1059"
                   WIDTH="49"
                   HEIGHT="5"
                   ID="eSc_textblock_eb78c92e"
                   TAGREFS="BT16064">
          <Shape><Polygon POINTS="634 1059 676 1059 676 1064 627 1064 634 1059"/></Shape>
          
        </TextBlock>
        
        <TextBlock HPOS="923"
                   VPOS="1174"
                   WIDTH="27"
                   HEIGHT="6"
                   ID="eSc_textblock_951492c7"
                   TAGREFS="BT16064">
          <Shape><Polygon POINTS="930 1174 950 1174 950 1180 923 1180 930 1174"/></Shape>
          
        </TextBlock>
        
        <TextBlock HPOS="771"
                   VPOS="1744"
                   WIDTH="6"
                   HEIGHT="5"
                   ID="eSc_textblock_92f14659"
                   TAGREFS="BT16059">
          <Shape><Polygon POINTS="775 1744 777 1749 771 1749 771 1744 775 1744"/></Shape>
          
        </TextBlock>
        
        <TextBlock HPOS="764"
                   VPOS="1073"
                   WIDTH="63"
                   HEIGHT="20"
                   ID="eSc_textblock_517dec68"
                   TAGREFS="BT16059">
          <Shape><Polygon POINTS="804 1073 827 1079 813 1093 764 1093 804 1073"/></Shape>
          
        </TextBlock>
        
        <TextBlock HPOS="807"
                   VPOS="1059"
                   WIDTH="20"
                   HEIGHT="5"
                   ID="eSc_textblock_53d124fd"
                   TAGREFS="BT16059">
          <Shape><Polygon POINTS="811 1059 827 1059 827 1064 807 1064 811 1059"/></Shape>
          
        </TextBlock>
        

        
        <TextBlock ID="eSc_dummyblock_">
          
          
          <TextLine ID="eSc_line_03830b83"
                    TAGREFS="LT4834"
                    BASELINE="185 695 326 693" 
                    HPOS="183"
                    VPOS="664"
                    WIDTH="143"
                    HEIGHT="62">
            <Shape><Polygon POINTS="185 695 187 726 223 711 248 718 265 724 266 724 268 724 324 709 326 693 320 664 183 664 185 695"/></Shape>
	    <String CONTENT="عاا"
                    HPOS="183"
                    VPOS="664"
                    WIDTH="143"
                    HEIGHT="62"
                    WC="0.9528706073760986"></String>
          </TextLine>

          
          
          <TextLine ID="eSc_line_13775efd"
                    TAGREFS="LT4834"
                    BASELINE="429 695 614 691" 
                    HPOS="427"
                    VPOS="648"
                    WIDTH="187"
                    HEIGHT="87">
            <Shape><Polygon POINTS="429 695 429 711 566 735 567 735 569 735 614 708 614 691 609 648 427 655 429 695"/></Shape>
	    <String CONTENT="انام زمان"
                    HPOS="427"
                    VPOS="648"
                    WIDTH="187"
                    HEIGHT="87"
                    WC="0.9276099337471856"></String>
          </TextLine>

          
          
          <TextLine ID="eSc_line_39295f34"
                    TAGREFS="LT4834"
                    BASELINE="715 695 822 690" 
                    HPOS="712"
                    VPOS="654"
                    WIDTH="110"
                    HEIGHT="77">
            <Shape><Polygon POINTS="715 695 715 715 741 731 742 731 744 731 746 731 780 729 782 729 784 729 822 704 822 690 818 657 712 654 715 695"/></Shape>
	    <String CONTENT=""
                    HPOS="712"
                    VPOS="654"
                    WIDTH="110"
                    HEIGHT="77"></String>
          </TextLine>

          
          
          <TextLine ID="eSc_line_e4ab0f52"
                    TAGREFS="LT4834"
                    BASELINE="874 693 1155 688" 
                    HPOS="870"
                    VPOS="634"
                    WIDTH="285"
                    HEIGHT="92">
            <Shape><Polygon POINTS="874 693 874 715 906 713 919 718 934 726 935 726 937 726 966 720 1007 711 1047 722 1062 726 1063 726 1065 726 1155 724 1155 688 1150 634 1062 648 1044 635 1040 634 1038 634 1036 634 991 634 989 634 988 634 986 634 980 639 964 650 870 643 874 693"/></Shape>
	    <String CONTENT="آبار آسمانها"
                    HPOS="870"
                    VPOS="634"
                    WIDTH="285"
                    HEIGHT="92"
                    WC="0.8653915779931205"></String>
          </TextLine>

          
          
          <TextLine ID="eSc_line_db43babb"
                    TAGREFS="LT4834"
                    BASELINE="198 789 613 790" 
                    HPOS="198"
                    VPOS="747"
                    WIDTH="415"
                    HEIGHT="83">
            <Shape><Polygon POINTS="198 789 198 826 248 805 308 808 310 808 311 808 313 808 328 799 393 799 416 816 430 826 432 826 434 826 436 826 438 826 439 826 461 812 477 801 490 812 512 828 513 828 515 828 517 830 573 830 573 828 575 828 577 828 611 805 613 790 611 753 519 747 517 747 515 747 486 754 452 765 329 765 324 760 310 747 308 747 306 747 304 747 198 762 198 789"/></Shape>
	    <String CONTENT=" امام"
                    HPOS="198"
                    VPOS="747"
                    WIDTH="415"
                    HEIGHT="83"
                    WC="0.8763210654258728"></String>
          </TextLine>

          
          
          <TextLine ID="eSc_line_6f4e6436"
                    TAGREFS="LT4834"
                    BASELINE="733 790 773 787" 
                    HPOS="730"
                    VPOS="749"
                    WIDTH="43"
                    HEIGHT="58">
            <Shape><Polygon POINTS="733 790 735 807 773 805 773 787 768 749 730 751 733 790"/></Shape>
	    <String CONTENT=""
                    HPOS="730"
                    VPOS="749"
                    WIDTH="43"
                    HEIGHT="58"></String>
          </TextLine>

          
          
          <TextLine ID="eSc_line_8943b50d"
                    TAGREFS="LT4834"
                    BASELINE="1002 794 1152 783" 
                    HPOS="998"
                    VPOS="731"
                    WIDTH="154"
                    HEIGHT="97">
            <Shape><Polygon POINTS="1002 794 1006 828 1076 803 1090 810 1107 817 1108 817 1110 817 1112 817 1152 796 1152 783 1144 740 1117 745 1114 742 1101 731 1099 731 1098 731 1096 731 1069 733 1067 733 998 754 1002 794"/></Shape>
	    <String CONTENT="ابرار ميم"
                    HPOS="998"
                    VPOS="731"
                    WIDTH="154"
                    HEIGHT="97"
                    WC="0.8756484124395583"></String>
          </TextLine>

          
          
          <TextLine ID="eSc_line_3e235ad4"
                    TAGREFS="LT4834"
                    BASELINE="180 893 625 890" 
                    HPOS="178"
                    VPOS="835"
                    WIDTH="447"
                    HEIGHT="94">
            <Shape><Polygon POINTS="180 893 180 911 283 929 284 929 286 929 317 915 465 927 467 927 468 927 470 927 481 918 535 924 537 924 539 924 540 924 557 911 591 918 593 918 595 918 625 908 625 890 623 853 586 843 584 843 582 843 504 850 486 835 485 835 483 835 432 835 430 835 429 835 427 835 409 850 382 841 380 841 378 841 376 841 375 841 362 850 320 843 319 843 178 855 180 893"/></Shape>
	    <String CONTENT="امامان له عشرتانى از امامان"
                    HPOS="178"
                    VPOS="835"
                    WIDTH="447"
                    HEIGHT="94"
                    WC="0.896185181759022"></String>
          </TextLine>

          
          
          <TextLine ID="eSc_line_80193658"
                    TAGREFS="LT4834"
                    BASELINE="733 891 780 888" 
                    HPOS="728"
                    VPOS="843"
                    WIDTH="52"
                    HEIGHT="63">
            <Shape><Polygon POINTS="733 891 733 897 746 906 748 906 750 906 751 906 753 906 780 895 780 888 775 843 728 843 733 891"/></Shape>
	    <String CONTENT=""
                    HPOS="728"
                    VPOS="843"
                    WIDTH="52"
                    HEIGHT="63"></String>
          </TextLine>

          
          
          <TextLine ID="eSc_line_4895c215"
                    TAGREFS="LT4834"
                    BASELINE="1018 899 1148 888" 
                    HPOS="1015"
                    VPOS="828"
                    WIDTH="133"
                    HEIGHT="96">
            <Shape><Polygon POINTS="1018 899 1018 908 1058 924 1060 924 1062 924 1090 920 1092 920 1094 920 1094 918 1096 918 1107 904 1108 902 1148 902 1148 888 1143 843 1099 828 1098 828 1096 828 1094 828 1092 828 1092 830 1062 859 1056 864 1015 866 1018 899"/></Shape>
	    <String CONTENT="ابل"
                    HPOS="1015"
                    VPOS="828"
                    WIDTH="133"
                    HEIGHT="96"
                    WC="0.7961341540018717"></String>
          </TextLine>

          
          
          <TextLine ID="eSc_line_27f2ea91"
                    TAGREFS="LT4834"
                    BASELINE="185 990 286 989" 
                    HPOS="183"
                    VPOS="947"
                    WIDTH="103"
                    HEIGHT="74">
            <Shape><Polygon POINTS="185 990 185 1012 223 1021 225 1021 227 1021 286 996 286 989 283 962 227 947 225 947 183 956 185 990"/></Shape>
	    <String CONTENT=""
                    HPOS="183"
                    VPOS="947"
                    WIDTH="103"
                    HEIGHT="74"></String>
          </TextLine>

          
          
          <TextLine ID="eSc_line_ab4e3e6d"
                    TAGREFS="LT4834"
                    BASELINE="342 989 623 981" 
                    HPOS="340"
                    VPOS="926"
                    WIDTH="283"
                    HEIGHT="99">
            <Shape><Polygon POINTS="342 989 342 1010 411 1025 412 1025 414 1025 470 1010 501 1017 503 1017 504 1017 622 1003 623 981 622 945 609 938 607 938 605 938 604 938 602 938 569 947 549 931 548 931 546 931 479 926 477 926 418 927 416 927 414 927 414 929 391 953 391 954 340 954 342 989"/></Shape>
	    <String CONTENT="اقهات اطباتع"
                    HPOS="340"
                    VPOS="926"
                    WIDTH="283"
                    HEIGHT="99"
                    WC="0.8902472381790479"></String>
          </TextLine>

          
          
          <TextLine ID="eSc_line_e1257d10"
                    TAGREFS="LT4834"
                    BASELINE="185 1086 261 1082" 
                    HPOS="182"
                    VPOS="1035"
                    WIDTH="79"
                    HEIGHT="80">
            <Shape><Polygon POINTS="185 1086 185 1106 219 1115 221 1115 223 1115 261 1097 261 1082 256 1035 182 1044 185 1086"/></Shape>
	    <String CONTENT=""
                    HPOS="182"
                    VPOS="1035"
                    WIDTH="79"
                    HEIGHT="80"></String>
          </TextLine>

          
          
          <TextLine ID="eSc_line_b7b82b4b"
                    TAGREFS="LT4834"
                    BASELINE="719 985 807 980" 
                    HPOS="717"
                    VPOS="945"
                    WIDTH="90"
                    HEIGHT="60">
            <Shape><Polygon POINTS="789 960 771 965 753 978 750 953 717 945 719 985 719 1005 806 989 807 980 802 954 789 960"/></Shape>
	    <String CONTENT=""
                    HPOS="717"
                    VPOS="945"
                    WIDTH="90"
                    HEIGHT="60"></String>
          </TextLine>

          
          
          <TextLine ID="eSc_line_d60c6100"
                    TAGREFS="LT4834"
                    BASELINE="1009 978 1155 974" 
                    HPOS="1007"
                    VPOS="927"
                    WIDTH="148"
                    HEIGHT="74">
            <Shape><Polygon POINTS="1009 978 1009 987 1071 1001 1072 1001 1074 1001 1099 992 1114 987 1123 992 1132 999 1134 999 1135 999 1137 999 1139 999 1155 994 1155 974 1148 927 1072 953 1007 953 1009 978"/></Shape>
	    <String CONTENT="آخرت"
                    HPOS="1007"
                    VPOS="927"
                    WIDTH="148"
                    HEIGHT="74"
                    WC="0.9707047939300537"></String>
          </TextLine>

          
          
          <TextLine ID="eSc_line_529c5749"
                    TAGREFS="LT4834"
                    BASELINE="400 1086 631 1079" 
                    HPOS="398"
                    VPOS="1037"
                    WIDTH="233"
                    HEIGHT="85">
            <Shape><Polygon POINTS="400 1086 400 1106 508 1122 510 1122 631 1100 631 1079 627 1043 551 1041 549 1041 548 1041 546 1041 539 1048 535 1050 533 1048 517 1037 515 1037 513 1037 512 1037 398 1055 400 1086"/></Shape>
	    <String CONTENT="امير چيدر مسعود"
                    HPOS="398"
                    VPOS="1037"
                    WIDTH="233"
                    HEIGHT="85"
                    WC="0.8648221214612325"></String>
          </TextLine>

          
          
          <TextLine ID="eSc_line_f77ba2e1"
                    TAGREFS="LT4834"
                    BASELINE="959 1082 1164 1075" 
                    HPOS="957"
                    VPOS="1010"
                    WIDTH="207"
                    HEIGHT="99">
            <Shape><Polygon POINTS="959 1082 959 1095 1006 1109 1007 1109 1009 1109 1164 1088 1164 1075 1161 1021 1117 1010 1116 1010 1114 1010 1112 1010 1112 1012 1098 1026 1096 1026 1094 1026 1080 1016 1078 1016 1076 1016 1074 1016 1072 1016 1042 1023 1018 1014 1016 1014 1015 1014 1013 1014 1011 1014 1011 1016 991 1035 989 1039 957 1039 959 1082"/></Shape>
	    <String CONTENT="آخو الرسول"
                    HPOS="957"
                    VPOS="1010"
                    WIDTH="207"
                    HEIGHT="99"
                    WC="0.8924339576201006"></String>
          </TextLine>

          
          
          <TextLine ID="eSc_line_b17237b5"
                    TAGREFS="LT4834"
                    BASELINE="201 1183 241 1183" 
                    HPOS="201"
                    VPOS="1140"
                    WIDTH="40"
                    HEIGHT="68">
            <Shape><Polygon POINTS="201 1183 201 1199 239 1208 241 1183 241 1145 201 1140 201 1183"/></Shape>
	    <String CONTENT=""
                    HPOS="201"
                    VPOS="1140"
                    WIDTH="40"
                    HEIGHT="68"></String>
          </TextLine>

          
          
          <TextLine ID="eSc_line_b38d65e6"
                    TAGREFS="LT4834"
                    BASELINE="468 1180 629 1174" 
                    HPOS="467"
                    VPOS="1136"
                    WIDTH="162"
                    HEIGHT="72">
            <Shape><Polygon POINTS="468 1180 468 1189 539 1207 540 1208 571 1208 571 1207 573 1207 575 1207 575 1205 586 1194 593 1189 627 1196 629 1174 623 1136 517 1153 510 1149 497 1140 495 1140 494 1140 492 1140 490 1140 467 1151 468 1180"/></Shape>
	    <String CONTENT="اا"
                    HPOS="467"
                    VPOS="1136"
                    WIDTH="162"
                    HEIGHT="72"
                    WC="0.9890464246273041"></String>
          </TextLine>

          
          
          <TextLine ID="eSc_line_52200314"
                    TAGREFS="LT4834"
                    BASELINE="735 1178 943 1174" 
                    HPOS="733"
                    VPOS="1126"
                    WIDTH="210"
                    HEIGHT="84">
            <Shape><Polygon POINTS="735 1178 735 1208 824 1208 825 1208 851 1198 939 1210 943 1174 939 1144 858 1144 852 1140 831 1126 829 1126 827 1126 825 1126 824 1126 791 1138 775 1126 773 1126 771 1126 769 1126 768 1126 733 1135 735 1178"/></Shape>
	    <String CONTENT="ه"
                    HPOS="733"
                    VPOS="1126"
                    WIDTH="210"
                    HEIGHT="84"
                    WC="0.9400863647460938"></String>
          </TextLine>

          
        </TextBlock>
        
      </PrintSpace>
    </Page>
  </Layout>
</alto>
